# Blender 5.2.2 LTS
# www.blender.org
mtllib character 1 model.mtl
o Cube
v 3.930109 0.384228 3.948128
v -3.930109 0.384228 3.948127
v -3.930109 0.257938 -3.909092
v 3.930109 0.257938 -3.909091
v 12.318077 1.536911 12.390152
v -12.318077 1.536911 12.390152
v -12.318077 1.031752 -12.234009
v 12.318077 1.031752 -12.234009
v 11.132504 10.417044 12.267667
v -11.086109 10.375826 12.284437
v -11.292753 10.231773 -12.264004
v 11.034091 10.341602 -12.269593
v 8.028078 23.371946 9.151229
v -7.981681 23.330730 9.167999
v -8.188325 23.270866 -9.173586
v 7.929663 23.380697 -9.179176
v 10.304651 18.698853 14.797251
v -10.119068 18.533983 14.864333
v -10.945645 18.294535 -14.886691
v 9.910995 18.733849 -14.909049
v 4.318923 25.471807 4.318924
v -4.318923 25.471807 4.318925
v -4.318923 25.471807 -4.318921
v 4.318923 25.471807 -4.318921
v 3.503781 26.939226 3.492737
v -3.503781 26.939226 3.492737
v -3.503781 27.377848 -3.492733
v 3.503781 27.377848 -3.492733
v 11.069309 27.034084 11.051195
v -11.069309 27.034084 11.051195
v -11.069309 29.840183 -10.870471
v 11.069309 29.840183 -10.870471
v 12.726262 28.731613 13.177695
v -12.726262 28.731611 13.177694
v -12.726262 33.892590 -11.701567
v 12.726262 33.892586 -11.701566
v 12.010427 37.332630 13.219930
v -12.010427 37.332634 13.219930
v -12.202519 40.693714 -10.369905
v 12.202519 40.693710 -10.369904
v 22.279491 55.655785 21.415375
v -10.579877 50.974762 9.967323
v -10.868016 52.486542 -10.383996
v 25.737160 57.869728 -23.477428
v 8.839915 -7.174760 -12.702954
v -8.376908 -7.267795 -12.702954
v -8.747096 -7.293093 12.976205
v 8.233343 -7.224782 12.976205
v 5.188496 -16.107510 -7.588694
v -5.188496 -16.107510 -7.588693
v -5.188496 -10.993102 -16.457294
v 5.188496 -10.993102 -16.457294
v 3.830243 -22.347017 -10.498934
v -4.031638 -22.367563 -10.498935
v -3.761887 -21.026974 -18.418707
v 4.103291 -21.029764 -18.418709
v 4.247304 -4.722234 1.654597
v -4.247304 -4.722233 1.654597
v -4.247304 1.258527 -4.377721
v 4.247304 1.258527 -4.377721
v 5.445043 -29.263638 -8.287645
v -6.250625 -29.345814 -8.287645
v -5.171619 -29.297321 -21.267059
v 6.537234 -29.308481 -21.267059
v 7.229369 -36.388309 -7.402064
v -7.430764 -36.408855 -7.402065
v -7.161013 -36.103191 -22.377487
v 7.502417 -36.105980 -22.377487
v 8.805943 -49.426319 -6.731499
v -8.805943 -49.426319 -6.731499
v -8.805943 -48.613102 -24.322182
v 8.805943 -48.613102 -24.322180
v 3.720565 13.701736 -6.798525
v -3.712878 13.694125 -6.799595
v -3.720565 21.055141 -5.764453
v 3.712878 21.062752 -5.763382
v 4.138637 15.235879 -21.726492
v -4.130085 15.227373 -21.726606
v -4.138637 23.451206 -21.617546
v 4.130085 23.459713 -21.617432
v 6.047379 13.174120 -28.373800
v -6.035192 13.162385 -28.368576
v -6.047379 25.146524 -29.751953
v 6.035192 25.158260 -29.757177
v 2.993832 15.111178 -35.158768
v -3.008327 15.108353 -35.135380
v -3.012081 21.074032 -35.687378
v 2.990078 21.076857 -35.710766
v -1.853511 19.734972 -63.302540
v -2.709938 19.343126 -61.979889
v -2.919136 20.634007 -61.691803
v -1.441531 20.799751 -62.013252
v -0.494015 18.278770 -63.076557
v 0.820990 18.520487 -63.468346
v 0.493759 19.748707 -63.081928
v -0.823190 19.499853 -63.646099
v 1.054816 17.360836 -61.895813
v 2.375997 17.449720 -61.364330
v 2.358855 18.678785 -61.623131
v 1.694975 18.327343 -63.141823
v 2.157434 17.505344 -64.528259
v 2.722666 17.419880 -64.393478
v 2.822112 17.996237 -64.446045
v 2.256880 18.081701 -64.580833
v -0.131099 18.561659 -65.579018
v 0.406960 18.559227 -65.550835
v 0.412194 19.095322 -65.604553
v -0.125864 19.097752 -65.632729
v -1.567697 19.807346 -65.538101
v -2.190699 19.807346 -65.672508
v -2.189557 20.444658 -65.677795
v -1.566555 20.444658 -65.543388
v 2.364585 17.484909 -65.100098
v 2.776733 17.421770 -65.009926
v 2.851438 17.838741 -65.059891
v 2.439291 17.901884 -65.150070
v 5.188496 -16.107510 -7.588694
v -5.188496 -16.107510 -7.588693
v -5.188496 -10.993102 -16.457294
v 5.188496 -10.993102 -16.457294
v 3.830243 -22.347017 -10.498934
v -4.031638 -22.367563 -10.498935
v -3.761887 -21.026974 -18.418707
v 4.103291 -21.029764 -18.418709
v 4.247304 -4.722234 1.654597
v -4.247304 -4.722233 1.654597
v -4.247304 1.258527 -4.377721
v 4.247304 1.258527 -4.377721
v 5.445043 -29.263638 -8.287645
v -6.250625 -29.345814 -8.287645
v -5.171619 -29.297321 -21.267059
v 6.537234 -29.308481 -21.267059
v 7.229369 -36.388309 -7.402064
v -7.430764 -36.408855 -7.402065
v -7.161013 -36.103191 -22.377487
v 7.502417 -36.105980 -22.377487
v 8.805943 -49.426319 -6.731499
v -8.805943 -49.426319 -6.731499
v -8.805943 -48.613102 -24.322182
v 8.805943 -48.613102 -24.322180
v 3.712877 13.694124 -6.799595
v -3.720565 13.701736 -6.798525
v -3.712878 21.062752 -5.763382
v 3.720565 21.055140 -5.764453
v 4.130085 15.227374 -21.726606
v -4.138637 15.235879 -21.726492
v -4.130085 23.459713 -21.617432
v 4.138637 23.451208 -21.617546
v 6.035192 13.162385 -28.368574
v -6.047379 13.174120 -28.373800
v -6.035192 25.158262 -29.757179
v 6.047379 25.146526 -29.751953
v 3.008327 15.108352 -35.135380
v -2.993832 15.111178 -35.158772
v -2.990078 21.076857 -35.710766
v 3.012080 21.074030 -35.687374
v 2.709938 19.343128 -61.979885
v 1.853511 19.734972 -63.302540
v 1.441531 20.799751 -62.013252
v 2.919136 20.634005 -61.691803
v -0.820990 18.520483 -63.468338
v 0.494015 18.278770 -63.076557
v 0.823190 19.499855 -63.646099
v -0.493759 19.748707 -63.081932
v -2.375997 17.449720 -61.364326
v -1.054816 17.360836 -61.895809
v -1.694975 18.327345 -63.141827
v -2.358856 18.678785 -61.623131
v -2.722666 17.419882 -64.393478
v -2.157434 17.505342 -64.528259
v -2.256880 18.081703 -64.580826
v -2.822112 17.996239 -64.446045
v -0.406960 18.559227 -65.550835
v 0.131099 18.561659 -65.579018
v 0.125864 19.097752 -65.632729
v -0.412194 19.095322 -65.604546
v 2.190699 19.807346 -65.672508
v 1.567697 19.807346 -65.538101
v 1.566555 20.444658 -65.543388
v 2.189557 20.444658 -65.677795
v -2.776733 17.421770 -65.009926
v -2.364585 17.484909 -65.100098
v -2.439291 17.901882 -65.150063
v -2.851438 17.838741 -65.059898
v 5.188496 -16.107510 -7.588694
v -5.188496 -16.107510 -7.588693
v -5.188496 -10.993102 -16.457294
v 5.188496 -10.993102 -16.457294
v 3.830243 -22.347017 -10.498934
v -4.031638 -22.367563 -10.498935
v -3.761887 -21.026974 -18.418707
v 4.103291 -21.029764 -18.418709
v 4.247304 -4.722234 1.654597
v -4.247304 -4.722233 1.654597
v -4.247304 1.258527 -4.377721
v 4.247304 1.258527 -4.377721
v 5.445043 -29.263638 -8.287645
v -6.250625 -29.345814 -8.287645
v -5.171619 -29.297321 -21.267059
v 6.537234 -29.308481 -21.267059
v 7.229369 -36.388309 -7.402064
v -7.430764 -36.408855 -7.402065
v -7.161013 -36.103191 -22.377487
v 7.502417 -36.105980 -22.377487
v 8.805943 -49.426319 -6.731499
v -8.805943 -49.426319 -6.731499
v -8.805943 -48.613102 -24.322182
v 8.805943 -48.613102 -24.322180
v 3.712877 13.694124 -6.799595
v -3.720565 13.701736 -6.798525
v -3.712878 21.062752 -5.763382
v 3.720565 21.055140 -5.764453
v 4.130085 15.227374 -21.726606
v -4.138637 15.235879 -21.726492
v -4.130085 23.459713 -21.617432
v 4.138637 23.451208 -21.617546
v 6.035192 13.162385 -28.368574
v -6.047379 13.174120 -28.373800
v -6.035192 25.158262 -29.757179
v 6.047379 25.146526 -29.751953
v 3.008327 15.108352 -35.135380
v -2.993832 15.111178 -35.158772
v -2.990078 21.076857 -35.710766
v 3.012080 21.074030 -35.687374
v 2.709938 19.343128 -61.979885
v 1.853511 19.734972 -63.302540
v 1.441531 20.799751 -62.013252
v 2.919136 20.634005 -61.691803
v -0.820990 18.520483 -63.468338
v 0.494015 18.278770 -63.076557
v 0.823190 19.499855 -63.646099
v -0.493759 19.748707 -63.081932
v -2.375997 17.449720 -61.364326
v -1.054816 17.360836 -61.895809
v -1.694975 18.327345 -63.141827
v -2.358856 18.678785 -61.623131
v -2.722666 17.419882 -64.393478
v -2.157434 17.505342 -64.528259
v -2.256880 18.081703 -64.580826
v -2.822112 17.996239 -64.446045
v -0.406960 18.559227 -65.550835
v 0.131099 18.561659 -65.579018
v 0.125864 19.097752 -65.632729
v -0.412194 19.095322 -65.604546
v 2.190699 19.807346 -65.672508
v 1.567697 19.807346 -65.538101
v 1.566555 20.444658 -65.543388
v 2.189557 20.444658 -65.677795
v -2.776733 17.421770 -65.009926
v -2.364585 17.484909 -65.100098
v -2.439291 17.901882 -65.150063
v -2.851438 17.838741 -65.059898
v 5.188496 -16.107510 -7.588694
v -5.188496 -16.107510 -7.588693
v -5.188496 -10.993102 -16.457294
v 5.188496 -10.993102 -16.457294
v 3.830243 -22.347017 -10.498934
v -4.031638 -22.367563 -10.498935
v -3.761887 -21.026974 -18.418707
v 4.103291 -21.029764 -18.418709
v 4.247304 -4.722234 1.654597
v -4.247304 -4.722233 1.654597
v -4.247304 1.258527 -4.377721
v 4.247304 1.258527 -4.377721
v 5.445043 -29.263638 -8.287645
v -6.250625 -29.345814 -8.287645
v -5.171619 -29.297321 -21.267059
v 6.537234 -29.308481 -21.267059
v 7.229369 -36.388309 -7.402064
v -7.430764 -36.408855 -7.402065
v -7.161013 -36.103191 -22.377487
v 7.502417 -36.105980 -22.377487
v 8.805943 -49.426319 -6.731499
v -8.805943 -49.426319 -6.731499
v -8.805943 -48.613102 -24.322182
v 8.805943 -48.613102 -24.322180
v 3.712877 13.694124 -6.799595
v -3.720565 13.701736 -6.798525
v -3.712878 21.062752 -5.763382
v 3.720565 21.055140 -5.764453
v 4.130085 15.227374 -21.726606
v -4.138637 15.235879 -21.726492
v -4.130085 23.459713 -21.617432
v 4.138637 23.451208 -21.617546
v 6.035192 13.162385 -28.368574
v -6.047379 13.174120 -28.373800
v -6.035192 25.158262 -29.757179
v 6.047379 25.146526 -29.751953
v 3.008327 15.108352 -35.135380
v -2.993832 15.111178 -35.158772
v -2.990078 21.076857 -35.710766
v 3.012080 21.074030 -35.687374
v 2.709938 19.343128 -61.979885
v 1.853511 19.734972 -63.302540
v 1.441531 20.799751 -62.013252
v 2.919136 20.634005 -61.691803
v -0.820990 18.520483 -63.468334
v 0.494015 18.278770 -63.076557
v 0.823190 19.499855 -63.646099
v -0.493759 19.748707 -63.081932
v -2.375997 17.449720 -61.364326
v -1.054816 17.360836 -61.895809
v -1.694975 18.327345 -63.141827
v -2.358856 18.678785 -61.623131
v -2.722666 17.419882 -64.393478
v -2.157434 17.505342 -64.528259
v -2.256880 18.081703 -64.580826
v -2.822112 17.996239 -64.446045
v -0.406960 18.559227 -65.550835
v 0.131099 18.561659 -65.579018
v 0.125864 19.097752 -65.632729
v -0.412194 19.095322 -65.604546
v 2.190699 19.807346 -65.672508
v 1.567697 19.807346 -65.538101
v 1.566555 20.444658 -65.543388
v 2.189557 20.444658 -65.677795
v -2.776733 17.421770 -65.009926
v -2.364585 17.484909 -65.100098
v -2.439291 17.901882 -65.150063
v -2.851438 17.838741 -65.059898
v -5.188496 -16.107506 7.588692
v 5.188496 -16.107508 7.588692
v 5.188496 -10.993098 16.457293
v -5.188496 -10.993099 16.457293
v -4.092447 -22.347996 10.498933
v 4.092447 -22.347996 10.498933
v 4.092447 -21.035183 18.418707
v -4.092447 -21.035183 18.418707
v -4.247304 -4.722234 -1.654597
v 4.247304 -4.722233 -1.654597
v 4.247304 1.258527 4.377721
v -4.247304 1.258527 4.377721
v -6.493860 -29.267567 8.287645
v 6.493861 -29.267569 8.287645
v 6.493860 -29.330168 21.267059
v -6.493861 -29.330168 21.267059
v -7.491573 -36.389286 7.402064
v 7.491573 -36.389290 7.402063
v 7.491573 -36.111397 22.377485
v -7.491573 -36.111397 22.377485
v -8.805943 -49.426308 6.731497
v 8.805943 -49.426308 6.731497
v 8.805943 -48.613091 24.322180
v -8.805943 -48.613091 24.322180
v 1.539890 19.301172 37.210106
v -1.539890 19.301172 37.210110
v -1.539890 19.301172 34.130329
v 1.539890 19.301172 34.130325
v 1.539890 16.221394 37.210110
v -1.539890 16.221394 37.210110
v -1.539890 16.221394 34.130325
v 1.539890 16.221394 34.130329
v -3.720565 13.701737 6.798527
v 3.712878 13.694125 6.799598
v 3.720565 21.055141 5.764455
v -3.712878 21.062752 5.763384
v -4.138637 15.235880 21.726492
v 4.130085 15.227374 21.726606
v 4.138637 23.451210 21.617546
v -4.130085 23.459713 21.617435
v -6.047379 13.174121 28.373802
v 6.035192 13.162386 28.368576
v 6.047379 25.146526 29.751953
v -6.035192 25.158260 29.757179
v -2.993832 15.111179 35.158768
v 3.008327 15.108353 35.135380
v 3.012081 21.074034 35.687378
v -2.990078 21.076859 35.710766
v 1.853510 19.734972 63.302540
v 2.709937 19.343126 61.979889
v 2.919135 20.634010 61.691799
v 1.441530 20.799749 62.013248
v 0.494015 18.278770 63.076557
v -0.820990 18.520485 63.468346
v -0.493759 19.748707 63.081928
v 0.823190 19.499855 63.646099
v -1.054816 17.360838 61.895817
v -2.375997 17.449722 61.364334
v -2.358856 18.678787 61.623131
v -1.694975 18.327345 63.141827
v -2.157434 17.505346 64.528275
v -2.722666 17.419882 64.393478
v -2.822112 17.996239 64.446053
v -2.256880 18.081705 64.580833
v 0.131099 18.561661 65.579018
v -0.406959 18.559229 65.550835
v -0.412194 19.095324 65.604553
v 0.125864 19.097754 65.632729
v 1.567698 19.807346 65.538101
v 2.190700 19.807346 65.672508
v 2.189557 20.444658 65.677795
v 1.566555 20.444658 65.543388
v -2.364584 17.484913 65.100098
v -2.776732 17.421772 65.009933
v -2.851438 17.838745 65.059898
v -2.439290 17.901886 65.150078
v 5.663072 -10.446435 -2.076161
v -5.663072 -10.446436 -2.076161
v -5.663072 -2.882377 -10.427749
v 5.663072 -2.882377 -10.427749
v 4.196768 14.253323 -14.121596
v -4.188097 14.244726 -14.122717
v -4.196768 22.556377 -13.039213
v 4.188097 22.564972 -13.038092
v 1.997241 16.048822 -40.708405
v -2.108910 16.048777 -40.666569
v -2.106735 20.144369 -40.497475
v 1.999417 20.144415 -40.539310
v 1.942021 16.383450 -45.697681
v -2.164100 16.383450 -45.652111
v -2.161009 20.480368 -45.373642
v 1.945111 20.480368 -45.419220
v 1.887273 16.718763 -50.630402
v -2.218847 16.718763 -50.584827
v -2.215756 20.815681 -50.306362
v 1.890364 20.815681 -50.351940
v 2.029885 16.889309 -56.382145
v -2.222988 17.057850 -56.829952
v -2.471944 21.216352 -56.161873
v 1.837574 21.053877 -56.591682
v 1.904994 17.549265 -63.715023
v 2.547461 17.458031 -63.509312
v 2.665470 18.129116 -63.566509
v 2.023003 18.220354 -63.772228
v -0.261875 18.550737 -64.799889
v 0.455387 18.547756 -64.759903
v 0.462449 19.262403 -64.832848
v -0.254813 19.265388 -64.872833
v -1.828275 19.717850 -63.868259
v -2.658290 19.714609 -63.985004
v -2.656589 20.563480 -63.975075
v -1.826574 20.566719 -63.858326
v -1.619970 19.707411 -64.792114
v -2.450639 19.707411 -64.971329
v -2.449116 20.557163 -64.978394
v -1.618447 20.557163 -64.799187
v 5.663072 -10.446435 -2.076161
v -5.663072 -10.446436 -2.076161
v -5.663072 -2.882377 -10.427749
v 5.663072 -2.882377 -10.427749
v 4.188097 14.244726 -14.122717
v -4.196768 14.253323 -14.121596
v -4.188097 22.564970 -13.038092
v 4.196768 22.556377 -13.039213
v 2.108910 16.048777 -40.666569
v -1.997241 16.048822 -40.708405
v -1.999417 20.144415 -40.539310
v 2.106735 20.144369 -40.497475
v 2.164099 16.383450 -45.652107
v -1.942021 16.383450 -45.697681
v -1.945111 20.480368 -45.419220
v 2.161009 20.480368 -45.373646
v 2.218847 16.718763 -50.584831
v -1.887273 16.718763 -50.630405
v -1.890364 20.815681 -50.351936
v 2.215756 20.815681 -50.306366
v 2.222987 17.057848 -56.829952
v -2.029885 16.889309 -56.382145
v -1.837574 21.053877 -56.591679
v 2.471944 21.216354 -56.161873
v -2.547461 17.458031 -63.509315
v -1.904994 17.549267 -63.715023
v -2.023003 18.220354 -63.772224
v -2.665470 18.129116 -63.566505
v -0.455387 18.547754 -64.759903
v 0.261875 18.550737 -64.799889
v 0.254813 19.265388 -64.872833
v -0.462449 19.262403 -64.832840
v 2.658290 19.714611 -63.985004
v 1.828275 19.717848 -63.868256
v 1.826574 20.566719 -63.858334
v 2.656589 20.563480 -63.975079
v 2.450639 19.707411 -64.971329
v 1.619970 19.707411 -64.792122
v 1.618447 20.557163 -64.799179
v 2.449116 20.557163 -64.978394
v 5.663072 -10.446435 -2.076161
v -5.663072 -10.446436 -2.076161
v -5.663072 -2.882377 -10.427749
v 5.663072 -2.882377 -10.427749
v 4.188097 14.244726 -14.122717
v -4.196768 14.253323 -14.121596
v -4.188097 22.564970 -13.038092
v 4.196768 22.556377 -13.039213
v 2.108910 16.048777 -40.666569
v -1.997241 16.048822 -40.708405
v -1.999417 20.144415 -40.539310
v 2.106735 20.144369 -40.497475
v 2.164099 16.383450 -45.652107
v -1.942021 16.383450 -45.697681
v -1.945111 20.480368 -45.419220
v 2.161009 20.480368 -45.373646
v 2.218847 16.718763 -50.584831
v -1.887273 16.718763 -50.630405
v -1.890364 20.815681 -50.351936
v 2.215756 20.815681 -50.306366
v 2.222987 17.057848 -56.829952
v -2.029885 16.889309 -56.382145
v -1.837574 21.053877 -56.591679
v 2.471944 21.216354 -56.161873
v -2.547461 17.458031 -63.509315
v -1.904994 17.549267 -63.715023
v -2.023003 18.220354 -63.772224
v -2.665470 18.129116 -63.566505
v -0.455387 18.547754 -64.759903
v 0.261875 18.550737 -64.799889
v 0.254813 19.265388 -64.872833
v -0.462449 19.262403 -64.832840
v 2.658290 19.714611 -63.985004
v 1.828275 19.717848 -63.868256
v 1.826574 20.566719 -63.858334
v 2.656589 20.563480 -63.975079
v 2.450639 19.707411 -64.971329
v 1.619970 19.707411 -64.792122
v 1.618447 20.557163 -64.799179
v 2.449116 20.557163 -64.978394
v 5.663072 -10.446435 -2.076161
v -5.663072 -10.446436 -2.076161
v -5.663072 -2.882377 -10.427749
v 5.663072 -2.882377 -10.427749
v 4.188097 14.244726 -14.122717
v -4.196768 14.253323 -14.121596
v -4.188097 22.564970 -13.038092
v 4.196768 22.556377 -13.039213
v 2.108910 16.048777 -40.666569
v -1.997241 16.048822 -40.708405
v -1.999417 20.144415 -40.539310
v 2.106735 20.144369 -40.497475
v 2.164099 16.383450 -45.652107
v -1.942021 16.383450 -45.697681
v -1.945111 20.480368 -45.419220
v 2.161009 20.480368 -45.373646
v 2.218847 16.718763 -50.584831
v -1.887273 16.718763 -50.630405
v -1.890364 20.815681 -50.351936
v 2.215756 20.815681 -50.306366
v 2.222987 17.057848 -56.829952
v -2.029885 16.889309 -56.382145
v -1.837574 21.053877 -56.591679
v 2.471944 21.216354 -56.161873
v -2.547461 17.458031 -63.509315
v -1.904994 17.549267 -63.715023
v -2.023003 18.220354 -63.772224
v -2.665470 18.129116 -63.566505
v -0.455387 18.547754 -64.759903
v 0.261875 18.550737 -64.799889
v 0.254813 19.265388 -64.872833
v -0.462449 19.262403 -64.832840
v 2.658290 19.714611 -63.985004
v 1.828275 19.717848 -63.868256
v 1.826574 20.566719 -63.858334
v 2.656589 20.563480 -63.975079
v 2.450639 19.707411 -64.971329
v 1.619970 19.707411 -64.792122
v 1.618447 20.557163 -64.799179
v 2.449116 20.557163 -64.978394
v -5.663072 -10.446435 2.076161
v 5.663072 -10.446434 2.076161
v 5.663072 -2.882376 10.427749
v -5.663072 -2.882376 10.427749
v -4.196768 14.253323 14.121598
v 4.188097 14.244728 14.122719
v 4.196768 22.556377 13.039215
v -4.188097 22.564972 13.038093
v -1.997241 16.048824 40.708405
v 2.108911 16.048779 40.666569
v 2.106735 20.144371 40.497475
v -1.999416 20.144417 40.539310
v -1.942020 16.383451 45.697681
v 2.164100 16.383451 45.652111
v 2.161010 20.480370 45.373642
v -1.945111 20.480370 45.419220
v -1.887273 16.718765 50.630402
v 2.218847 16.718765 50.584827
v 2.215756 20.815685 50.306362
v -1.890363 20.815685 50.351940
v -2.029885 16.889309 56.382149
v 2.222988 17.057850 56.829952
v 2.471944 21.216356 56.161873
v -1.837574 21.053879 56.591682
v -1.904995 17.549269 63.715031
v -2.547462 17.458033 63.509312
v -2.665470 18.129120 63.566513
v -2.023004 18.220356 63.772228
v 0.261875 18.550741 64.799889
v -0.455386 18.547756 64.759903
v -0.462449 19.262403 64.832848
v 0.254813 19.265388 64.872833
v 1.828275 19.717850 63.868259
v 2.658290 19.714609 63.985004
v 2.656589 20.563480 63.975075
v 1.826574 20.566719 63.858326
v 1.619970 19.707411 64.792114
v 2.450640 19.707411 64.971329
v 2.449117 20.557163 64.978394
v 1.618447 20.557163 64.799187
v 11.029275 19.468943 17.675463
v -10.348887 19.246664 17.648647
v -11.683545 18.887012 -17.639978
v 10.201917 19.548801 -17.631317
v -2.793162 19.717352 -63.110649
v -2.828166 20.562225 -63.013187
v -1.963351 20.578892 -63.165886
v 2.478930 18.255865 -62.719074
v 2.344587 17.491793 -62.569454
v 1.619508 17.569084 -62.958344
v 2.828166 20.562225 -63.013187
v 1.963351 20.578892 -63.165894
v 2.793162 19.717354 -63.110645
v -2.478930 18.255867 -62.719067
v -1.619508 17.569084 -62.958340
v -2.344586 17.491791 -62.569458
v 2.828166 20.562225 -63.013187
v 1.963351 20.578892 -63.165894
v 2.793162 19.717354 -63.110645
v -2.478930 18.255867 -62.719067
v -1.619508 17.569084 -62.958340
v -2.344586 17.491791 -62.569458
v 2.828166 20.562225 -63.013187
v 1.963351 20.578892 -63.165894
v 2.793162 19.717354 -63.110645
v -2.478930 18.255867 -62.719067
v -1.619508 17.569084 -62.958340
v -2.344586 17.491791 -62.569458
v 1.963350 20.578892 63.165886
v 2.828165 20.562225 63.013187
v 2.793160 19.717352 63.110649
v -2.478930 18.255869 62.719078
v -2.344587 17.491795 62.569462
v -1.619508 17.569084 62.958344
v 16.795717 40.862957 7.501642
v 16.792604 44.991882 7.221004
v 16.832500 41.088249 10.815813
v 16.829386 45.217175 10.535176
v 22.246740 55.833900 22.084311
v 25.737160 57.869724 -23.477428
v 16.157618 41.459824 -6.929044
v 16.154503 45.588749 -7.209682
v 16.194401 41.685116 -3.614872
v 16.191286 45.814041 -3.895510
v 7.286986 0.817418 7.325297
v -2.553230 17.859880 -62.568172
v 16.937357 1.284332 0.078072
v 4.246565 0.250722 0.015241
v 7.286987 0.548176 -7.242285
v 0.000000 0.186700 -4.229805
v -7.286987 0.548175 -7.242285
v -2.106622 18.434324 -62.961666
v 0.000000 0.937035 -16.851040
v -16.937357 1.284332 0.078072
v 0.000000 1.631628 17.007183
v -11.237311 14.537976 -14.068186
v -7.286987 0.817418 7.325297
v 0.000000 0.314744 4.260286
v -1.483826 17.548925 -62.765953
v -4.246565 0.250722 0.015241
v -0.157930 10.266109 -16.868584
v -1.384957 18.350845 -63.164600
v -2.315507 17.492464 -62.268562
v -0.631721 18.495028 -20.471994
v 10.493656 14.853732 -14.084258
v -9.868187 21.216747 -12.700811
v -0.157930 23.320993 -12.614380
v -2.394946 18.324772 -62.471901
v 9.124532 21.532503 -12.716883
v 10.990848 23.390486 -0.016070
v 9.407473 21.507353 12.636528
v 1.739263 20.160149 -63.266518
v 13.977856 18.772993 -0.064286
v 10.776597 14.839103 14.007154
v 2.409338 20.728882 -63.067589
v 15.259436 10.393483 -0.003060
v 0.051797 10.417012 16.877838
v -15.365570 10.289639 0.012313
v -0.040286 16.306702 -55.810059
v -9.274084 21.388853 12.684743
v -11.096981 23.286642 -0.000697
v 2.979833 20.136576 -63.029610
v -14.402391 18.357622 -0.002794
v 2.309757 19.567841 -63.228539
v -10.643208 14.720604 14.055370
v 0.051797 23.356134 12.597613
v 1.523469 16.782129 -59.160358
v 1.887492 20.602152 -62.986763
v 0.207189 18.635590 20.404915
v 1.536241 19.713531 -63.359764
v -0.481446 16.900558 -59.334171
v -2.637223 18.869923 -55.893574
v -3.064263 19.200760 -55.912735
v 2.865212 20.570702 -62.697773
v -2.698924 18.507673 -59.829136
v 2.752440 19.671453 -62.861195
v -1.469686 17.651197 -60.530849
v 0.069403 17.787704 -62.454670
v 2.456806 17.313681 -59.272186
v 1.958782 17.237598 -61.701786
v 0.192179 18.342459 -63.692661
v 0.898017 17.991495 -63.170113
v 2.106622 18.434324 -62.961670
v 2.551986 18.074896 -61.266796
v 2.553230 17.859882 -62.568169
v 2.348090 19.570831 -59.550583
v 2.637223 18.869921 -55.893578
v -0.379811 21.789749 -55.488953
v 0.099834 21.270361 -59.229321
v -1.980395 21.391296 -59.074223
v -2.476525 20.893705 -61.947399
v -2.959222 20.808447 -59.358425
v -3.034945 19.969002 -61.636951
v -0.868170 18.805740 -63.260880
v -1.883840 19.209150 -62.724102
v 1.962378 17.387718 -62.732670
v -0.153493 19.668377 -63.810226
v 1.515770 17.962162 -63.126171
v 0.891540 19.196470 -63.143490
v 1.710759 18.811605 -62.448414
v 2.394946 18.324772 -62.471901
v 1.270633 20.447021 -60.394962
v -0.250058 20.319094 -62.521812
v -1.074243 20.110689 -63.335430
v -2.348089 19.570833 -59.550579
v -2.637223 18.869923 -55.893574
v 0.379811 21.789751 -55.488949
v 1.980395 21.391296 -59.074223
v -0.099834 21.270361 -59.229324
v 0.250058 20.319094 -62.521812
v -1.270633 20.447021 -60.394958
v 1.384957 18.350843 -63.164600
v -2.456806 17.313679 -59.272190
v -2.551986 18.074896 -61.266788
v -0.891540 19.196468 -63.143490
v -1.710759 18.811605 -62.448418
v 2.315507 17.492464 -62.268562
v 3.064263 19.200760 -55.912735
v 0.040286 16.306704 -55.810059
v -1.958782 17.237598 -61.701790
v -1.523469 16.782127 -59.160355
v 0.481446 16.900562 -59.334167
v 2.698924 18.507673 -59.829132
v 1.483826 17.548923 -62.765945
v 3.034944 19.969002 -61.636951
v 2.959221 20.808447 -59.358421
v 2.476525 20.893707 -61.947399
v 0.153493 19.668379 -63.810234
v 1.074243 20.110691 -63.335434
v -2.309757 19.567841 -63.228539
v 0.868170 18.805742 -63.260872
v -2.979833 20.136576 -63.029613
v -0.192179 18.342457 -63.692665
v -0.898017 17.991497 -63.170116
v -0.069403 17.787704 -62.454678
v 1.469686 17.651197 -60.530849
v -2.409338 20.728884 -63.067593
v 1.883840 19.209146 -62.724102
v -2.348089 19.570833 -59.550579
v -2.637223 18.869923 -55.893574
v 0.379811 21.789751 -55.488949
v 1.980395 21.391296 -59.074223
v -0.099834 21.270361 -59.229324
v 0.250058 20.319094 -62.521812
v -1.270633 20.447021 -60.394958
v -1.739263 20.160149 -63.266525
v -2.456806 17.313679 -59.272190
v -2.551986 18.074896 -61.266788
v -0.891540 19.196468 -63.143490
v -1.710759 18.811605 -62.448418
v -2.752440 19.671453 -62.861187
v 3.064263 19.200760 -55.912735
v 0.040286 16.306704 -55.810059
v -1.958782 17.237598 -61.701790
v -1.523469 16.782127 -59.160355
v 0.481446 16.900562 -59.334167
v 2.698924 18.507673 -59.829132
v -1.536242 19.713531 -63.359764
v 3.034944 19.969002 -61.636951
v 2.959221 20.808447 -59.358421
v 2.476525 20.893707 -61.947399
v 0.153493 19.668379 -63.810234
v 1.074243 20.110691 -63.335434
v -2.865212 20.570702 -62.697781
v 0.868170 18.805742 -63.260872
v -1.887492 20.602152 -62.986763
v -0.192179 18.342457 -63.692665
v -0.898017 17.991497 -63.170116
v -0.069403 17.787704 -62.454678
v 1.469686 17.651197 -60.530849
v 0.309147 -7.818449 -15.882298
v 1.883840 19.209146 -62.724102
v -2.348089 19.570833 -59.550579
v -2.637223 18.869925 55.893581
v 0.379811 21.789751 -55.488949
v 1.980395 21.391296 -59.074223
v -0.099834 21.270361 -59.229324
v 0.250058 20.319094 -62.521812
v -1.270633 20.447021 -60.394958
v -10.365658 -7.916094 0.140902
v -2.456806 17.313679 -59.272190
v -2.551986 18.074896 -61.266788
v -0.891540 19.196468 -63.143490
v -1.710759 18.811602 -62.448418
v -0.336373 -7.907107 16.164104
v 3.064263 19.200760 -55.912735
v 0.040286 16.306704 -55.810059
v -1.958782 17.237598 -61.701790
v -1.523469 16.782127 -59.160355
v 0.481446 16.900562 -59.334167
v 2.698924 18.507673 -59.829132
v 10.338430 -7.809463 0.140902
v 3.034944 19.969002 -61.636951
v 2.959221 20.808447 -59.358421
v 2.476525 20.893707 -61.947399
v 0.153493 19.668379 -63.810234
v 1.074243 20.110691 -63.335434
v 1.157094 52.418201 13.375502
v 0.868170 18.805742 -63.260872
v -1.515770 17.962162 -63.126171
v -0.192179 18.342457 -63.692665
v -0.898017 17.991495 -63.170120
v -0.069403 17.787704 -62.454678
v 1.469686 17.651197 -60.530849
v -13.336706 52.833374 -0.388617
v 1.883840 19.209146 -62.724102
v 0.379811 21.789751 55.488953
v 1.498592 54.242531 -14.315244
v -2.348089 19.570835 59.550587
v 15.992393 53.827362 -0.551123
v -1.270633 20.447021 60.394962
v 0.250058 20.319094 62.521812
v -0.099835 21.270361 59.229321
v 1.980395 21.391296 59.074226
v 2.476523 20.893707 61.947392
v 2.959221 20.808449 59.358425
v 3.034943 19.969002 61.636951
v -0.937742 19.192421 -24.065849
v 2.698924 18.507673 59.829132
v 3.064263 19.200760 55.912735
v 0.040287 16.306705 55.810059
v 0.481446 16.900564 59.334175
v -1.523469 16.782131 59.160362
v -1.958782 17.237600 61.701786
v -2.456806 17.313684 59.272186
v -2.551986 18.074900 61.266796
v -14.956896 18.986313 0.001102
v -1.710759 18.811605 62.448414
v -0.891540 19.196472 63.143490
v -0.192178 18.342461 63.692665
v -1.962378 17.387720 -62.732674
v 0.868171 18.805742 63.260872
v 0.153494 19.668379 63.810226
v 1.074242 20.110689 63.335434
v 0.537122 19.383289 24.092255
v 1.883839 19.209150 62.724098
v 14.556274 19.589397 0.025304
v 1.469686 17.651199 60.530849
v -0.069403 17.787706 62.454674
v -0.898017 17.991495 63.170120
v 2.752440 19.671453 -62.861195
v 2.865212 20.570702 -62.697773
v 1.536241 19.713531 -63.359764
v 1.887492 20.602152 -62.986763
v 2.309757 19.567841 -63.228539
v 2.979833 20.136576 -63.029610
v 2.409338 20.728882 -63.067589
v 1.739263 20.160149 -63.266518
v -2.394946 18.324772 -62.471901
v -2.315507 17.492464 -62.268562
v -1.384957 18.350845 -63.164600
v -1.483826 17.548925 -62.765953
v -2.106622 18.434324 -62.961666
v -2.553230 17.859880 -62.568172
v -1.962378 17.387720 -62.732674
v -1.515770 17.962162 -63.126171
v 2.752440 19.671453 -62.861195
v 2.865212 20.570702 -62.697773
v 1.536241 19.713531 -63.359764
v 1.887492 20.602152 -62.986763
v 2.309757 19.567841 -63.228539
v 2.979833 20.136576 -63.029610
v 2.409338 20.728882 -63.067589
v 1.739263 20.160149 -63.266518
v -2.394946 18.324772 -62.471901
v -2.315507 17.492464 -62.268562
v -1.384957 18.350845 -63.164600
v -1.483826 17.548925 -62.765953
v -2.106622 18.434324 -62.961666
v -2.553230 17.859880 -62.568172
v -1.962378 17.387720 -62.732674
v -1.515770 17.962162 -63.126171
v 1.887491 20.602152 62.986767
v 2.865210 20.570702 62.697781
v 1.536241 19.713531 63.359764
v 2.752439 19.671453 62.861187
v 1.739262 20.160149 63.266525
v 2.409337 20.728884 63.067593
v 2.979832 20.136576 63.029613
v 2.309756 19.567841 63.228539
v -1.483826 17.548927 62.765949
v -2.315507 17.492466 62.268566
v -1.384957 18.350845 63.164604
v -2.394946 18.324772 62.471901
v -1.515770 17.962164 63.126175
v -1.962378 17.387722 62.732674
v -2.553231 17.859884 62.568172
v -2.106622 18.434326 62.961674
v 5.178040 -1.371554 -1.004342
v -0.000000 2.274126 -4.681450
v -5.178040 -1.371554 -1.004342
v -0.000000 -5.017233 2.672765
v 11.205934 -50.171436 -15.588429
v 0.000000 -50.705322 -4.396494
v -11.205934 -50.171432 -15.588428
v -0.000000 -49.637543 -26.780363
v 4.593969 17.303621 -5.715329
v -0.004751 21.848124 -5.076258
v -4.593968 17.294210 -5.716652
v 0.004751 12.749709 -6.355722
v -0.184495 18.824268 -65.665604
v 0.146680 19.149570 -65.681168
v 0.471472 18.821306 -65.631241
v 0.140298 18.496002 -65.615685
v -1.487476 20.125544 -65.578812
v -1.867934 19.737059 -65.657516
v -2.247000 20.125544 -65.742668
v -1.866542 20.514030 -65.663963
v 2.364579 17.693207 -65.177460
v 2.661541 17.908749 -65.153908
v 2.867195 17.616117 -65.068283
v 2.570233 17.400574 -65.091835
v 5.178040 -1.371554 -1.004342
v -0.000000 2.274126 -4.681450
v -5.178040 -1.371554 -1.004342
v -0.000000 -5.017233 2.672765
v 11.205934 -50.171436 -15.588429
v 0.000000 -50.705322 -4.396494
v -11.205934 -50.171432 -15.588428
v -0.000000 -49.637543 -26.780363
v 4.593968 17.294212 -5.716652
v 0.004751 21.848125 -5.076258
v -4.593969 17.303619 -5.715329
v -0.004751 12.749709 -6.355722
v -0.471472 18.821306 -65.631248
v -0.146680 19.149570 -65.681168
v 0.184495 18.824268 -65.665604
v -0.140298 18.496004 -65.615685
v 2.247000 20.125544 -65.742668
v 1.867934 19.737059 -65.657509
v 1.487476 20.125544 -65.578804
v 1.866542 20.514030 -65.663963
v -2.867195 17.616117 -65.068283
v -2.661541 17.908749 -65.153915
v -2.364579 17.693207 -65.177460
v -2.570233 17.400574 -65.091835
v 5.178040 -1.371554 -1.004342
v -0.000000 2.274126 -4.681450
v -5.178040 -1.371554 -1.004342
v -0.000000 -5.017233 2.672765
v 11.205934 -50.171436 -15.588429
v 0.000000 -50.705322 -4.396494
v -11.205934 -50.171432 -15.588428
v -0.000000 -49.637543 -26.780363
v 4.593968 17.294212 -5.716652
v 0.004751 21.848125 -5.076258
v -4.593969 17.303619 -5.715329
v -0.004751 12.749709 -6.355722
v -0.471472 18.821306 -65.631248
v -0.146680 19.149570 -65.681168
v 0.184495 18.824268 -65.665604
v -0.140298 18.496004 -65.615685
v 2.247000 20.125544 -65.742668
v 1.867934 19.737059 -65.657509
v 1.487476 20.125544 -65.578804
v 1.866542 20.514030 -65.663963
v -2.867195 17.616117 -65.068283
v -2.661541 17.908749 -65.153915
v -2.364579 17.693207 -65.177460
v -2.570233 17.400574 -65.091835
v 5.178040 -1.371554 -1.004342
v -0.000000 2.274126 -4.681450
v -5.178040 -1.371554 -1.004342
v -0.000000 -5.017233 2.672765
v 11.205934 -50.171436 -15.588429
v 0.000000 -50.705322 -4.396494
v -11.205934 -50.171432 -15.588428
v -0.000000 -49.637543 -26.780363
v 4.593968 17.294212 -5.716652
v 0.004751 21.848125 -5.076258
v -4.593969 17.303619 -5.715329
v -0.004751 12.749709 -6.355722
v -0.471472 18.821306 -65.631248
v -0.146680 19.149570 -65.681168
v 0.184495 18.824268 -65.665604
v -0.140298 18.496004 -65.615685
v 2.247000 20.125544 -65.742668
v 1.867934 19.737059 -65.657509
v 1.487476 20.125544 -65.578804
v 1.866542 20.514030 -65.663963
v -2.867195 17.616117 -65.068283
v -2.661541 17.908749 -65.153915
v -2.364579 17.693207 -65.177460
v -2.570233 17.400574 -65.091835
v -5.178040 -1.371554 1.004342
v 0.000000 2.274126 4.681450
v 5.178040 -1.371554 1.004342
v 0.000000 -5.017233 -2.672765
v -11.205934 -50.171429 15.588428
v -0.000000 -50.705315 4.396493
v 11.205934 -50.171421 15.588428
v 0.000000 -49.637543 26.780363
v 1.877335 17.761280 37.547554
v 0.000000 19.638618 37.547558
v -1.877335 17.761280 37.547554
v 0.000000 15.883948 37.547554
v -1.877335 19.638618 35.670219
v -1.877335 17.761280 33.792881
v -1.877335 15.883947 35.670219
v 0.000000 19.638617 33.792885
v 1.877335 17.761280 33.792885
v 0.000000 15.883947 33.792885
v 1.877335 19.638617 35.670219
v 1.877335 15.883948 35.670223
v -4.593969 17.303621 5.715331
v 0.004751 21.848124 5.076261
v 4.593968 17.294210 5.716654
v -0.004751 12.749710 6.355725
v 0.184495 18.824270 65.665604
v -0.146679 19.149574 65.681168
v -0.471471 18.821306 65.631241
v -0.140297 18.496006 65.615685
v 1.487477 20.125544 65.578812
v 1.867935 19.737059 65.657516
v 2.247001 20.125544 65.742668
v 1.866543 20.514030 65.663963
v -2.364578 17.693211 65.177467
v -2.661540 17.908751 65.153915
v -2.867194 17.616119 65.068291
v -2.570233 17.400578 65.091843
v 11.661238 5.958049 11.839169
v -11.655437 5.952897 11.841266
v -11.681269 5.682313 -11.760639
v 11.648935 5.696042 -11.761339
v 6.231540 24.571157 6.371935
v 0.000000 25.471811 5.938521
v -6.225740 24.566004 6.374032
v -5.938519 25.471811 0.000002
v -6.251571 24.558523 -6.374727
v -0.000000 25.471811 -5.938518
v 6.219238 24.572250 -6.375425
v 5.938519 25.471811 0.000002
v 2.890049 26.338591 2.888670
v 0.000000 26.856985 4.802512
v -2.890049 26.338591 2.888670
v -4.817700 27.158535 0.000002
v -2.890049 26.393417 -2.888666
v -0.000000 27.460087 -4.802508
v 2.890049 26.393417 -2.888666
v 4.817700 27.158535 0.000002
v 7.085714 27.056976 7.057214
v 0.000000 26.507942 15.161508
v -7.085714 27.056976 7.057214
v -15.220302 28.437134 0.090362
v -7.085714 28.449459 -7.034621
v -0.000000 30.366325 -14.980783
v 7.085714 28.449459 -7.034621
v 15.220302 28.437134 0.090362
v 12.795382 27.382198 12.883352
v 0.000000 27.763927 17.842560
v -12.795382 27.382196 12.883352
v -17.498611 31.312098 0.738065
v -12.795382 31.731123 -12.269622
v -0.000000 34.860271 -16.366428
v 12.795382 31.731125 -12.269623
v 17.498611 31.312099 0.738065
v 12.084308 31.774593 13.156519
v 0.000000 36.702431 17.643023
v -12.084307 31.774591 13.156520
v -16.646400 39.013172 1.425012
v -12.108319 36.366699 -10.514325
v -0.000000 41.323914 -14.793000
v 12.108318 36.366699 -10.514326
v 16.646400 39.013176 1.425012
v 13.675151 45.669437 13.975460
v -12.518057 45.204617 12.831855
v -12.968943 47.513634 -11.603617
v 14.467534 48.042812 -12.909728
v 11.492619 -4.060756 -14.729038
v -11.094134 -4.147511 -14.729038
v -11.333366 -3.999047 14.958313
v 10.903190 -3.948918 14.958312
v 4.306851 -19.057243 -9.695487
v 0.000000 -17.066462 -5.925830
v -4.332026 -19.059809 -9.695486
v -0.151585 -22.606462 -9.013978
v -7.134182 -13.550306 -12.022993
v -4.298306 -15.937582 -17.601395
v -5.371174 -21.698933 -14.458823
v -0.000000 -10.034150 -18.120155
v 4.340981 -15.937931 -17.601397
v 0.221589 -20.779196 -19.903666
v 7.134182 -13.550305 -12.022994
v 5.441179 -21.686726 -14.458823
v 5.420556 -7.374881 0.670633
v -5.420556 -7.374882 0.670633
v 0.000000 -11.864696 -0.510238
v -5.420556 0.206686 -7.066583
v -7.786723 -6.664405 -6.251955
v 5.420556 0.206686 -7.066583
v -0.000000 -1.464116 -11.993672
v 7.786723 -6.664405 -6.251955
v 5.603750 -13.312628 -4.979052
v -5.603750 -13.312628 -4.979051
v -5.603750 -6.670211 -13.858012
v 5.603750 -6.670212 -13.858012
v 4.486236 -25.978922 -9.536409
v -5.065248 -26.037987 -9.536409
v -0.606340 -29.305065 -5.854005
v -4.289712 -25.659643 -19.966770
v -7.905296 -29.328226 -14.777352
v 5.271248 -25.667664 -19.966770
v 0.886357 -29.302563 -23.700703
v 8.185313 -29.279404 -14.777353
v 5.966886 -31.969675 -8.044140
v -6.545898 -32.028736 -8.044140
v -0.151585 -36.453705 -4.594173
v -5.770363 -31.993246 -21.482462
v -10.044973 -36.257687 -14.889777
v 6.751898 -32.001270 -21.482462
v 0.221589 -36.049465 -25.185379
v 10.114977 -36.245483 -14.889777
v 9.477512 -43.844849 -5.735208
v -9.502687 -43.847416 -5.735207
v -9.468967 -43.101196 -24.736753
v 9.511643 -43.101547 -24.736753
v 4.492864 13.339046 -9.752381
v -4.483582 13.329852 -9.753664
v 0.005961 12.690591 -14.325315
v -4.492864 22.219896 -8.514167
v -5.764595 18.398939 -13.581176
v 4.483582 22.229090 -8.512885
v -0.005961 24.119106 -12.835496
v 5.764595 18.410759 -13.579636
v 3.809021 15.196716 -18.162924
v -3.801151 15.188898 -18.163681
v 0.005879 13.689658 -21.746996
v -3.809021 22.749517 -17.434031
v -5.684746 19.337698 -21.672092
v 3.801151 22.757336 -17.433279
v -0.005879 24.997427 -21.597034
v 5.684746 19.349388 -21.671944
v 5.392066 14.079098 -25.050760
v -5.380963 14.068116 -25.049469
v 0.008379 10.921226 -28.111805
v -5.392066 24.766088 -25.840347
v -8.306767 19.152256 -29.059284
v 5.380963 24.777071 -25.841640
v -0.008379 27.399422 -30.013950
v 8.306767 19.168392 -29.066469
v 4.806337 13.836205 -31.832407
v -4.799721 13.828332 -31.819344
v -0.006544 13.991200 -35.043575
v -4.808617 23.358418 -32.982712
v -4.135608 18.090664 -35.406994
v 4.797440 23.366289 -32.995773
v -0.011705 22.194012 -35.802567
v 4.117360 18.094547 -35.439152
v 2.143055 15.806903 -38.080105
v -2.200145 15.806443 -38.046173
v -0.056242 15.280876 -40.719193
v -2.200083 20.133810 -38.131271
v -2.877726 18.096563 -40.574181
v 2.143116 20.134268 -38.165199
v -0.053251 20.912317 -40.486691
v 2.768232 18.096628 -40.631702
v 1.969453 16.215881 -43.224251
v -2.136671 16.215874 -43.179142
v -0.111619 15.615277 -45.727104
v -2.133694 20.312624 -42.914349
v -2.932451 18.431908 -45.504326
v 1.972430 20.312632 -42.959461
v -0.107369 21.248539 -45.344223
v 2.713464 18.431910 -45.566994
v 1.914647 16.551107 -48.164040
v -2.191473 16.551105 -48.118469
v -0.166366 15.950593 -50.659828
v -2.188383 20.648026 -47.840008
v -2.987199 18.767225 -50.437057
v 1.917738 20.648026 -47.885578
v -0.162117 21.583855 -50.276951
v 2.658716 18.767221 -50.499718
v 1.884612 16.864132 -53.169582
v -2.250570 16.878056 -53.155228
v -2.267806 20.992895 -52.855957
v 1.871568 20.979887 -52.920219
v 1.756781 17.561956 -63.281082
v 2.204101 17.377819 -63.601444
v 2.435958 17.475712 -62.987446
v 2.726928 17.776466 -63.499344
v 2.573961 18.201403 -63.083443
v 2.366363 18.300564 -63.680096
v 1.887424 18.286919 -63.381329
v 1.843536 17.901917 -63.782200
v 2.042341 17.533596 -64.134109
v 2.421405 17.354546 -64.451012
v 2.642631 17.444126 -63.977848
v 2.878370 17.692036 -64.394493
v 2.746981 18.060823 -64.023987
v 2.558141 18.147038 -64.523293
v 2.146691 18.150291 -64.180252
v 2.101176 17.809547 -64.579819
v -0.309033 18.563622 -64.216797
v 0.095432 18.415251 -64.766220
v 0.471091 18.589001 -64.211266
v 0.593405 18.904520 -64.788879
v 0.446324 19.353483 -64.245026
v 0.105143 19.397892 -64.866516
v -0.333158 19.327375 -64.337265
v -0.392830 18.908623 -64.843849
v -0.221251 18.517263 -65.284378
v 0.465419 18.514194 -65.248116
v 0.472110 19.198357 -65.316818
v -0.214560 19.201426 -65.353096
v -1.910013 19.726223 -63.495781
v -2.752751 19.716330 -63.480259
v -2.243602 19.557068 -63.928490
v -2.755371 20.563379 -63.433910
v -2.813067 20.138443 -64.001938
v -1.921987 20.573154 -63.444542
v -2.241263 20.724268 -63.914848
v -1.671797 20.142895 -63.841408
v -1.723966 19.711859 -64.315292
v -2.554554 19.711452 -64.486702
v -2.035590 19.548084 -64.880402
v -2.553009 20.561096 -64.491631
v -2.605628 20.132290 -65.008476
v -1.722421 20.561502 -64.320229
v -2.033496 20.716492 -64.890114
v -1.463458 20.132286 -64.762054
v -1.540356 19.721682 -65.247421
v -2.335453 19.721682 -65.418953
v -2.333996 20.535046 -65.425713
v -1.538898 20.535044 -65.254181
v 2.255071 17.470173 -64.888725
v 2.782645 17.389717 -64.769905
v 2.877375 17.924862 -64.828972
v 2.349802 18.005316 -64.947807
v 4.306851 -19.057243 -9.695487
v 0.000000 -17.066462 -5.925830
v -4.332026 -19.059809 -9.695486
v -0.151585 -22.606462 -9.013978
v -7.134182 -13.550306 -12.022993
v -4.298306 -15.937582 -17.601395
v -5.371174 -21.698933 -14.458823
v -0.000000 -10.034150 -18.120155
v 4.340981 -15.937931 -17.601397
v 0.221589 -20.779196 -19.903666
v 7.134182 -13.550305 -12.022994
v 5.441179 -21.686726 -14.458823
v 5.420556 -7.374881 0.670633
v -5.420556 -7.374882 0.670633
v 0.000000 -11.864696 -0.510238
v -5.420556 0.206686 -7.066583
v -7.786723 -6.664405 -6.251955
v 5.420556 0.206686 -7.066583
v -0.000000 -1.464116 -11.993672
v 7.786723 -6.664405 -6.251955
v 5.603750 -13.312628 -4.979052
v -5.603750 -13.312628 -4.979051
v -5.603750 -6.670211 -13.858012
v 5.603750 -6.670212 -13.858012
v 4.486236 -25.978922 -9.536409
v -5.065248 -26.037987 -9.536409
v -0.606340 -29.305065 -5.854005
v -4.289712 -25.659643 -19.966770
v -7.905296 -29.328226 -14.777352
v 5.271248 -25.667664 -19.966770
v 0.886357 -29.302563 -23.700703
v 8.185313 -29.279404 -14.777353
v 5.966886 -31.969675 -8.044140
v -6.545898 -32.028736 -8.044140
v -0.151585 -36.453705 -4.594173
v -5.770363 -31.993246 -21.482462
v -10.044973 -36.257687 -14.889777
v 6.751898 -32.001270 -21.482462
v 0.221589 -36.049465 -25.185379
v 10.114977 -36.245483 -14.889777
v 9.477512 -43.844849 -5.735208
v -9.502687 -43.847416 -5.735207
v -9.468967 -43.101196 -24.736753
v 9.511643 -43.101547 -24.736753
v 4.483581 13.329852 -9.753663
v -4.492864 13.339046 -9.752382
v -0.005961 12.690591 -14.325315
v -4.483581 22.229090 -8.512883
v -5.764595 18.410759 -13.579635
v 4.492864 22.219894 -8.514166
v 0.005961 24.119104 -12.835496
v 5.764595 18.398941 -13.581176
v 3.801151 15.188899 -18.163679
v -3.809021 15.196716 -18.162924
v -0.005879 13.689656 -21.746998
v -3.801151 22.757338 -17.433279
v -5.684747 19.349388 -21.671938
v 3.809021 22.749517 -17.434031
v 0.005879 24.997429 -21.597036
v 5.684747 19.337698 -21.672092
v 5.380963 14.068117 -25.049471
v -5.392066 14.079098 -25.050760
v -0.008379 10.921226 -28.111805
v -5.380963 24.777067 -25.841639
v -8.306767 19.168392 -29.066467
v 5.392066 24.766090 -25.840345
v 0.008379 27.399424 -30.013945
v 8.306767 19.152258 -29.059284
v 4.799721 13.828331 -31.819344
v -4.806336 13.836205 -31.832407
v 0.006544 13.991200 -35.043575
v -4.797439 23.366289 -32.995773
v -4.117360 18.094549 -35.439148
v 4.808617 23.358418 -32.982708
v 0.011705 22.194012 -35.802570
v 4.135609 18.090662 -35.406994
v 2.200145 15.806443 -38.046173
v -2.143055 15.806903 -38.080105
v 0.056242 15.280876 -40.719196
v -2.143116 20.134270 -38.165192
v -2.768232 18.096626 -40.631706
v 2.200083 20.133808 -38.131275
v 0.053251 20.912317 -40.486691
v 2.877726 18.096565 -40.574181
v 2.136671 16.215876 -43.179150
v -1.969454 16.215879 -43.224255
v 0.111619 15.615277 -45.727104
v -1.972430 20.312630 -42.959457
v -2.713464 18.431908 -45.566994
v 2.133694 20.312626 -42.914349
v 0.107369 21.248539 -45.344223
v 2.932451 18.431910 -45.504330
v 2.191473 16.551107 -48.118469
v -1.914647 16.551105 -48.164043
v 0.166366 15.950593 -50.659824
v -1.917738 20.648026 -47.885582
v -2.658716 18.767225 -50.499714
v 2.188383 20.648026 -47.840004
v 0.162117 21.583855 -50.276947
v 2.987199 18.767221 -50.437057
v 2.250570 16.878054 -53.155224
v -1.884612 16.864132 -53.169586
v -1.871568 20.979885 -52.920223
v 2.267805 20.992897 -52.855957
v -2.435958 17.475712 -62.987446
v -2.204101 17.377819 -63.601448
v -1.756781 17.561956 -63.281078
v -1.843536 17.901917 -63.782196
v -1.887424 18.286919 -63.381329
v -2.366363 18.300564 -63.680096
v -2.573961 18.201403 -63.083447
v -2.726928 17.776468 -63.499344
v -2.642631 17.444126 -63.977852
v -2.421405 17.354544 -64.451019
v -2.042341 17.533596 -64.134109
v -2.101176 17.809547 -64.579826
v -2.146691 18.150291 -64.180252
v -2.558141 18.147038 -64.523293
v -2.746981 18.060823 -64.023987
v -2.878370 17.692036 -64.394485
v -0.471091 18.588999 -64.211266
v -0.095432 18.415251 -64.766212
v 0.309033 18.563622 -64.216789
v 0.392830 18.908621 -64.843857
v 0.333158 19.327374 -64.337265
v -0.105143 19.397890 -64.866516
v -0.446324 19.353481 -64.245026
v -0.593404 18.904522 -64.788879
v -0.465419 18.514196 -65.248116
v 0.221251 18.517263 -65.284378
v 0.214560 19.201426 -65.353088
v -0.472110 19.198357 -65.316826
v 2.752751 19.716328 -63.480255
v 1.910013 19.726221 -63.495781
v 2.243602 19.557068 -63.928490
v 1.921987 20.573154 -63.444542
v 1.671797 20.142895 -63.841408
v 2.755371 20.563381 -63.433910
v 2.241262 20.724268 -63.914848
v 2.813067 20.138439 -64.001930
v 2.554554 19.711454 -64.486694
v 1.723966 19.711857 -64.315300
v 2.035590 19.548084 -64.880409
v 1.722421 20.561501 -64.320236
v 1.463458 20.132290 -64.762054
v 2.553009 20.561096 -64.491631
v 2.033496 20.716492 -64.890114
v 2.605629 20.132286 -65.008469
v 2.335453 19.721682 -65.418961
v 1.540356 19.721682 -65.247421
v 1.538898 20.535046 -65.254173
v 2.333995 20.535044 -65.425713
v -2.782645 17.389717 -64.769905
v -2.255071 17.470173 -64.888725
v -2.349802 18.005318 -64.947800
v -2.877375 17.924858 -64.828979
v 4.306851 -19.057243 -9.695487
v 0.000000 -17.066462 -5.925830
v -4.332026 -19.059809 -9.695486
v -0.151585 -22.606462 -9.013978
v -7.134182 -13.550306 -12.022993
v -4.298306 -15.937582 -17.601395
v -5.371174 -21.698933 -14.458823
v -0.000000 -10.034150 -18.120155
v 4.340981 -15.937931 -17.601397
v 0.221589 -20.779196 -19.903666
v 7.134182 -13.550305 -12.022994
v 5.441179 -21.686726 -14.458823
v 5.420556 -7.374881 0.670633
v -5.420556 -7.374882 0.670633
v 0.000000 -11.864696 -0.510238
v -5.420556 0.206686 -7.066583
v -7.786723 -6.664405 -6.251955
v 5.420556 0.206686 -7.066583
v -0.000000 -1.464116 -11.993672
v 7.786723 -6.664405 -6.251955
v 5.603750 -13.312628 -4.979052
v -5.603750 -13.312628 -4.979051
v -5.603750 -6.670211 -13.858012
v 5.603750 -6.670212 -13.858012
v 4.486236 -25.978922 -9.536409
v -5.065248 -26.037987 -9.536409
v -0.606340 -29.305065 -5.854005
v -4.289712 -25.659643 -19.966770
v -7.905296 -29.328226 -14.777352
v 5.271248 -25.667664 -19.966770
v 0.886357 -29.302563 -23.700703
v 8.185313 -29.279404 -14.777353
v 5.966886 -31.969675 -8.044140
v -6.545898 -32.028736 -8.044140
v -0.151585 -36.453705 -4.594173
v -5.770363 -31.993246 -21.482462
v -10.044973 -36.257687 -14.889777
v 6.751898 -32.001270 -21.482462
v 0.221589 -36.049465 -25.185379
v 10.114977 -36.245483 -14.889777
v 9.477512 -43.844849 -5.735208
v -9.502687 -43.847416 -5.735207
v -9.468967 -43.101196 -24.736753
v 9.511643 -43.101547 -24.736753
v 4.483581 13.329852 -9.753663
v -4.492864 13.339046 -9.752382
v -0.005961 12.690591 -14.325315
v -4.483581 22.229090 -8.512883
v -5.764595 18.410759 -13.579635
v 4.492864 22.219894 -8.514166
v 0.005961 24.119104 -12.835496
v 5.764595 18.398941 -13.581176
v 3.801151 15.188899 -18.163679
v -3.809021 15.196716 -18.162924
v -0.005879 13.689656 -21.746998
v -3.801151 22.757338 -17.433279
v -5.684747 19.349388 -21.671938
v 3.809021 22.749517 -17.434031
v 0.005879 24.997429 -21.597036
v 5.684747 19.337698 -21.672092
v 5.380963 14.068117 -25.049471
v -5.392066 14.079098 -25.050760
v -0.008379 10.921226 -28.111805
v -5.380963 24.777067 -25.841639
v -8.306767 19.168392 -29.066467
v 5.392066 24.766090 -25.840345
v 0.008379 27.399424 -30.013945
v 8.306767 19.152258 -29.059284
v 4.799721 13.828331 -31.819344
v -4.806336 13.836205 -31.832407
v 0.006544 13.991200 -35.043575
v -4.797439 23.366289 -32.995773
v -4.117360 18.094549 -35.439148
v 4.808617 23.358418 -32.982708
v 0.011705 22.194012 -35.802570
v 4.135609 18.090662 -35.406994
v 2.200145 15.806443 -38.046173
v -2.143055 15.806903 -38.080105
v 0.056242 15.280876 -40.719196
v -2.143116 20.134270 -38.165192
v -2.768232 18.096626 -40.631706
v 2.200083 20.133808 -38.131275
v 0.053251 20.912317 -40.486691
v 2.877726 18.096565 -40.574181
v 2.136671 16.215876 -43.179150
v -1.969454 16.215879 -43.224255
v 0.111619 15.615277 -45.727104
v -1.972430 20.312630 -42.959457
v -2.713464 18.431908 -45.566994
v 2.133694 20.312626 -42.914349
v 0.107369 21.248539 -45.344223
v 2.932451 18.431910 -45.504330
v 2.191473 16.551107 -48.118469
v -1.914647 16.551105 -48.164043
v 0.166366 15.950593 -50.659824
v -1.917738 20.648026 -47.885582
v -2.658716 18.767225 -50.499714
v 2.188383 20.648026 -47.840004
v 0.162117 21.583855 -50.276947
v 2.987199 18.767221 -50.437057
v 2.250570 16.878054 -53.155224
v -1.884612 16.864132 -53.169586
v -1.871568 20.979885 -52.920223
v 2.267805 20.992897 -52.855957
v -2.435958 17.475712 -62.987446
v -2.204101 17.377819 -63.601448
v -1.756781 17.561956 -63.281078
v -1.843536 17.901917 -63.782196
v -1.887424 18.286919 -63.381329
v -2.366363 18.300564 -63.680096
v -2.573961 18.201403 -63.083447
v -2.726928 17.776468 -63.499344
v -2.642631 17.444126 -63.977852
v -2.421405 17.354544 -64.451019
v -2.042341 17.533596 -64.134109
v -2.101176 17.809547 -64.579826
v -2.146691 18.150291 -64.180252
v -2.558141 18.147038 -64.523293
v -2.746981 18.060823 -64.023987
v -2.878370 17.692036 -64.394485
v -0.471091 18.588999 -64.211266
v -0.095432 18.415251 -64.766212
v 0.309033 18.563622 -64.216789
v 0.392830 18.908621 -64.843857
v 0.333158 19.327374 -64.337265
v -0.105143 19.397890 -64.866516
v -0.446324 19.353481 -64.245026
v -0.593404 18.904522 -64.788879
v -0.465419 18.514196 -65.248116
v 0.221251 18.517263 -65.284378
v 0.214560 19.201426 -65.353088
v -0.472110 19.198357 -65.316826
v 2.752751 19.716328 -63.480255
v 1.910013 19.726221 -63.495781
v 2.243602 19.557068 -63.928490
v 1.921987 20.573154 -63.444542
v 1.671797 20.142895 -63.841408
v 2.755371 20.563381 -63.433910
v 2.241262 20.724268 -63.914848
v 2.813067 20.138439 -64.001930
v 2.554554 19.711454 -64.486694
v 1.723966 19.711857 -64.315300
v 2.035590 19.548084 -64.880409
v 1.722421 20.561501 -64.320236
v 1.463458 20.132290 -64.762054
v 2.553009 20.561096 -64.491631
v 2.033496 20.716492 -64.890114
v 2.605629 20.132286 -65.008469
v 2.335453 19.721682 -65.418961
v 1.540356 19.721682 -65.247421
v 1.538898 20.535046 -65.254173
v 2.333995 20.535044 -65.425713
v -2.782645 17.389717 -64.769905
v -2.255071 17.470173 -64.888725
v -2.349802 18.005318 -64.947800
v -2.877375 17.924858 -64.828979
v 4.306851 -19.057243 -9.695487
v 0.000000 -17.066462 -5.925830
v -4.332026 -19.059809 -9.695486
v -0.151585 -22.606462 -9.013978
v -7.134182 -13.550306 -12.022993
v -4.298306 -15.937582 -17.601395
v -5.371174 -21.698933 -14.458823
v -0.000000 -10.034150 -18.120155
v 4.340981 -15.937931 -17.601397
v 0.221589 -20.779196 -19.903666
v 7.134182 -13.550305 -12.022994
v 5.441179 -21.686726 -14.458823
v 5.420556 -7.374881 0.670633
v -5.420556 -7.374882 0.670633
v 0.000000 -11.864696 -0.510238
v -5.420556 0.206686 -7.066583
v -7.786723 -6.664405 -6.251955
v 5.420556 0.206686 -7.066583
v -0.000000 -1.464116 -11.993672
v 7.786723 -6.664405 -6.251955
v 5.603750 -13.312628 -4.979052
v -5.603750 -13.312628 -4.979051
v -5.603750 -6.670211 -13.858012
v 5.603750 -6.670212 -13.858012
v 4.486236 -25.978922 -9.536409
v -5.065248 -26.037987 -9.536409
v -0.606340 -29.305065 -5.854005
v -4.289712 -25.659643 -19.966770
v -7.905296 -29.328226 -14.777352
v 5.271248 -25.667664 -19.966770
v 0.886357 -29.302563 -23.700703
v 8.185313 -29.279404 -14.777353
v 5.966886 -31.969675 -8.044140
v -6.545898 -32.028736 -8.044140
v -0.151585 -36.453705 -4.594173
v -5.770363 -31.993246 -21.482462
v -10.044973 -36.257687 -14.889777
v 6.751898 -32.001270 -21.482462
v 0.221589 -36.049465 -25.185379
v 10.114977 -36.245483 -14.889777
v 9.477512 -43.844849 -5.735208
v -9.502687 -43.847416 -5.735207
v -9.468967 -43.101196 -24.736753
v 9.511643 -43.101547 -24.736753
v 4.483581 13.329852 -9.753663
v -4.492864 13.339046 -9.752382
v -0.005961 12.690591 -14.325315
v -4.483581 22.229090 -8.512883
v -5.764595 18.410759 -13.579635
v 4.492864 22.219894 -8.514166
v 0.005961 24.119104 -12.835496
v 5.764595 18.398941 -13.581176
v 3.801151 15.188899 -18.163679
v -3.809021 15.196716 -18.162924
v -0.005879 13.689656 -21.746998
v -3.801151 22.757338 -17.433279
v -5.684747 19.349388 -21.671938
v 3.809021 22.749517 -17.434031
v 0.005879 24.997429 -21.597036
v 5.684747 19.337698 -21.672092
v 5.380963 14.068117 -25.049471
v -5.392066 14.079098 -25.050760
v -0.008379 10.921226 -28.111805
v -5.380963 24.777067 -25.841639
v -8.306767 19.168392 -29.066467
v 5.392066 24.766090 -25.840345
v 0.008379 27.399424 -30.013945
v 8.306767 19.152258 -29.059284
v 4.799721 13.828331 -31.819344
v -4.806336 13.836205 -31.832407
v 0.006544 13.991200 -35.043575
v -4.797439 23.366289 -32.995773
v -4.117360 18.094549 -35.439148
v 4.808617 23.358418 -32.982708
v 0.011705 22.194012 -35.802570
v 4.135609 18.090662 -35.406994
v 2.200145 15.806443 -38.046173
v -2.143055 15.806903 -38.080105
v 0.056242 15.280876 -40.719196
v -2.143116 20.134270 -38.165192
v -2.768232 18.096626 -40.631706
v 2.200083 20.133808 -38.131275
v 0.053251 20.912317 -40.486691
v 2.877726 18.096565 -40.574181
v 2.136671 16.215876 -43.179150
v -1.969454 16.215879 -43.224255
v 0.111619 15.615277 -45.727104
v -1.972430 20.312630 -42.959457
v -2.713464 18.431908 -45.566994
v 2.133694 20.312626 -42.914349
v 0.107369 21.248539 -45.344223
v 2.932451 18.431910 -45.504330
v 2.191473 16.551107 -48.118469
v -1.914647 16.551105 -48.164043
v 0.166366 15.950593 -50.659824
v -1.917738 20.648026 -47.885582
v -2.658716 18.767225 -50.499714
v 2.188383 20.648026 -47.840004
v 0.162117 21.583855 -50.276947
v 2.987199 18.767221 -50.437057
v 2.250570 16.878054 -53.155224
v -1.884612 16.864132 -53.169586
v -1.871568 20.979885 -52.920223
v 2.267805 20.992897 -52.855957
v -2.435958 17.475712 -62.987446
v -2.204101 17.377819 -63.601448
v -1.756781 17.561956 -63.281078
v -1.843536 17.901917 -63.782196
v -1.887424 18.286919 -63.381329
v -2.366363 18.300564 -63.680096
v -2.573961 18.201403 -63.083447
v -2.726928 17.776468 -63.499344
v -2.642631 17.444126 -63.977852
v -2.421405 17.354544 -64.451019
v -2.042341 17.533596 -64.134109
v -2.101176 17.809547 -64.579826
v -2.146691 18.150291 -64.180252
v -2.558141 18.147038 -64.523293
v -2.746981 18.060823 -64.023987
v -2.878370 17.692036 -64.394485
v -0.471091 18.588999 -64.211266
v -0.095432 18.415251 -64.766212
v 0.309033 18.563622 -64.216789
v 0.392830 18.908621 -64.843857
v 0.333158 19.327374 -64.337265
v -0.105143 19.397890 -64.866516
v -0.446324 19.353481 -64.245026
v -0.593404 18.904522 -64.788879
v -0.465419 18.514196 -65.248116
v 0.221251 18.517263 -65.284378
v 0.214560 19.201426 -65.353088
v -0.472110 19.198357 -65.316826
v 2.752751 19.716328 -63.480255
v 1.910013 19.726221 -63.495781
v 2.243602 19.557068 -63.928490
v 1.921987 20.573154 -63.444542
v 1.671797 20.142895 -63.841408
v 2.755371 20.563381 -63.433910
v 2.241262 20.724268 -63.914848
v 2.813067 20.138439 -64.001930
v 2.554554 19.711454 -64.486694
v 1.723966 19.711857 -64.315300
v 2.035590 19.548084 -64.880409
v 1.722421 20.561501 -64.320236
v 1.463458 20.132290 -64.762054
v 2.553009 20.561096 -64.491631
v 2.033496 20.716492 -64.890114
v 2.605629 20.132286 -65.008469
v 2.335453 19.721682 -65.418961
v 1.540356 19.721682 -65.247421
v 1.538898 20.535046 -65.254173
v 2.333995 20.535044 -65.425713
v -2.782645 17.389717 -64.769905
v -2.255071 17.470173 -64.888725
v -2.349802 18.005318 -64.947800
v -2.877375 17.924858 -64.828979
v -4.339626 -19.057362 9.695485
v -0.000000 -17.066458 5.925830
v 4.339626 -19.057364 9.695486
v -0.000000 -22.594147 9.013977
v 7.134182 -13.550303 12.022993
v 4.339626 -15.938606 17.601393
v 5.627115 -21.691591 14.458821
v 0.000000 -10.034147 18.120155
v -4.339626 -15.938606 17.601395
v 0.000000 -20.789032 19.903666
v -7.134182 -13.550303 12.022993
v -5.627115 -21.691587 14.458822
v -5.420556 -7.374881 -0.670633
v 5.420556 -7.374882 -0.670633
v -0.000000 -11.864696 0.510238
v 5.420556 0.206686 7.066583
v 7.786723 -6.664405 6.251955
v -5.420556 0.206686 7.066583
v 0.000000 -1.464115 11.993672
v -7.786723 -6.664405 6.251955
v -5.603750 -13.312626 4.979051
v 5.603750 -13.312626 4.979051
v 5.603750 -6.670209 13.858011
v -5.603750 -6.670209 13.858010
v -5.240074 -25.981745 9.536408
v 5.240074 -25.981747 9.536408
v -0.000000 -29.255829 5.854005
v 5.240074 -25.683249 19.966770
v 8.929059 -29.298870 14.777352
v -5.240074 -25.683250 19.966770
v 0.000000 -29.341908 23.700703
v -8.929059 -29.298870 14.777351
v -6.720724 -31.972496 8.044140
v 6.720724 -31.972494 8.044140
v 0.000000 -36.441391 4.594172
v 6.720724 -32.016850 21.482460
v 10.300915 -36.250343 14.889775
v -6.720724 -32.016853 21.482460
v -0.000000 -36.059296 25.185379
v -10.300915 -36.250343 14.889775
v -9.510287 -43.844963 5.735206
v 9.510288 -43.844967 5.735205
v 9.510288 -43.102219 24.736753
v -9.510288 -43.102215 24.736750
v -4.492864 13.339048 9.752384
v 4.483582 13.329853 9.753666
v -0.005961 12.690593 14.325317
v 4.492864 22.219896 8.514170
v 5.764595 18.398939 13.581178
v -4.483582 22.229090 8.512887
v 0.005961 24.119106 12.835498
v -5.764595 18.410761 13.579638
v -3.809021 15.196718 18.162926
v 3.801151 15.188898 18.163681
v -0.005879 13.689661 21.747000
v 3.809021 22.749519 17.434032
v 5.684746 19.337698 21.672096
v -3.801151 22.757338 17.433281
v 0.005879 24.997431 21.597040
v -5.684746 19.349390 21.671944
v -5.392066 14.079099 25.050764
v 5.380963 14.068117 25.049475
v -0.008379 10.921227 28.111809
v 5.392066 24.766088 25.840349
v 8.306767 19.152258 29.059288
v -5.380963 24.777071 25.841644
v 0.008379 27.399422 30.013950
v -8.306767 19.168392 29.066469
v -4.806336 13.836205 31.832407
v 4.799722 13.828334 31.819344
v 0.006544 13.991202 35.043575
v 4.808618 23.358418 32.982712
v 4.135609 18.090666 35.406994
v -4.797440 23.366289 32.995773
v 0.011705 22.194012 35.802570
v -4.117360 18.094547 35.439152
v -2.143055 15.806906 38.080105
v 2.200145 15.806444 38.046173
v 0.056243 15.280878 40.719193
v 2.200083 20.133812 38.131271
v 2.877727 18.096567 40.574181
v -2.143116 20.134270 38.165199
v 0.053252 20.912317 40.486691
v -2.768232 18.096630 40.631702
v -1.969453 16.215881 43.224251
v 2.136671 16.215876 43.179142
v 0.111619 15.615279 45.727104
v 2.133695 20.312626 42.914349
v 2.932452 18.431910 45.504326
v -1.972429 20.312634 42.959461
v 0.107370 21.248543 45.344223
v -2.713463 18.431913 45.566994
v -1.914647 16.551109 48.164040
v 2.191473 16.551107 48.118469
v 0.166367 15.950595 50.659828
v 2.188383 20.648027 47.840008
v 2.987199 18.767225 50.437057
v -1.917737 20.648027 47.885578
v 0.162117 21.583857 50.276951
v -2.658716 18.767225 50.499718
v -1.884612 16.864132 53.169582
v 2.250571 16.878057 53.155228
v 2.267806 20.992897 52.855957
v -1.871568 20.979889 52.920219
v -1.756782 17.561958 63.281082
v -2.204102 17.377821 63.601448
v -2.435958 17.475714 62.987450
v -2.726928 17.776468 63.499348
v -2.573961 18.201405 63.083450
v -2.366364 18.300566 63.680107
v -1.887425 18.286921 63.381332
v -1.843537 17.901918 63.782207
v -2.042341 17.533600 64.134117
v -2.421404 17.354548 64.451019
v -2.642632 17.444128 63.977863
v -2.878370 17.692038 64.394493
v -2.746982 18.060825 64.023994
v -2.558142 18.147039 64.523308
v -2.146691 18.150293 64.180252
v -2.101176 17.809551 64.579826
v 0.309034 18.563625 64.216797
v -0.095431 18.415253 64.766220
v -0.471090 18.589003 64.211266
v -0.593404 18.904522 64.788879
v -0.446324 19.353483 64.245026
v -0.105142 19.397892 64.866516
v 0.333158 19.327375 64.337273
v 0.392831 18.908623 64.843849
v 0.221252 18.517265 65.284378
v -0.465418 18.514198 65.248116
v -0.472110 19.198359 65.316818
v 0.214561 19.201429 65.353096
v 1.910012 19.726223 63.495781
v 2.752750 19.716330 63.480259
v 2.243602 19.557068 63.928490
v 2.755370 20.563379 63.433910
v 2.813068 20.138443 64.001938
v 1.921987 20.573154 63.444542
v 2.241263 20.724268 63.914848
v 1.671797 20.142895 63.841408
v 1.723967 19.711859 64.315292
v 2.554554 19.711452 64.486702
v 2.035591 19.548084 64.880402
v 2.553009 20.561096 64.491631
v 2.605629 20.132290 65.008476
v 1.722421 20.561502 64.320229
v 2.033497 20.716492 64.890114
v 1.463459 20.132286 64.762054
v 1.540357 19.721682 65.247421
v 2.335454 19.721682 65.418953
v 2.333996 20.535046 65.425713
v 1.538899 20.535044 65.254181
v -2.255071 17.470177 64.888733
v -2.782644 17.389721 64.769913
v -2.877375 17.924864 64.828979
v -2.349802 18.005316 64.947807
v 16.787460 42.886383 6.757578
v 16.814676 40.223434 9.209852
v 16.810429 45.856701 8.826966
v 16.837645 43.193752 11.279239
v 22.263115 55.744843 21.749844
v 25.737162 57.869728 -23.477428
v 16.149361 43.483246 -7.673107
v 16.176577 40.820301 -5.220834
v 16.172329 46.453560 -5.603721
v 16.199545 43.790619 -3.151447
v -9.742857 27.753223 0.011297
v 0.000000 26.795891 9.699434
v 3.973817 26.366003 0.000002
v -0.000000 26.403696 -3.971916
v -3.973817 26.366003 0.000002
v 0.000000 26.328308 3.971920
v 8.562396 24.573475 -0.002007
v -0.019741 24.564789 -8.765336
v -8.575665 24.560495 -0.000085
v 0.006475 24.569181 8.763244
v 16.028234 5.828815 0.038653
v -0.019741 5.639246 -16.186218
v -16.041500 5.815835 0.040575
v 0.006475 6.005403 16.265444
v -2.632413 17.639631 65.212852
v 1.843338 20.124580 65.771523
v -0.149660 18.810822 65.767288
v 0.000000 17.132030 4.529242
v -0.000000 15.175789 35.670219
v -0.000000 20.346775 35.670219
v 2.585494 17.761282 35.670219
v 0.000000 17.761282 33.084724
v -0.468921 20.767168 -60.700378
v 0.318961 16.562693 -58.054302
v -2.585494 17.761282 35.670223
v -0.000000 17.761282 38.255718
v 0.000000 -52.588432 15.717680
v 0.000000 -0.615432 0.254683
v -0.729623 17.366920 -60.748096
v 2.115342 16.998844 -60.155151
v 0.443898 18.082443 -63.286629
v -2.632414 17.639627 -65.212845
v 1.843337 20.124580 -65.771523
v -0.149660 18.810816 -65.767288
v 0.751545 21.614738 -57.858177
v -0.751545 21.614738 -57.858177
v -2.616461 21.148602 -60.231155
v -0.000000 17.132029 -4.529240
v -0.000000 -52.588440 -15.717681
v -0.000000 -0.615432 -0.254683
v -0.468921 20.767168 -60.700378
v -2.632414 17.639627 -65.212845
v 1.843337 20.124580 -65.771523
v -0.149660 18.810816 -65.767288
v -0.000000 17.132029 -4.529240
v 0.468921 20.767168 -60.700378
v -0.540318 19.994370 -63.417686
v -0.000000 -52.588440 -15.717681
v -0.000000 -0.615432 -0.254683
v -2.632414 17.639627 -65.212845
v 1.843337 20.124580 -65.771523
v -0.149660 18.810816 -65.767288
v 0.751545 21.614738 -57.858177
v -2.115343 16.998844 -60.155148
v -0.318961 16.562693 -58.054302
v -0.000000 17.132029 -4.529240
v -0.000000 -52.588440 -15.717681
v 2.616461 21.148602 -60.231159
v 0.540318 19.994366 -63.417690
v -0.000000 -0.615432 -0.254683
v -0.468921 20.767168 -60.700378
v 2.632414 17.639627 -65.212852
v -1.843337 20.124580 -65.771523
v -0.443898 18.082447 -63.286629
v 0.729622 17.366922 -60.748104
v 0.149660 18.810816 -65.767288
v -0.000000 17.132030 -4.529240
v -0.000000 -52.588440 -15.717681
v -0.000000 -0.615432 -0.254683
v -0.015558 -9.169507 0.149879
v -1.273824 17.962271 63.090473
v -1.913856 17.371130 62.472828
v 0.751545 21.614738 -57.858177
v -2.115343 16.998844 -60.155148
v -0.318961 16.562693 -58.054302
v -2.519909 17.899853 62.260174
v 1.520038 20.160086 63.263866
v 2.616461 21.148602 -60.231159
v 0.540318 19.994366 -63.417690
v 2.431760 20.749514 62.805939
v -0.468921 20.767168 60.700378
v 3.005353 20.115097 62.706551
v -1.899477 18.489994 -62.855938
v -0.443898 18.082447 -63.286629
v 0.729622 17.366922 -60.748104
v -2.519908 17.899851 -62.260170
v -1.913856 17.371128 -62.472824
v 2.116148 19.527159 -63.141537
v 3.005355 20.115095 -62.706547
v 2.431762 20.749517 -62.805935
v -1.899477 18.489994 -62.855938
v -2.519908 17.899851 -62.260170
v -1.913856 17.371128 -62.472824
v -2.115343 16.998844 -60.155148
v -0.318961 16.562693 -58.054302
v 2.116148 19.527159 -63.141537
v 3.005355 20.115095 -62.706547
v 2.616461 21.148602 -60.231159
v 0.540318 19.994366 -63.417690
v 2.431762 20.749517 -62.805935
v -1.899477 18.489994 -62.855938
v -0.454050 21.360851 -17.465624
v -2.519908 17.899851 -62.260170
v -0.443898 18.082447 -63.286629
v 0.729622 17.366922 -60.748104
v -1.913856 17.371128 -62.472824
v 2.116148 19.527159 -63.141537
v 3.005355 20.115095 -62.706547
v 0.751545 21.614738 57.858177
v 2.616460 21.148603 60.231155
v 2.431762 20.749517 -62.805935
v 1.273824 17.962269 -63.090469
v 0.148917 21.461878 17.417414
v -0.318961 16.562696 58.054302
v -2.115343 16.998844 60.155155
v 1.913856 17.371128 -62.472820
v 2.519908 17.899851 -62.260166
v -1.520039 20.160082 -63.263866
v -0.454050 14.680105 -19.346375
v 0.148917 14.795603 19.301413
v 0.540317 19.994368 63.417694
v -2.431762 20.749514 -62.805939
v -3.005355 20.115095 -62.706551
v -2.116148 19.527159 -63.141537
v -0.000000 0.103064 0.006265
v 0.729623 17.366922 60.748096
v -0.443898 18.082443 63.286629
v -0.200310 19.287855 0.013203
v 0.000000 0.858278 9.945186
v -0.000000 0.493441 -9.863018
v 14.680512 14.887130 -0.044579
v -14.985646 14.588578 -0.000382
v 12.797964 21.560640 -0.046204
v -13.103099 21.262091 -0.002006
v -9.908434 0.675860 0.041084
v 9.908433 0.675860 0.041084
v 3.087881 19.618301 -59.122734
v 3.087881 19.618301 -59.122734
v 3.087881 19.618301 -59.122734
v -3.087880 19.618301 -59.122730
v 3.087880 19.618301 59.122734
v -2.628361 18.477175 58.927292
v 2.628361 18.477175 -58.927288
v -2.628361 18.477173 -58.927288
v -2.628361 18.477173 -58.927288
v -2.628361 18.477173 -58.927288
v 1.795882 18.449026 61.545544
v -1.795882 18.449026 -61.545544
v 1.795882 18.449026 -61.545544
v 1.795882 18.449026 -61.545544
v 1.795882 18.449026 -61.545544
v -1.631765 19.602900 -61.324986
v -1.631765 19.602900 -61.324986
v -1.631765 19.602900 -61.324986
v -1.631765 19.602901 61.324982
v 1.631765 19.602900 -61.324982
v -1.273824 17.962271 -63.090466
v -1.899477 18.489996 62.855946
v -1.273824 17.962271 -63.090466
v -1.273824 17.962271 -63.090466
v 1.899477 18.489994 -62.855942
v 1.520039 20.160082 -63.263866
v 1.520039 20.160082 -63.263866
v 2.116148 19.527159 63.141537
v 0.663921 55.396015 -0.807579
v 1.520039 20.160082 -63.263866
v -0.000000 28.710556 -9.676840
v 9.742857 27.753223 0.011297
v 0.000000 26.566774 17.599535
v -17.593649 29.556664 0.306866
v -0.000000 32.546551 -16.985804
v 17.593649 29.556664 0.306866
v 0.000000 30.913574 17.594803
v -16.632429 34.070644 1.321096
v -0.000000 37.227715 -14.952610
v 16.632429 34.070644 1.321096
v 0.289273 45.004459 17.741346
v -17.592976 46.467834 0.596345
v 0.374648 48.179722 -16.589281
v 18.256895 46.716335 0.555719
v 0.282527 -4.185331 -20.391447
v -15.412447 -4.148441 0.115059
v -0.298555 -4.015564 20.621567
v 15.396419 -4.052455 0.115059
v -0.018948 -19.643673 -8.213128
v -5.934993 -17.498905 -13.648441
v 0.027699 -15.352610 -19.083752
v 5.943743 -17.497379 -13.648439
v 0.000000 -8.764940 2.160652
v -7.458999 -3.548575 -3.162756
v -0.000000 1.667790 -8.486164
v 7.458999 -3.548575 -3.162756
v 0.000000 -14.558081 -3.314247
v -7.705156 -9.991419 -9.418532
v -0.000000 -5.424758 -15.522818
v 7.705156 -9.991419 -9.418532
v -0.435807 -26.073103 -7.580717
v -6.469273 -25.853600 -14.751589
v 0.637069 -25.599003 -21.922459
v 6.670534 -25.818508 -14.751590
v -0.435807 -31.999571 -5.524455
v -8.505165 -32.015774 -14.763301
v 0.637069 -31.996887 -24.002148
v 8.706427 -31.980682 -14.763300
v -0.018948 -44.108040 -2.066287
v -13.157100 -43.588066 -15.242053
v 0.027699 -43.066570 -28.417816
v 13.165851 -43.586544 -15.242053
v 0.006401 11.641462 -9.932243
v -6.189748 17.765289 -9.078404
v -0.006401 23.901798 -8.222798
v 6.189748 17.777969 -9.076636
v 0.005411 13.775190 -18.300110
v -5.231993 18.967743 -17.798996
v -0.005411 24.171045 -17.296846
v 5.231993 18.978491 -17.797960
v 0.007633 12.067737 -24.901825
v -7.406457 19.415045 -25.444664
v -0.007633 26.777449 -25.989283
v 7.406457 19.430141 -25.446444
v 0.004976 12.045378 -31.607748
v -6.605305 18.591898 -32.398575
v -0.007257 25.149240 -33.207367
v 6.603024 18.602722 -32.416542
v -0.028556 14.995292 -38.047184
v -3.014463 17.970036 -38.082363
v -0.028472 20.945415 -38.164192
v 2.957436 17.970671 -38.129009
v -0.084167 15.447734 -43.251347
v -2.905081 18.264248 -43.038288
v -0.080074 21.080769 -42.887260
v 2.740840 18.264257 -43.100311
v -0.138992 15.782932 -48.193470
v -2.959826 18.599567 -47.970695
v -0.134743 21.416199 -47.810577
v 2.686090 18.599567 -48.033352
v -0.175077 16.118357 -53.165184
v -3.018477 18.944231 -52.980587
v -0.205942 21.738546 -52.789280
v 2.636640 18.910023 -53.033588
v 2.071184 17.382833 -63.115860
v 2.632995 17.822453 -62.979992
v 2.255878 18.380159 -63.250778
v 1.694067 17.940538 -63.386654
v 2.322920 17.373230 -64.047333
v 2.807361 17.735699 -63.971622
v 2.466402 18.221186 -64.110771
v 1.981962 17.858719 -64.186485
v 0.085886 18.445078 -64.235558
v 0.607298 18.978586 -64.196350
v 0.053935 19.471054 -64.340820
v -0.469382 18.936808 -64.263763
v 0.121116 18.386524 -65.258904
v 0.598168 18.855139 -65.281235
v 0.130323 19.327974 -65.353470
v -0.346730 18.859360 -65.331146
v -2.330014 19.562460 -63.497166
v -2.911197 20.138004 -63.454632
v -2.340047 20.727072 -63.430073
v -1.758864 20.151527 -63.472610
v -2.139549 19.552347 -64.400063
v -2.709517 20.136198 -64.521301
v -2.137425 20.720604 -64.406860
v -1.567459 20.136755 -64.285622
v -1.937056 19.568705 -65.337128
v -2.483103 20.128319 -65.459793
v -1.935050 20.687937 -65.346420
v -1.389003 20.128317 -65.223747
v 2.501797 17.328636 -64.822304
v 2.930000 17.641443 -64.781410
v 2.632202 18.064985 -64.903847
v 2.203998 17.752178 -64.944748
v -0.018948 -19.643673 -8.213128
v -5.934993 -17.498905 -13.648441
v 0.027699 -15.352610 -19.083752
v 5.943743 -17.497379 -13.648439
v 0.000000 -8.764940 2.160652
v -7.458999 -3.548575 -3.162756
v -0.000000 1.667790 -8.486164
v 7.458999 -3.548575 -3.162756
v 0.000000 -14.558081 -3.314247
v -7.705156 -9.991419 -9.418532
v -0.000000 -5.424758 -15.522818
v 7.705156 -9.991419 -9.418532
v -0.435807 -26.073103 -7.580717
v -6.469273 -25.853600 -14.751589
v 0.637069 -25.599003 -21.922459
v 6.670534 -25.818508 -14.751590
v -0.435807 -31.999571 -5.524455
v -8.505165 -32.015774 -14.763301
v 0.637069 -31.996887 -24.002148
v 8.706427 -31.980682 -14.763300
v -0.018948 -44.108040 -2.066287
v -13.157100 -43.588066 -15.242053
v 0.027699 -43.066570 -28.417816
v 13.165851 -43.586544 -15.242053
v -0.006401 11.641462 -9.932243
v -6.189748 17.777969 -9.076636
v 0.006401 23.901798 -8.222798
v 6.189748 17.765291 -9.078405
v -0.005411 13.775190 -18.300112
v -5.231993 18.978493 -17.797958
v 0.005411 24.171043 -17.296846
v 5.231993 18.967743 -17.798998
v -0.007633 12.067736 -24.901823
v -7.406457 19.430141 -25.446442
v 0.007633 26.777451 -25.989281
v 7.406457 19.415045 -25.444664
v -0.004976 12.045378 -31.607748
v -6.603024 18.602722 -32.416538
v 0.007257 25.149240 -33.207367
v 6.605304 18.591896 -32.398571
v 0.028556 14.995291 -38.047180
v -2.957436 17.970669 -38.129013
v 0.028472 20.945415 -38.164188
v 3.014463 17.970037 -38.082363
v 0.084167 15.447734 -43.251347
v -2.740840 18.264256 -43.100315
v 0.080074 21.080769 -42.887257
v 2.905081 18.264250 -43.038288
v 0.138992 15.782932 -48.193470
v -2.686090 18.599567 -48.033352
v 0.134743 21.416199 -47.810574
v 2.959825 18.599567 -47.970695
v 0.175077 16.118357 -53.165184
v -2.636640 18.910025 -53.033588
v 0.205943 21.738548 -52.789276
v 3.018477 18.944231 -52.980591
v -2.071184 17.382833 -63.115860
v -1.694067 17.940538 -63.386658
v -2.255878 18.380161 -63.250778
v -2.632995 17.822454 -62.979988
v -2.322920 17.373230 -64.047333
v -1.981962 17.858719 -64.186478
v -2.466402 18.221188 -64.110771
v -2.807360 17.735699 -63.971622
v -0.085886 18.445080 -64.235558
v 0.469382 18.936808 -64.263771
v -0.053935 19.471056 -64.340820
v -0.607298 18.978586 -64.196358
v -0.121116 18.386526 -65.258911
v 0.346730 18.859362 -65.331146
v -0.130323 19.327974 -65.353462
v -0.598168 18.855135 -65.281235
v 2.330014 19.562460 -63.497166
v 1.758864 20.151527 -63.472610
v 2.340047 20.727072 -63.430080
v 2.911197 20.138006 -63.454632
v 2.139550 19.552347 -64.400070
v 1.567458 20.136755 -64.285629
v 2.137425 20.720604 -64.406853
v 2.709516 20.136198 -64.521301
v 1.937056 19.568705 -65.337128
v 1.389003 20.128319 -65.223755
v 1.935050 20.687937 -65.346420
v 2.483103 20.128317 -65.459793
v -2.501797 17.328638 -64.822304
v -2.203999 17.752178 -64.944748
v -2.632202 18.064985 -64.903839
v -2.930000 17.641441 -64.781410
v -0.018948 -19.643673 -8.213128
v -5.934993 -17.498905 -13.648441
v 0.027699 -15.352610 -19.083752
v 5.943743 -17.497379 -13.648439
v 0.000000 -8.764940 2.160652
v -7.458999 -3.548575 -3.162756
v -0.000000 1.667790 -8.486164
v 7.458999 -3.548575 -3.162756
v 0.000000 -14.558081 -3.314247
v -7.705156 -9.991419 -9.418532
v -0.000000 -5.424758 -15.522818
v 7.705156 -9.991419 -9.418532
v -0.435807 -26.073103 -7.580717
v -6.469273 -25.853600 -14.751589
v 0.637069 -25.599003 -21.922459
v 6.670534 -25.818508 -14.751590
v -0.435807 -31.999571 -5.524455
v -8.505165 -32.015774 -14.763301
v 0.637069 -31.996887 -24.002148
v 8.706427 -31.980682 -14.763300
v -0.018948 -44.108040 -2.066287
v -13.157100 -43.588066 -15.242053
v 0.027699 -43.066570 -28.417816
v 13.165851 -43.586544 -15.242053
v -0.006401 11.641462 -9.932243
v -6.189748 17.777969 -9.076636
v 0.006401 23.901798 -8.222798
v 6.189748 17.765291 -9.078405
v -0.005411 13.775190 -18.300112
v -5.231993 18.978493 -17.797958
v 0.005411 24.171043 -17.296846
v 5.231993 18.967743 -17.798998
v -0.007633 12.067736 -24.901823
v -7.406457 19.430141 -25.446442
v 0.007633 26.777451 -25.989281
v 7.406457 19.415045 -25.444664
v -0.004976 12.045378 -31.607748
v -6.603024 18.602722 -32.416538
v 0.007257 25.149240 -33.207367
v 6.605304 18.591896 -32.398571
v 0.028556 14.995291 -38.047180
v -2.957436 17.970669 -38.129013
v 0.028472 20.945415 -38.164188
v 3.014463 17.970037 -38.082363
v 0.084167 15.447734 -43.251347
v -2.740840 18.264256 -43.100315
v 0.080074 21.080769 -42.887257
v 2.905081 18.264250 -43.038288
v 0.138992 15.782932 -48.193470
v -2.686090 18.599567 -48.033352
v 0.134743 21.416199 -47.810574
v 2.959825 18.599567 -47.970695
v 0.175077 16.118357 -53.165184
v -2.636640 18.910025 -53.033588
v 0.205943 21.738548 -52.789276
v 3.018477 18.944231 -52.980591
v -2.071184 17.382833 -63.115860
v -1.694067 17.940538 -63.386658
v -2.255878 18.380161 -63.250778
v -2.632995 17.822454 -62.979988
v -2.322920 17.373230 -64.047333
v -1.981962 17.858719 -64.186478
v -2.466402 18.221188 -64.110771
v -2.807360 17.735699 -63.971622
v -0.085886 18.445080 -64.235558
v 0.469382 18.936808 -64.263771
v -0.053935 19.471056 -64.340820
v -0.607298 18.978586 -64.196358
v -0.121116 18.386526 -65.258911
v 0.346730 18.859362 -65.331146
v -0.130323 19.327974 -65.353462
v -0.598168 18.855135 -65.281235
v 2.330014 19.562460 -63.497166
v 1.758864 20.151527 -63.472610
v 2.340047 20.727072 -63.430080
v 2.911197 20.138006 -63.454632
v 2.139550 19.552347 -64.400070
v 1.567458 20.136755 -64.285629
v 2.137425 20.720604 -64.406853
v 2.709516 20.136198 -64.521301
v 1.937056 19.568705 -65.337128
v 1.389003 20.128319 -65.223755
v 1.935050 20.687937 -65.346420
v 2.483103 20.128317 -65.459793
v -2.501797 17.328638 -64.822304
v -2.203999 17.752178 -64.944748
v -2.632202 18.064985 -64.903839
v -2.930000 17.641441 -64.781410
v -0.018948 -19.643673 -8.213128
v -5.934993 -17.498905 -13.648441
v 0.027699 -15.352610 -19.083752
v 5.943743 -17.497379 -13.648439
v 0.000000 -8.764940 2.160652
v -7.458999 -3.548575 -3.162756
v -0.000000 1.667790 -8.486164
v 7.458999 -3.548575 -3.162756
v 0.000000 -14.558081 -3.314247
v -7.705156 -9.991419 -9.418532
v -0.000000 -5.424758 -15.522818
v 7.705156 -9.991419 -9.418532
v -0.435807 -26.073103 -7.580717
v -6.469273 -25.853600 -14.751589
v 0.637069 -25.599003 -21.922459
v 6.670534 -25.818508 -14.751590
v -0.435807 -31.999571 -5.524455
v -8.505165 -32.015774 -14.763301
v 0.637069 -31.996887 -24.002148
v 8.706427 -31.980682 -14.763300
v -0.018948 -44.108040 -2.066287
v -13.157100 -43.588066 -15.242053
v 0.027699 -43.066570 -28.417816
v 13.165851 -43.586544 -15.242053
v -0.006401 11.641462 -9.932243
v -6.189748 17.777969 -9.076636
v 0.006401 23.901798 -8.222798
v 6.189748 17.765291 -9.078405
v -0.005411 13.775190 -18.300112
v -5.231993 18.978493 -17.797958
v 0.005411 24.171043 -17.296846
v 5.231993 18.967743 -17.798998
v -0.007633 12.067736 -24.901823
v -7.406457 19.430141 -25.446442
v 0.007633 26.777451 -25.989281
v 7.406457 19.415045 -25.444664
v -0.004976 12.045378 -31.607748
v -6.603024 18.602722 -32.416538
v 0.007257 25.149240 -33.207367
v 6.605304 18.591896 -32.398571
v 0.028556 14.995291 -38.047180
v -2.957436 17.970669 -38.129013
v 0.028472 20.945415 -38.164188
v 3.014463 17.970037 -38.082363
v 0.084167 15.447734 -43.251347
v -2.740840 18.264256 -43.100315
v 0.080074 21.080769 -42.887257
v 2.905081 18.264250 -43.038288
v 0.138992 15.782932 -48.193470
v -2.686090 18.599567 -48.033352
v 0.134743 21.416199 -47.810574
v 2.959825 18.599567 -47.970695
v 0.175077 16.118357 -53.165184
v -2.636640 18.910025 -53.033588
v 0.205943 21.738548 -52.789276
v 3.018477 18.944231 -52.980591
v -2.071184 17.382833 -63.115860
v -1.694067 17.940538 -63.386658
v -2.255878 18.380161 -63.250778
v -2.632995 17.822454 -62.979988
v -2.322920 17.373230 -64.047333
v -1.981962 17.858719 -64.186478
v -2.466402 18.221188 -64.110771
v -2.807360 17.735699 -63.971622
v -0.085886 18.445080 -64.235558
v 0.469382 18.936808 -64.263771
v -0.053935 19.471056 -64.340820
v -0.607298 18.978586 -64.196358
v -0.121116 18.386526 -65.258911
v 0.346730 18.859362 -65.331146
v -0.130323 19.327974 -65.353462
v -0.598168 18.855135 -65.281235
v 2.330014 19.562460 -63.497166
v 1.758864 20.151527 -63.472610
v 2.340047 20.727072 -63.430080
v 2.911197 20.138006 -63.454632
v 2.139550 19.552347 -64.400070
v 1.567458 20.136755 -64.285629
v 2.137425 20.720604 -64.406853
v 2.709516 20.136198 -64.521301
v 1.937056 19.568705 -65.337128
v 1.389003 20.128319 -65.223755
v 1.935050 20.687937 -65.346420
v 2.483103 20.128317 -65.459793
v -2.501797 17.328638 -64.822304
v -2.203999 17.752178 -64.944748
v -2.632202 18.064985 -64.903839
v -2.930000 17.641441 -64.781410
v -0.000000 -19.642128 8.213127
v 5.966986 -17.497984 13.648439
v 0.000000 -15.353838 19.083750
v -5.966986 -17.497982 13.648439
v -0.000000 -8.764940 -2.160652
v 7.458999 -3.548575 3.162756
v 0.000000 1.667791 8.486164
v -7.458999 -3.548575 3.162756
v -0.000000 -14.558078 3.314246
v 7.705156 -9.991417 9.418531
v 0.000000 -5.424757 15.522817
v -7.705156 -9.991417 9.418532
v -0.000000 -26.037714 7.580715
v 7.205102 -25.832499 14.751589
v 0.000000 -25.627281 21.922459
v -7.205102 -25.832497 14.751589
v 0.000000 -31.964178 5.524455
v 9.240995 -31.994671 14.763300
v -0.000000 -32.025162 24.002148
v -9.240995 -31.994671 14.763299
v -0.000000 -44.106491 2.066285
v 13.189094 -43.587139 15.242051
v 0.000000 -43.067791 28.417816
v -13.189094 -43.587143 15.242052
v -0.006401 11.641464 9.932245
v 6.189748 17.765291 9.078407
v 0.006401 23.901798 8.222800
v -6.189748 17.777969 9.076638
v -0.005411 13.775191 18.300114
v 5.231993 18.967745 17.799000
v 0.005411 24.171045 17.296850
v -5.231993 18.978493 17.797962
v -0.007633 12.067738 24.901825
v 7.406457 19.415045 25.444664
v 0.007633 26.777449 25.989286
v -7.406457 19.430141 25.446444
v -0.004976 12.045379 31.607748
v 6.605305 18.591898 32.398575
v 0.007257 25.149242 33.207367
v -6.603024 18.602722 32.416542
v 0.028556 14.995294 38.047184
v 3.014464 17.970037 38.082363
v 0.028472 20.945419 38.164192
v -2.957436 17.970673 38.129009
v 0.084167 15.447737 43.251347
v 2.905082 18.264252 43.038288
v 0.080075 21.080770 42.887260
v -2.740839 18.264259 43.100311
v 0.138993 15.782936 48.193470
v 2.959826 18.599567 47.970695
v 0.134743 21.416203 47.810577
v -2.686090 18.599571 48.033352
v 0.175078 16.118359 53.165184
v 3.018477 18.944233 52.980587
v 0.205943 21.738550 52.789280
v -2.636640 18.910025 53.033588
v -2.071184 17.382837 63.115871
v -2.632996 17.822456 62.979996
v -2.255879 18.380161 63.250782
v -1.694068 17.940542 63.386658
v -2.322921 17.373232 64.047340
v -2.807361 17.735703 63.971626
v -2.466402 18.221189 64.110779
v -1.981962 17.858721 64.186493
v -0.085886 18.445078 64.235558
v -0.607298 18.978588 64.196350
v -0.053935 19.471056 64.340820
v 0.469383 18.936810 64.263763
v -0.121115 18.386526 65.258904
v -0.598168 18.855139 65.281235
v -0.130323 19.327976 65.353470
v 0.346730 18.859364 65.331146
v 2.330013 19.562460 63.497166
v 2.911197 20.138004 63.454632
v 2.340047 20.727072 63.430073
v 1.758863 20.151527 63.472610
v 2.139550 19.552347 64.400063
v 2.709517 20.136198 64.521301
v 2.137425 20.720604 64.406860
v 1.567459 20.136755 64.285622
v 1.937057 19.568705 65.337128
v 2.483104 20.128319 65.459793
v 1.935051 20.687937 65.346420
v 1.389004 20.128317 65.223747
v -2.501796 17.328640 64.822311
v -2.930000 17.641445 64.781410
v -2.632201 18.064985 64.903854
v -2.203998 17.752178 64.944756
v 16.812551 43.040062 9.018408
v 16.174450 43.636932 -5.412276
vn -0.1024 -0.9918 -0.0769
vn -0.1466 -0.9746 -0.1691
vn -0.1356 -0.9813 -0.1364
vn -0.1031 -0.9935 -0.0474
vn 0.0269 -0.9987 -0.0442
vn -0.0269 -0.9987 -0.0442
vn -0.0301 -0.9995 -0.0061
vn 0.0301 -0.9995 -0.0061
vn 0.6912 -0.6640 -0.2854
vn 0.6296 -0.7487 0.2076
vn 0.4030 0.9021 0.1546
vn 0.4155 0.8967 -0.1525
vn -0.2709 -0.6068 -0.7473
vn 0.2709 -0.6068 -0.7473
vn 0.1589 0.8932 -0.4205
vn -0.1589 0.8932 -0.4205
vn -0.6296 -0.7487 0.2076
vn -0.6912 -0.6640 -0.2854
vn -0.4155 0.8967 -0.1525
vn -0.4030 0.9021 0.1546
vn 0.2158 -0.8100 0.5453
vn -0.2158 -0.8100 0.5453
vn -0.1477 0.9057 0.3974
vn 0.1477 0.9057 0.3974
vn 0.3196 0.9401 -0.1186
vn 0.3194 0.9402 0.1182
vn 0.4139 0.8991 0.1422
vn 0.4160 0.8977 -0.1454
vn -0.1167 0.9450 -0.3056
vn 0.1153 0.9453 -0.3053
vn 0.1237 0.9409 -0.3152
vn -0.1330 0.9393 -0.3162
vn -0.3218 0.9393 0.1190
vn -0.3216 0.9394 -0.1188
vn -0.4237 0.8944 -0.1436
vn -0.4271 0.8921 0.1473
vn 0.1155 0.9456 0.3041
vn -0.1162 0.9452 0.3050
vn -0.1299 0.9405 0.3139
vn 0.1258 0.9428 0.3088
vn 0.9345 0.1204 -0.3350
vn 0.9364 0.1205 0.3297
vn 0.9221 0.1835 0.3407
vn 0.9216 0.1743 -0.3467
vn -0.3661 -0.1094 -0.9241
vn 0.3661 -0.0892 -0.9263
vn 0.3486 0.1382 -0.9270
vn -0.3489 0.1359 -0.9273
vn -0.9350 0.1152 0.3355
vn -0.9396 0.0914 -0.3298
vn -0.9225 0.1704 -0.3463
vn -0.9220 0.1830 0.3414
vn 0.3677 -0.0886 0.9257
vn -0.3661 -0.0852 0.9266
vn -0.3490 0.1621 0.9230
vn 0.3492 0.1615 0.9230
vn 0.0603 0.1901 0.9799
vn -0.5044 0.1037 0.8572
vn -0.4017 -0.4674 0.7875
vn 0.1631 -0.3809 0.9101
vn -0.4379 -0.2541 0.8624
vn 0.0434 -0.2541 0.9662
vn 0.0425 0.2382 0.9703
vn -0.4387 0.2382 0.8665
vn 0.2473 0.2065 0.9467
vn -0.3467 0.2038 0.9156
vn -0.3409 -0.3880 0.8563
vn 0.2531 -0.3853 0.8874
vn -0.2254 0.0917 -0.9700
vn 0.2258 0.0912 -0.9699
vn 0.2254 -0.3556 -0.9071
vn -0.2258 -0.3552 -0.9071
vn 0.3061 -0.9015 0.3061
vn -0.3061 -0.9015 0.3061
vn -0.3061 -0.9015 -0.3061
vn 0.3061 -0.9015 -0.3061
vn 0.3061 0.9015 -0.3061
vn -0.3061 0.9015 -0.3061
vn -0.3061 0.9015 0.3061
vn 0.3061 0.9015 0.3061
vn 0.9015 0.3061 -0.3061
vn 0.9015 0.3061 0.3061
vn 0.9015 -0.3061 0.3061
vn 0.9015 -0.3061 -0.3061
vn -0.3061 0.3061 -0.9015
vn 0.3061 0.3061 -0.9015
vn 0.3061 -0.3061 -0.9015
vn -0.3061 -0.3061 -0.9015
vn -0.2167 0.9315 -0.2922
vn -0.4229 0.8348 -0.3526
vn -0.4209 0.8844 -0.2019
vn -0.0394 -0.9768 -0.2105
vn 0.2206 -0.9747 -0.0353
vn -0.2497 -0.9595 -0.1304
vn -0.9015 0.3061 0.3061
vn -0.9015 0.3061 -0.3061
vn -0.9015 -0.3061 -0.3061
vn -0.9015 -0.3061 0.3061
vn 0.3061 0.3061 0.9015
vn -0.3061 0.3061 0.9015
vn -0.3061 -0.3061 0.9015
vn 0.3061 -0.3061 0.9015
vn -0.1955 -0.9692 -0.1495
vn 0.1955 -0.9692 -0.1495
vn 0.1946 -0.9510 0.2402
vn -0.1946 -0.9510 0.2402
vn -0.1790 0.8131 -0.5540
vn 0.1790 0.8131 -0.5540
vn 0.1790 0.5609 -0.8083
vn -0.1790 0.5609 -0.8083
vn -0.3875 -0.8444 -0.3699
vn -0.1962 -0.9335 -0.3000
vn -0.4032 -0.8874 -0.2237
vn 0.6881 -0.7159 -0.1186
vn 0.4936 -0.8696 -0.0141
vn -0.0362 -0.9826 -0.1823
vn -0.2746 -0.8670 -0.4158
vn 0.2883 -0.5680 -0.7709
vn -0.1322 -0.9024 -0.4101
vn -0.5044 0.1037 -0.8572
vn 0.0603 0.1901 -0.9799
vn 0.1631 -0.3809 -0.9101
vn -0.4017 -0.4674 -0.7875
vn 0.0434 -0.2541 -0.9662
vn -0.4379 -0.2541 -0.8624
vn -0.4387 0.2382 -0.8665
vn 0.0425 0.2382 -0.9703
vn -0.3467 0.2038 -0.9156
vn 0.2473 0.2065 -0.9467
vn 0.2531 -0.3854 -0.8874
vn -0.3409 -0.3880 -0.8563
vn 0.2305 0.9731 -0.0052
vn -0.0421 0.9791 -0.1990
vn -0.2573 0.9611 -0.1005
vn 0.2573 0.9611 -0.1005
vn 0.0421 0.9791 -0.1990
vn -0.2305 0.9731 -0.0052
vn 0.0267 0.9842 -0.1751
vn -0.6955 0.7107 -0.1063
vn -0.5125 0.8587 0.0039
vn 0.2258 0.0912 0.9699
vn -0.2254 0.0917 0.9700
vn -0.2258 -0.3552 0.9071
vn 0.2254 -0.3556 0.9071
vn 0.1955 -0.9692 0.1495
vn -0.1955 -0.9692 0.1495
vn -0.1946 -0.9510 -0.2402
vn 0.1946 -0.9510 -0.2402
vn 0.1790 0.8131 0.5540
vn -0.1790 0.8131 0.5540
vn -0.1790 0.5609 0.8083
vn 0.1790 0.5609 0.8083
vn 0.4229 0.8348 -0.3526
vn 0.2167 0.9315 -0.2922
vn 0.4209 0.8844 -0.2019
vn 0.3337 0.8513 -0.4049
vn -0.1944 0.5008 -0.8435
vn 0.1722 0.8982 -0.4045
vn -0.6881 -0.7159 -0.1186
vn 0.0362 -0.9826 -0.1823
vn -0.4936 -0.8696 -0.0141
vn 0.0395 -0.9768 -0.2105
vn 0.2497 -0.9595 -0.1304
vn -0.2206 -0.9747 -0.0353
vn 0.6955 0.7107 -0.1063
vn -0.0267 0.9842 -0.1751
vn 0.5125 0.8587 0.0039
vn 0.1944 0.5008 -0.8435
vn -0.3337 0.8513 -0.4049
vn -0.1722 0.8982 -0.4045
vn -0.0603 0.1902 -0.9799
vn 0.5044 0.1037 -0.8572
vn 0.4017 -0.4674 -0.7875
vn -0.1631 -0.3810 -0.9101
vn 0.4379 -0.2541 -0.8624
vn -0.0434 -0.2541 -0.9662
vn -0.0425 0.2382 -0.9703
vn 0.4387 0.2382 -0.8665
vn 0.2746 -0.8670 -0.4158
vn 0.1322 -0.9024 -0.4101
vn -0.2883 -0.5680 -0.7709
vn 0.1962 -0.9335 -0.3000
vn 0.3875 -0.8444 -0.3699
vn 0.4032 -0.8874 -0.2237
vn -0.2473 0.2065 -0.9467
vn 0.3467 0.2038 -0.9156
vn 0.3409 -0.3880 -0.8563
vn -0.2531 -0.3854 -0.8874
vn 0.2254 0.0917 0.9700
vn -0.2258 0.0912 0.9699
vn -0.2254 -0.3556 0.9071
vn 0.2258 -0.3552 0.9071
vn 0.1193 -0.9901 0.0734
vn -0.1106 -0.9914 0.0698
vn -0.1068 -0.9913 -0.0772
vn 0.1173 -0.9904 -0.0729
vn -0.2828 -0.3697 0.8851
vn 0.0279 -0.1076 0.9938
vn 0.3960 -0.5858 0.7071
vn 0.3003 -0.8287 0.4723
vn 0.1371 -0.9655 0.2213
vn 0.3005 -0.9330 0.1982
vn -0.2719 -0.9623 -0.0103
vn -0.4422 -0.8887 0.1213
vn -0.9389 -0.3436 0.0218
vn -0.8755 -0.4678 -0.1209
vn -0.9456 0.2925 -0.1424
vn -0.9634 0.2581 0.0720
vn 0.2162 0.3082 0.9264
vn 0.0934 0.1626 0.9823
vn -0.3927 0.5823 0.7118
vn -0.3139 0.8372 0.4479
vn -0.1162 0.9715 0.2067
vn -0.2525 0.9593 0.1261
vn 0.3884 0.9175 0.0863
vn 0.4843 0.8663 0.1220
vn -0.4229 0.8348 0.3526
vn -0.2167 0.9315 0.2922
vn -0.4209 0.8844 0.2019
vn 0.9747 0.2214 0.0304
vn 0.9450 0.3154 0.0862
vn 0.8938 -0.4475 0.0289
vn 0.8941 -0.4365 0.1002
vn -0.3693 0.6960 -0.6158
vn -0.0473 0.8533 -0.5193
vn -0.3777 0.9258 -0.0152
vn -0.5418 0.7769 -0.3209
vn -0.9634 0.2581 -0.0720
vn -0.9456 0.2925 0.1425
vn -0.8755 -0.4678 0.1210
vn -0.9389 -0.3436 -0.0218
vn -0.4422 -0.8887 -0.1213
vn -0.2719 -0.9623 0.0103
vn 0.3005 -0.9330 -0.1982
vn 0.1371 -0.9655 -0.2213
vn 0.2820 -0.6705 -0.6862
vn 0.0251 -0.5923 -0.8053
vn 0.2724 -0.9605 -0.0574
vn 0.3997 -0.8516 -0.3392
vn 0.8941 -0.4365 -0.1002
vn 0.8938 -0.4475 -0.0289
vn 0.9450 0.3154 -0.0862
vn 0.9747 0.2214 -0.0304
vn 0.4843 0.8663 -0.1220
vn 0.3884 0.9175 -0.0863
vn -0.2525 0.9593 -0.1261
vn -0.1162 0.9715 -0.2067
vn -0.3558 0.6656 -0.6560
vn -0.1920 0.9019 -0.3868
vn 0.1699 0.9041 -0.3922
vn 0.3333 0.6567 -0.6765
vn -0.0421 0.9791 0.1990
vn 0.2305 0.9731 0.0052
vn -0.2573 0.9611 0.1005
vn -0.0267 0.9842 0.1751
vn 0.6955 0.7107 0.1063
vn 0.5125 0.8587 -0.0039
vn 0.2828 -0.3697 -0.8851
vn -0.0279 -0.1076 -0.9938
vn -0.3960 -0.5858 -0.7071
vn -0.3003 -0.8287 -0.4723
vn 0.1779 0.9080 0.3793
vn -0.1867 0.9024 0.3885
vn -0.3529 0.6558 0.6673
vn 0.3510 0.6633 0.6609
vn 0.2497 -0.9595 0.1304
vn 0.0395 -0.9768 0.2105
vn -0.2206 -0.9747 0.0353
vn 0.0362 -0.9826 0.1823
vn -0.6881 -0.7159 0.1186
vn -0.4936 -0.8696 0.0141
vn -0.1371 -0.9655 -0.2213
vn -0.3005 -0.9330 -0.1982
vn 0.2719 -0.9623 0.0103
vn 0.4422 -0.8887 -0.1213
vn 0.9389 -0.3436 -0.0218
vn 0.8755 -0.4678 0.1209
vn 0.9456 0.2925 0.1424
vn 0.9634 0.2581 -0.0720
vn -0.2162 0.3082 -0.9264
vn -0.0934 0.1626 -0.9823
vn 0.3927 0.5823 -0.7118
vn 0.3139 0.8372 -0.4479
vn 0.3813 -0.3714 -0.8466
vn -0.3707 -0.4176 -0.8296
vn -0.4442 -0.2165 -0.8694
vn 0.4454 -0.1784 -0.8774
vn -0.4458 -0.1849 0.8758
vn -0.3766 -0.3824 0.8438
vn 0.3836 -0.3857 0.8391
vn 0.4579 -0.1890 0.8687
vn 0.1944 0.5008 0.8435
vn -0.1722 0.8982 0.4045
vn -0.3337 0.8513 0.4049
vn 0.1162 0.9715 -0.2067
vn 0.2525 0.9593 -0.1261
vn -0.3884 0.9175 -0.0863
vn -0.4843 0.8663 -0.1220
vn -0.9747 0.2214 -0.0304
vn -0.9450 0.3154 -0.0862
vn -0.8938 -0.4475 -0.0289
vn -0.8941 -0.4365 -0.1002
vn -0.3997 -0.8516 -0.3392
vn -0.2724 -0.9605 -0.0574
vn -0.0251 -0.5923 -0.8053
vn -0.2820 -0.6705 -0.6862
vn 0.0281 -0.9987 0.0432
vn -0.0281 -0.9987 0.0432
vn -0.0273 -0.9996 -0.0122
vn 0.0273 -0.9996 -0.0122
vn 0.3875 -0.8444 0.3699
vn 0.1962 -0.9335 0.3000
vn 0.4032 -0.8874 0.2237
vn 0.2746 -0.8670 0.4158
vn -0.2883 -0.5680 0.7709
vn 0.1322 -0.9024 0.4101
vn 0.0154 -0.9999 0.0004
vn 0.0154 -0.9999 0.0065
vn 0.0254 -0.9997 0.0062
vn 0.0254 -0.9997 0.0002
vn -0.0332 -0.9935 0.1085
vn -0.0279 -0.9949 0.0969
vn 0.0279 -0.9949 0.0969
vn 0.0332 -0.9935 0.1085
vn 0.0261 -0.9981 -0.0567
vn -0.0261 -0.9981 -0.0567
vn -0.0313 -0.9975 -0.0641
vn 0.0313 -0.9975 -0.0641
vn 0.9555 0.0447 0.2916
vn 0.9510 0.0555 -0.3043
vn 0.9535 0.1281 -0.2728
vn 0.9602 0.1205 0.2521
vn -0.9501 0.0272 0.3109
vn -0.9529 0.1091 0.2830
vn -0.9667 0.0861 -0.2409
vn -0.9586 -0.0116 -0.2845
vn 0.6531 0.7297 -0.2027
vn 0.6480 0.7374 0.1908
vn 0.8811 0.4143 0.2279
vn 0.8788 0.4075 -0.2482
vn -0.8718 0.4200 0.2521
vn -0.6568 0.7262 0.2030
vn -0.6452 0.7417 -0.1833
vn -0.8739 0.4367 -0.2137
vn -0.0779 -0.9960 0.0448
vn -0.0874 -0.9948 0.0523
vn -0.0852 -0.9963 -0.0122
vn -0.0757 -0.9971 -0.0091
vn 0.0779 -0.9960 0.0448
vn 0.0757 -0.9971 -0.0091
vn 0.0852 -0.9963 -0.0122
vn 0.0874 -0.9948 0.0523
vn 0.9393 -0.3303 -0.0924
vn 0.9916 0.1284 -0.0144
vn 0.9701 0.2299 0.0777
vn 0.9394 -0.3417 -0.0272
vn -0.9916 0.1284 -0.0144
vn -0.9393 -0.3303 -0.0924
vn -0.9394 -0.3417 -0.0272
vn -0.9701 0.2299 0.0777
vn 0.9393 -0.3303 0.0924
vn 0.9394 -0.3417 0.0272
vn 0.9701 0.2299 -0.0777
vn 0.9916 0.1284 0.0144
vn -0.9824 -0.1850 0.0237
vn -0.9712 0.2245 0.0803
vn -0.9516 0.3069 0.0164
vn -0.9642 -0.2565 -0.0667
vn 0.9712 0.2245 -0.0803
vn 0.9516 0.3069 -0.0164
vn 0.9642 -0.2565 0.0667
vn 0.9824 -0.1850 -0.0237
vn -0.9824 -0.1850 -0.0237
vn -0.9642 -0.2565 0.0667
vn -0.9516 0.3069 -0.0164
vn -0.9712 0.2245 -0.0803
vn 0.5864 -0.6916 0.4217
vn 0.6492 -0.7116 0.2687
vn 0.5693 -0.7479 0.3415
vn 0.5445 -0.6216 0.5631
vn -0.5445 -0.6216 -0.5631
vn -0.5864 -0.6916 -0.4217
vn -0.6492 -0.7116 -0.2687
vn -0.5693 -0.7479 -0.3415
vn 0.5864 -0.6916 -0.4217
vn 0.5445 -0.6216 -0.5631
vn 0.5693 -0.7479 -0.3415
vn 0.6492 -0.7116 -0.2687
vn -0.6709 0.6357 -0.3818
vn -0.6821 0.5157 -0.5184
vn -0.6910 0.6474 -0.3216
vn -0.7168 0.6573 -0.2327
vn -0.6821 0.5157 0.5184
vn -0.6709 0.6357 0.3818
vn -0.7168 0.6573 0.2327
vn -0.6910 0.6474 0.3216
vn 0.6709 0.6357 -0.3818
vn 0.7168 0.6573 -0.2327
vn 0.6910 0.6474 -0.3216
vn 0.6821 0.5157 -0.5184
vn 0.3003 -0.8287 -0.4723
vn 0.3960 -0.5858 -0.7071
vn 0.0279 -0.1076 -0.9938
vn -0.2828 -0.3697 -0.8851
vn -0.5418 0.7769 0.3208
vn -0.3777 0.9258 0.0152
vn -0.0473 0.8533 0.5193
vn -0.3693 0.6960 0.6158
vn 0.5418 0.7769 -0.3209
vn 0.3777 0.9258 -0.0152
vn 0.0473 0.8533 -0.5193
vn 0.3693 0.6960 -0.6158
vn -0.3139 0.8372 -0.4479
vn -0.3928 0.5823 -0.7118
vn 0.0934 0.1626 -0.9823
vn 0.2162 0.3082 -0.9264
vn 0.3997 -0.8516 0.3392
vn 0.2724 -0.9605 0.0574
vn 0.0251 -0.5923 0.8053
vn 0.2819 -0.6705 0.6862
vn -0.0365 0.9970 0.0685
vn -0.1750 0.9807 -0.0872
vn -0.1743 0.9615 0.2126
vn -0.0553 0.9976 0.0421
vn -0.0662 -0.9549 -0.2894
vn 0.0662 -0.9549 -0.2894
vn 0.0590 -0.9685 -0.2421
vn -0.0590 -0.9685 -0.2421
vn 0.1466 -0.9746 -0.1691
vn 0.1024 -0.9918 -0.0769
vn 0.1031 -0.9935 -0.0474
vn 0.1356 -0.9813 -0.1364
vn 0.3504 -0.1843 0.9183
vn -0.3504 -0.1843 0.9183
vn -0.0792 -0.9949 0.0628
vn 0.0792 -0.9949 0.0628
vn -0.9355 -0.0327 0.3517
vn -0.9344 0.1243 -0.3338
vn -0.5017 -0.8063 -0.3133
vn -0.3426 -0.9394 -0.0125
vn -0.3495 0.2453 -0.9042
vn 0.3495 0.2453 -0.9042
vn 0.2208 -0.6790 -0.7001
vn -0.2208 -0.6790 -0.7001
vn 0.9344 0.1243 -0.3338
vn 0.9355 -0.0327 0.3517
vn 0.3426 -0.9394 -0.0125
vn 0.5017 -0.8063 -0.3133
vn 0.3455 -0.0070 0.9384
vn -0.3455 -0.0070 0.9384
vn -0.3385 0.0758 0.9379
vn 0.3385 0.0758 0.9379
vn -0.9321 -0.0005 0.3622
vn -0.9349 -0.0014 -0.3550
vn -0.8970 0.3470 -0.2738
vn -0.9014 0.1970 0.3857
vn -0.3439 0.0300 -0.9385
vn 0.3439 0.0300 -0.9385
vn 0.3330 0.4789 -0.8123
vn -0.3330 0.4789 -0.8123
vn 0.9349 -0.0014 -0.3550
vn 0.9321 -0.0005 0.3622
vn 0.9014 0.1970 0.3857
vn 0.8970 0.3470 -0.2738
vn -0.1093 -0.1149 0.9873
vn -0.2996 0.5070 0.8082
vn -0.3516 0.0120 0.9361
vn 0.3097 -0.0850 0.9470
vn -0.7878 0.5111 0.3437
vn -0.8414 0.4770 -0.2539
vn -0.9167 -0.1627 -0.3649
vn -0.9280 -0.0589 0.3678
vn -0.3352 0.3720 -0.8656
vn -0.0936 -0.4023 -0.9107
vn 0.2696 -0.3266 -0.9059
vn -0.3281 -0.2133 -0.9202
vn 0.9030 -0.4210 0.0857
vn 0.9414 -0.3350 -0.0380
vn 0.9289 -0.1874 0.3193
vn 0.8943 -0.3045 -0.3277
vn 0.3064 -0.7211 -0.6214
vn -0.2960 -0.7236 -0.6235
vn -0.3567 0.4329 -0.8279
vn 0.3514 0.4623 -0.8141
vn -0.6307 -0.7590 -0.1615
vn -0.6493 -0.7447 0.1544
vn -0.9419 -0.1433 0.3038
vn -0.9363 -0.1715 -0.3066
vn -0.3172 -0.6928 0.6476
vn 0.3147 -0.6974 0.6439
vn 0.3660 0.4081 0.8363
vn -0.3643 0.4334 0.8243
vn 0.6391 -0.7498 0.1710
vn 0.6373 -0.7575 -0.1415
vn 0.9445 -0.1448 -0.2950
vn 0.9321 -0.1787 0.3151
vn 0.3353 -0.6192 0.7101
vn -0.3358 -0.6167 0.7120
vn -0.3518 -0.2408 0.9046
vn 0.3482 -0.2647 0.8993
vn -0.9050 -0.3766 0.1980
vn -0.9020 -0.0797 -0.4244
vn -0.9203 -0.0408 -0.3891
vn -0.9381 -0.1725 0.3002
vn -0.3332 0.1610 -0.9290
vn 0.3339 0.1640 -0.9282
vn 0.3498 0.1427 -0.9259
vn -0.3446 0.1210 -0.9309
vn 0.9043 -0.0764 -0.4201
vn 0.9034 -0.3795 0.1996
vn 0.9257 -0.1916 0.3262
vn 0.9361 -0.0130 -0.3515
vn 0.2752 -0.1707 0.9461
vn -0.2752 -0.1707 0.9461
vn -0.3505 -0.6101 0.7106
vn 0.3505 -0.6101 0.7106
vn -0.7941 0.1929 0.5764
vn -0.7957 0.5777 0.1822
vn -0.9329 0.2972 -0.2034
vn -0.9339 -0.1960 0.2991
vn -0.2754 0.9422 -0.1908
vn 0.2754 0.9422 -0.1908
vn 0.3496 0.7005 -0.6221
vn -0.3496 0.7005 -0.6221
vn 0.7957 0.5777 0.1822
vn 0.7941 0.1929 0.5764
vn 0.9339 -0.1960 0.2991
vn 0.9329 0.2972 -0.2034
vn 0.3465 -0.6737 0.6527
vn -0.3465 -0.6737 0.6527
vn -0.3400 -0.6732 0.6567
vn 0.3400 -0.6732 0.6567
vn -0.9343 -0.2601 0.2437
vn -0.9353 0.2305 -0.2686
vn -0.9302 0.1139 -0.3488
vn -0.9245 -0.3171 0.2116
vn -0.3481 0.6249 -0.6988
vn 0.3481 0.6249 -0.6988
vn 0.3461 0.4597 -0.8179
vn -0.3461 0.4597 -0.8179
vn 0.9353 0.2305 -0.2686
vn 0.9343 -0.2601 0.2437
vn 0.9245 -0.3171 0.2116
vn 0.9302 0.1139 -0.3488
vn 0.3308 0.3173 0.8888
vn -0.3406 0.3551 0.8706
vn -0.3516 0.4471 0.8225
vn 0.3317 0.4247 0.8424
vn -0.9140 0.2746 0.2988
vn -0.9049 0.2409 -0.3509
vn -0.8665 0.3489 -0.3570
vn -0.8904 0.3873 0.2393
vn -0.3495 0.3344 -0.8752
vn 0.3585 0.3814 -0.8521
vn 0.3583 0.4228 -0.8324
vn -0.3436 0.3882 -0.8551
vn 0.9201 0.3035 -0.2478
vn 0.8869 0.2489 0.3891
vn 0.8516 0.3781 0.3630
vn 0.8914 0.3916 -0.2280
vn 0.3650 0.1444 0.9197
vn -0.3867 0.1066 0.9160
vn -0.3630 0.1871 0.9128
vn 0.3502 0.2223 0.9099
vn -0.9503 0.1709 0.2604
vn -0.9027 0.2149 -0.3728
vn -0.8732 0.3481 -0.3410
vn -0.9143 0.2749 0.2975
vn -0.3653 0.1456 -0.9194
vn 0.3867 0.0856 -0.9182
vn 0.3593 0.2442 -0.9007
vn -0.3444 0.3025 -0.8887
vn 0.9551 0.1400 -0.2610
vn 0.9065 0.1927 0.3757
vn 0.8877 0.2941 0.3542
vn 0.9167 0.2722 -0.2924
vn 0.3366 0.3007 0.8923
vn -0.3401 0.2921 0.8939
vn -0.3208 -0.2671 0.9087
vn 0.3206 -0.2655 0.9092
vn -0.8801 0.3386 0.3328
vn -0.8645 0.3876 -0.3199
vn -0.9221 -0.2012 -0.3305
vn -0.9213 -0.2348 0.3100
vn -0.3307 0.4001 -0.8548
vn 0.3348 0.3863 -0.8595
vn 0.3218 -0.1775 -0.9300
vn -0.3216 -0.1749 -0.9306
vn 0.8766 0.3680 -0.3100
vn 0.8732 0.3434 0.3459
vn 0.9211 -0.2336 0.3116
vn 0.9218 -0.2050 -0.3291
vn 0.3052 -0.9206 0.2435
vn -0.3034 -0.9212 0.2434
vn -0.3498 -0.9115 -0.2161
vn 0.3518 -0.9108 -0.2160
vn -0.8780 -0.3534 0.3230
vn -0.8787 0.2493 0.4072
vn -0.9329 0.3583 -0.0360
vn -0.9318 -0.3371 -0.1345
vn -0.3051 0.8185 0.4868
vn 0.3033 0.8191 0.4869
vn 0.3502 0.9356 0.0453
vn -0.3521 0.9349 0.0452
vn 0.8780 0.2511 0.4074
vn 0.8786 -0.3516 0.3232
vn 0.9326 -0.3351 -0.1343
vn 0.9322 0.3602 -0.0358
vn 0.3482 -0.9046 -0.2457
vn -0.3463 -0.9054 -0.2458
vn -0.3478 -0.9373 0.0226
vn 0.3498 -0.9366 0.0227
vn -0.9284 -0.3332 -0.1644
vn -0.9311 0.3585 -0.0678
vn -0.9297 0.3424 0.1358
vn -0.9310 -0.3565 0.0783
vn -0.3501 0.9367 0.0106
vn 0.3482 0.9374 0.0107
vn 0.3458 0.9210 0.1793
vn -0.3477 0.9203 0.1793
vn 0.9304 0.3604 -0.0675
vn 0.9291 -0.3313 -0.1641
vn 0.9317 -0.3546 0.0785
vn 0.9290 0.3443 0.1360
vn 0.3219 -0.8459 0.4252
vn -0.3202 -0.8466 0.4252
vn -0.3401 -0.8868 0.3128
vn 0.3420 -0.8862 0.3126
vn -0.8589 -0.3105 0.4072
vn -0.8614 0.3377 0.3793
vn -0.9117 0.3621 0.1941
vn -0.9113 -0.3207 0.2583
vn -0.3222 0.8750 0.3613
vn 0.3205 0.8757 0.3612
vn 0.3396 0.9293 0.1454
vn -0.3414 0.9286 0.1455
vn 0.8608 0.3395 0.3792
vn 0.8596 -0.3087 0.4071
vn 0.9120 -0.3188 0.2579
vn 0.9111 0.3639 0.1937
vn 0.3231 -0.9011 -0.2893
vn -0.3219 -0.9015 -0.2894
vn -0.2904 -0.8314 -0.4738
vn 0.2896 -0.8315 -0.4741
vn -0.8517 -0.3671 -0.3741
vn -0.8426 0.2618 -0.4706
vn -0.7340 0.2043 -0.6477
vn -0.7573 -0.3475 -0.5530
vn -0.3138 0.7754 -0.5480
vn 0.3116 0.7764 -0.5478
vn 0.2655 0.6391 -0.7218
vn -0.2694 0.6378 -0.7216
vn 0.8421 0.2638 -0.4704
vn 0.8524 -0.3656 -0.3738
vn 0.7567 -0.3469 -0.5542
vn 0.7326 0.2061 -0.6487
vn 0.3256 -0.8951 -0.3047
vn -0.3284 -0.8952 -0.3013
vn -0.3496 -0.9319 -0.0972
vn 0.3478 -0.9318 -0.1041
vn -0.8737 -0.3499 -0.3379
vn -0.8694 0.3023 -0.3909
vn -0.9353 0.3523 -0.0344
vn -0.9342 -0.3503 -0.0669
vn -0.3258 0.8389 -0.4360
vn 0.3205 0.8392 -0.4393
vn 0.3499 0.9366 -0.0171
vn -0.3502 0.9366 -0.0096
vn 0.8651 0.3025 -0.4002
vn 0.8700 -0.3498 -0.3474
vn 0.9326 -0.3505 -0.0860
vn 0.9344 0.3520 -0.0540
vn 0.3501 -0.9344 -0.0657
vn -0.3514 -0.9344 -0.0580
vn -0.3518 -0.9342 -0.0594
vn 0.3504 -0.9342 -0.0671
vn -0.9364 -0.3507 -0.0132
vn -0.9359 0.3507 0.0346
vn -0.9360 0.3504 0.0343
vn -0.9365 -0.3504 -0.0134
vn -0.3500 0.9342 0.0692
vn 0.3514 0.9342 0.0613
vn 0.3518 0.9342 0.0598
vn -0.3504 0.9342 0.0676
vn 0.9364 0.3506 0.0137
vn 0.9359 -0.3507 -0.0339
vn 0.9360 -0.3504 -0.0342
vn 0.9365 0.3504 0.0135
vn 0.3504 -0.9342 -0.0674
vn -0.3518 -0.9342 -0.0596
vn -0.9365 -0.3503 -0.0134
vn -0.9360 0.3503 0.0342
vn -0.3504 0.9342 0.0674
vn 0.3518 0.9342 0.0596
vn 0.9365 0.3503 0.0134
vn 0.9360 -0.3503 -0.0342
vn 0.3451 -0.9367 -0.0589
vn -0.3476 -0.9359 -0.0575
vn -0.3203 -0.9452 -0.0633
vn 0.3036 -0.9526 -0.0202
vn -0.9371 -0.3490 -0.0114
vn -0.9375 0.3458 0.0394
vn -0.9471 0.3149 0.0622
vn -0.9356 -0.3523 -0.0207
vn -0.3458 0.9358 0.0679
vn 0.3486 0.9357 0.0544
vn 0.3306 0.9437 0.0078
vn -0.3122 0.9479 0.0630
vn 0.9373 0.3482 0.0134
vn 0.9375 -0.3472 -0.0243
vn 0.9461 -0.3231 0.0235
vn 0.9386 0.3449 -0.0030
vn -0.4506 -0.8845 -0.1207
vn 0.2150 -0.9738 0.0741
vn 0.2243 -0.9711 0.0814
vn -0.4163 -0.8999 -0.1298
vn 0.8509 -0.4868 0.1976
vn 0.9682 0.1958 0.1560
vn 0.9557 0.2263 0.1884
vn 0.8499 -0.4848 0.2065
vn 0.5042 0.8630 -0.0320
vn -0.1651 0.9612 -0.2208
vn -0.1408 0.9548 -0.2618
vn 0.4501 0.8927 0.0199
vn -0.8115 0.4633 -0.3561
vn -0.9202 -0.2309 -0.3160
vn -0.8356 -0.3346 -0.4356
vn -0.7235 0.3704 -0.5825
vn -0.4773 -0.8754 -0.0763
vn 0.1950 -0.9763 0.0937
vn 0.2059 -0.9762 0.0679
vn -0.4628 -0.8788 -0.1165
vn 0.8523 -0.4862 0.1929
vn 0.9689 0.2030 0.1416
vn 0.9690 0.1998 0.1453
vn 0.8533 -0.4865 0.1875
vn 0.5053 0.8619 -0.0423
vn -0.1681 0.9630 -0.2108
vn -0.1666 0.9621 -0.2159
vn 0.5067 0.8612 -0.0396
vn -0.8257 0.4722 -0.3086
vn -0.9412 -0.2172 -0.2587
vn -0.9298 -0.2193 -0.2957
vn -0.8185 0.4706 -0.3297
vn -0.3202 -0.9471 0.0200
vn 0.3450 -0.9367 0.0597
vn 0.3473 -0.9055 -0.2437
vn -0.1828 -0.9562 -0.2287
vn 0.9387 -0.3447 0.0105
vn 0.9300 0.3643 -0.0492
vn 0.8249 0.5008 -0.2620
vn 0.9420 -0.0788 -0.3261
vn 0.3358 0.9346 -0.1175
vn -0.3418 0.9261 -0.1597
vn -0.3179 0.8418 -0.4363
vn 0.2672 0.9172 -0.2956
vn -0.9341 0.3214 -0.1557
vn -0.9220 -0.3779 -0.0847
vn -0.7774 -0.5431 -0.3172
vn -0.8850 -0.0480 -0.4631
vn -0.2981 -0.9166 -0.2665
vn 0.3162 -0.9193 -0.2342
vn 0.3441 -0.9362 0.0720
vn -0.3580 -0.9331 0.0351
vn 0.9017 -0.3442 -0.2617
vn 0.9077 0.2679 -0.3231
vn 0.9395 0.3415 -0.0258
vn 0.9327 -0.3580 0.0444
vn 0.3335 0.8482 -0.4115
vn -0.2809 0.8509 -0.4438
vn -0.3399 0.9282 -0.1515
vn 0.3623 0.9250 -0.1146
vn -0.8663 0.2759 -0.4163
vn -0.8723 -0.3363 -0.3549
vn -0.9354 -0.3496 -0.0537
vn -0.9285 0.3500 -0.1238
vn 0.3510 -0.9359 -0.0297
vn -0.3175 -0.9482 -0.0005
vn -0.3454 -0.9365 -0.0596
vn 0.3549 -0.9306 0.0902
vn -0.9232 -0.3628 -0.1269
vn -0.9271 0.3417 -0.1540
vn -0.9225 0.3481 -0.1667
vn -0.9248 -0.3409 -0.1689
vn -0.3709 0.9262 -0.0681
vn 0.3369 0.9404 0.0471
vn 0.3467 0.9357 0.0653
vn -0.3581 0.9309 -0.0714
vn 0.9095 0.4147 0.0285
vn 0.9443 -0.2830 -0.1677
vn 0.9140 -0.3434 0.2160
vn 0.9166 0.3419 0.2072
vn 0.3447 -0.9345 0.0891
vn -0.3458 -0.9360 -0.0662
vn -0.3450 -0.9363 -0.0663
vn 0.3418 -0.9361 0.0828
vn -0.9195 -0.3469 -0.1848
vn -0.9181 0.3504 -0.1851
vn -0.9152 0.3510 -0.1981
vn -0.9164 -0.3506 -0.1931
vn -0.3469 0.9347 -0.0769
vn 0.3457 0.9360 0.0667
vn 0.3450 0.9363 0.0663
vn -0.3422 0.9361 -0.0811
vn 0.9151 0.3465 0.2062
vn 0.9110 -0.3500 0.2180
vn 0.9142 -0.3510 0.2028
vn 0.9157 0.3506 0.1961
vn 0.3523 -0.9353 0.0330
vn -0.3346 -0.9353 -0.1152
vn -0.2059 -0.8642 -0.4592
vn 0.3769 -0.8642 -0.3335
vn -0.9040 -0.3518 -0.2431
vn -0.9027 0.3509 -0.2489
vn -0.7537 0.2946 -0.5875
vn -0.7548 -0.3016 -0.5825
vn -0.3313 0.9344 -0.1307
vn 0.3557 0.9344 0.0175
vn 0.3800 0.8571 -0.3478
vn -0.2028 0.8571 -0.4735
vn 0.9250 0.3510 0.1454
vn 0.9238 -0.3518 0.1513
vn 0.9278 -0.3016 -0.2195
vn 0.9289 0.2946 -0.2244
vn -0.3860 -0.8723 -0.3001
vn 0.2096 -0.9628 -0.1708
vn 0.1912 -0.9755 0.1091
vn -0.4866 -0.8724 -0.0456
vn 0.8682 -0.4816 -0.1194
vn 0.9744 0.1168 -0.1921
vn 0.9746 0.1981 0.1039
vn 0.8538 -0.4897 0.1766
vn 0.5179 0.7654 -0.3820
vn -0.0723 0.8567 -0.5108
vn -0.1634 0.9571 -0.2393
vn 0.5133 0.8540 -0.0847
vn -0.7335 0.3799 -0.5636
vn -0.8428 -0.2213 -0.4906
vn -0.9477 -0.2165 -0.2343
vn -0.8264 0.4719 -0.3073
vn 0.3034 -0.9212 0.2434
vn -0.3052 -0.9206 0.2435
vn -0.3518 -0.9108 -0.2160
vn 0.3498 -0.9115 -0.2161
vn -0.8786 -0.3516 0.3232
vn -0.8780 0.2511 0.4074
vn -0.9322 0.3602 -0.0358
vn -0.9326 -0.3351 -0.1343
vn -0.3033 0.8191 0.4869
vn 0.3051 0.8185 0.4868
vn 0.3521 0.9349 0.0452
vn -0.3502 0.9356 0.0453
vn 0.8787 0.2493 0.4072
vn 0.8780 -0.3534 0.3230
vn 0.9318 -0.3371 -0.1345
vn 0.9329 0.3583 -0.0360
vn 0.3463 -0.9054 -0.2458
vn -0.3482 -0.9046 -0.2457
vn -0.3498 -0.9366 0.0227
vn 0.3478 -0.9373 0.0226
vn -0.9291 -0.3313 -0.1641
vn -0.9304 0.3604 -0.0675
vn -0.9290 0.3443 0.1360
vn -0.9317 -0.3546 0.0785
vn -0.3482 0.9374 0.0107
vn 0.3501 0.9367 0.0106
vn 0.3477 0.9203 0.1793
vn -0.3458 0.9210 0.1793
vn 0.9311 0.3585 -0.0678
vn 0.9284 -0.3332 -0.1644
vn 0.9310 -0.3565 0.0783
vn 0.9297 0.3424 0.1358
vn 0.3202 -0.8466 0.4252
vn -0.3219 -0.8459 0.4252
vn -0.3420 -0.8862 0.3126
vn 0.3401 -0.8868 0.3128
vn -0.8596 -0.3087 0.4071
vn -0.8608 0.3395 0.3792
vn -0.9111 0.3639 0.1937
vn -0.9120 -0.3188 0.2579
vn -0.3205 0.8757 0.3612
vn 0.3222 0.8750 0.3613
vn 0.3414 0.9286 0.1455
vn -0.3396 0.9293 0.1454
vn 0.8614 0.3377 0.3793
vn 0.8589 -0.3105 0.4072
vn 0.9113 -0.3207 0.2583
vn 0.9117 0.3621 0.1941
vn 0.3219 -0.9015 -0.2894
vn -0.3231 -0.9011 -0.2893
vn -0.2896 -0.8315 -0.4741
vn 0.2904 -0.8314 -0.4738
vn -0.8524 -0.3656 -0.3738
vn -0.8421 0.2638 -0.4704
vn -0.7326 0.2061 -0.6487
vn -0.7567 -0.3469 -0.5542
vn -0.3116 0.7764 -0.5478
vn 0.3138 0.7754 -0.5480
vn 0.2694 0.6378 -0.7216
vn -0.2655 0.6391 -0.7218
vn 0.8426 0.2618 -0.4706
vn 0.8517 -0.3671 -0.3741
vn 0.7573 -0.3475 -0.5530
vn 0.7340 0.2043 -0.6477
vn 0.3284 -0.8952 -0.3013
vn -0.3256 -0.8951 -0.3047
vn -0.3478 -0.9318 -0.1041
vn 0.3496 -0.9319 -0.0972
vn -0.8700 -0.3498 -0.3474
vn -0.8651 0.3025 -0.4002
vn -0.9344 0.3520 -0.0540
vn -0.9326 -0.3505 -0.0860
vn -0.3205 0.8392 -0.4393
vn 0.3258 0.8389 -0.4360
vn 0.3502 0.9366 -0.0096
vn -0.3499 0.9366 -0.0171
vn 0.8694 0.3023 -0.3909
vn 0.8737 -0.3499 -0.3379
vn 0.9342 -0.3503 -0.0669
vn 0.9353 0.3523 -0.0344
vn 0.3514 -0.9344 -0.0580
vn -0.3501 -0.9344 -0.0657
vn -0.3504 -0.9342 -0.0671
vn 0.3518 -0.9342 -0.0594
vn -0.9359 -0.3507 -0.0339
vn -0.9364 0.3506 0.0137
vn -0.9365 0.3504 0.0135
vn -0.9360 -0.3504 -0.0342
vn -0.3514 0.9342 0.0613
vn 0.3500 0.9342 0.0692
vn 0.3504 0.9342 0.0676
vn -0.3518 0.9342 0.0598
vn 0.9359 0.3507 0.0346
vn 0.9364 -0.3507 -0.0132
vn 0.9365 -0.3504 -0.0134
vn 0.9360 0.3504 0.0343
vn 0.3518 -0.9342 -0.0596
vn -0.3504 -0.9342 -0.0674
vn -0.9360 -0.3503 -0.0342
vn -0.9365 0.3503 0.0134
vn -0.3518 0.9342 0.0596
vn 0.3504 0.9342 0.0674
vn 0.9360 0.3503 0.0342
vn 0.9365 -0.3503 -0.0134
vn 0.3476 -0.9359 -0.0575
vn -0.3451 -0.9367 -0.0589
vn -0.3036 -0.9526 -0.0202
vn 0.3203 -0.9452 -0.0633
vn -0.9375 -0.3472 -0.0243
vn -0.9373 0.3482 0.0134
vn -0.9387 0.3449 -0.0030
vn -0.9461 -0.3231 0.0235
vn -0.3486 0.9357 0.0544
vn 0.3458 0.9358 0.0679
vn 0.3122 0.9479 0.0630
vn -0.3306 0.9437 0.0078
vn 0.9375 0.3458 0.0394
vn 0.9371 -0.3490 -0.0114
vn 0.9356 -0.3523 -0.0207
vn 0.9471 0.3149 0.0622
vn -0.2150 -0.9738 0.0741
vn 0.4506 -0.8845 -0.1207
vn 0.4163 -0.8999 -0.1298
vn -0.2243 -0.9711 0.0814
vn 0.9202 -0.2309 -0.3160
vn 0.8115 0.4633 -0.3561
vn 0.7235 0.3704 -0.5825
vn 0.8356 -0.3346 -0.4356
vn 0.1651 0.9612 -0.2208
vn -0.5042 0.8630 -0.0320
vn -0.4501 0.8927 0.0199
vn 0.1408 0.9548 -0.2618
vn -0.9682 0.1958 0.1560
vn -0.8509 -0.4868 0.1976
vn -0.8499 -0.4848 0.2065
vn -0.9557 0.2263 0.1884
vn -0.1950 -0.9763 0.0937
vn 0.4773 -0.8754 -0.0763
vn 0.4628 -0.8788 -0.1165
vn -0.2059 -0.9762 0.0679
vn 0.9412 -0.2172 -0.2587
vn 0.8257 0.4722 -0.3086
vn 0.8184 0.4706 -0.3297
vn 0.9298 -0.2193 -0.2957
vn 0.1681 0.9630 -0.2108
vn -0.5053 0.8619 -0.0423
vn -0.5067 0.8612 -0.0396
vn 0.1666 0.9621 -0.2159
vn -0.9689 0.2029 0.1416
vn -0.8523 -0.4862 0.1929
vn -0.8533 -0.4865 0.1875
vn -0.9690 0.1998 0.1453
vn -0.3450 -0.9367 0.0597
vn 0.3202 -0.9471 0.0200
vn 0.1828 -0.9562 -0.2287
vn -0.3473 -0.9055 -0.2437
vn 0.9220 -0.3779 -0.0847
vn 0.9341 0.3214 -0.1557
vn 0.8850 -0.0480 -0.4631
vn 0.7774 -0.5431 -0.3172
vn 0.3418 0.9261 -0.1597
vn -0.3358 0.9346 -0.1175
vn -0.2672 0.9172 -0.2956
vn 0.3179 0.8418 -0.4363
vn -0.9300 0.3643 -0.0492
vn -0.9387 -0.3447 0.0105
vn -0.9420 -0.0788 -0.3261
vn -0.8249 0.5008 -0.2620
vn -0.3162 -0.9193 -0.2342
vn 0.2981 -0.9166 -0.2665
vn 0.3580 -0.9331 0.0351
vn -0.3441 -0.9362 0.0720
vn 0.8723 -0.3363 -0.3549
vn 0.8663 0.2759 -0.4163
vn 0.9285 0.3500 -0.1238
vn 0.9353 -0.3496 -0.0537
vn 0.2809 0.8510 -0.4438
vn -0.3335 0.8482 -0.4115
vn -0.3623 0.9250 -0.1146
vn 0.3399 0.9282 -0.1515
vn -0.9077 0.2679 -0.3231
vn -0.9017 -0.3442 -0.2617
vn -0.9327 -0.3580 0.0444
vn -0.9395 0.3415 -0.0258
vn 0.3176 -0.9482 -0.0005
vn -0.3510 -0.9359 -0.0297
vn -0.3549 -0.9306 0.0902
vn 0.3454 -0.9365 -0.0596
vn -0.9443 -0.2830 -0.1677
vn -0.9095 0.4147 0.0285
vn -0.9166 0.3419 0.2071
vn -0.9140 -0.3434 0.2160
vn -0.3369 0.9404 0.0471
vn 0.3709 0.9262 -0.0681
vn 0.3581 0.9309 -0.0714
vn -0.3467 0.9357 0.0653
vn 0.9271 0.3417 -0.1540
vn 0.9232 -0.3628 -0.1269
vn 0.9248 -0.3409 -0.1689
vn 0.9225 0.3481 -0.1667
vn 0.3458 -0.9360 -0.0662
vn -0.3447 -0.9345 0.0891
vn -0.3418 -0.9361 0.0828
vn 0.3450 -0.9363 -0.0663
vn -0.9110 -0.3500 0.2180
vn -0.9151 0.3465 0.2062
vn -0.9157 0.3506 0.1961
vn -0.9142 -0.3510 0.2027
vn -0.3457 0.9360 0.0667
vn 0.3469 0.9347 -0.0769
vn 0.3422 0.9361 -0.0811
vn -0.3450 0.9363 0.0663
vn 0.9181 0.3504 -0.1851
vn 0.9195 -0.3469 -0.1848
vn 0.9164 -0.3506 -0.1931
vn 0.9152 0.3510 -0.1981
vn 0.3346 -0.9353 -0.1152
vn -0.3523 -0.9353 0.0330
vn -0.3769 -0.8642 -0.3335
vn 0.2059 -0.8641 -0.4592
vn -0.9238 -0.3518 0.1513
vn -0.9250 0.3510 0.1454
vn -0.9289 0.2946 -0.2244
vn -0.9278 -0.3016 -0.2195
vn -0.3557 0.9344 0.0175
vn 0.3313 0.9344 -0.1307
vn 0.2028 0.8571 -0.4735
vn -0.3800 0.8571 -0.3478
vn 0.9027 0.3510 -0.2489
vn 0.9040 -0.3518 -0.2431
vn 0.7548 -0.3016 -0.5825
vn 0.7537 0.2946 -0.5875
vn -0.2096 -0.9628 -0.1708
vn 0.3860 -0.8723 -0.3001
vn 0.4866 -0.8724 -0.0456
vn -0.1913 -0.9755 0.1091
vn 0.8428 -0.2213 -0.4906
vn 0.7335 0.3800 -0.5636
vn 0.8264 0.4719 -0.3073
vn 0.9477 -0.2165 -0.2343
vn 0.0723 0.8567 -0.5108
vn -0.5179 0.7654 -0.3820
vn -0.5133 0.8540 -0.0847
vn 0.1634 0.9571 -0.2393
vn -0.9744 0.1168 -0.1921
vn -0.8682 -0.4816 -0.1194
vn -0.8538 -0.4897 0.1766
vn -0.9747 0.1981 0.1039
vn -0.3350 -0.6174 -0.7117
vn 0.3350 -0.6174 -0.7117
vn 0.3432 -0.2465 -0.9063
vn -0.3432 -0.2465 -0.9063
vn 0.9052 -0.3739 -0.2021
vn 0.9039 -0.0737 0.4213
vn 0.9292 0.0060 0.3696
vn 0.9321 -0.1447 -0.3320
vn 0.3330 0.1631 0.9287
vn -0.3330 0.1631 0.9287
vn -0.3408 0.1366 0.9302
vn 0.3408 0.1366 0.9302
vn -0.9039 -0.0737 0.4213
vn -0.9052 -0.3739 -0.2021
vn -0.9321 -0.1447 -0.3320
vn -0.9292 0.0060 0.3696
vn -0.2752 -0.1707 -0.9461
vn 0.2752 -0.1707 -0.9461
vn 0.3505 -0.6101 -0.7106
vn -0.3505 -0.6101 -0.7106
vn 0.7941 0.1929 -0.5764
vn 0.7957 0.5777 -0.1822
vn 0.9329 0.2972 0.2034
vn 0.9339 -0.1960 -0.2991
vn 0.2754 0.9422 0.1908
vn -0.2754 0.9422 0.1908
vn -0.3496 0.7005 0.6221
vn 0.3496 0.7005 0.6221
vn -0.7957 0.5777 -0.1822
vn -0.7941 0.1929 -0.5764
vn -0.9339 -0.1960 -0.2991
vn -0.9329 0.2972 0.2034
vn -0.3465 -0.6737 -0.6527
vn 0.3465 -0.6737 -0.6527
vn 0.3400 -0.6732 -0.6567
vn -0.3400 -0.6732 -0.6567
vn 0.9343 -0.2601 -0.2437
vn 0.9353 0.2305 0.2686
vn 0.9302 0.1139 0.3488
vn 0.9245 -0.3171 -0.2116
vn 0.3481 0.6249 0.6988
vn -0.3481 0.6249 0.6988
vn -0.3461 0.4597 0.8179
vn 0.3461 0.4597 0.8179
vn -0.9353 0.2305 0.2686
vn -0.9343 -0.2601 -0.2437
vn -0.9245 -0.3171 -0.2116
vn -0.9302 0.1139 0.3488
vn -0.3141 0.3497 -0.8826
vn 0.3141 0.3497 -0.8826
vn 0.3124 0.4443 -0.8396
vn -0.3124 0.4443 -0.8396
vn 0.8698 0.3361 -0.3613
vn 0.8882 0.3401 0.3089
vn 0.8526 0.4159 0.3163
vn 0.8435 0.4302 -0.3215
vn 0.3322 0.3669 0.8689
vn -0.3322 0.3669 0.8689
vn -0.3207 0.4114 0.8532
vn 0.3207 0.4114 0.8532
vn -0.8882 0.3401 0.3089
vn -0.8698 0.3361 -0.3613
vn -0.8435 0.4302 -0.3215
vn -0.8526 0.4159 0.3163
vn -0.3489 0.1131 -0.9303
vn 0.3489 0.1131 -0.9303
vn 0.3439 0.1923 -0.9191
vn -0.3439 0.1923 -0.9191
vn 0.9308 0.1095 -0.3488
vn 0.9308 0.1063 0.3496
vn 0.9094 0.2409 0.3392
vn 0.9141 0.2135 -0.3447
vn 0.3489 0.1044 0.9313
vn -0.3489 0.1044 0.9313
vn -0.3394 0.2631 0.9031
vn 0.3394 0.2631 0.9031
vn -0.9308 0.1063 0.3496
vn -0.9308 0.1095 -0.3488
vn -0.9141 0.2135 -0.3447
vn -0.9094 0.2409 0.3392
vn -0.3356 0.2932 -0.8952
vn 0.3356 0.2932 -0.8952
vn 0.3204 -0.2668 -0.9089
vn -0.3204 -0.2668 -0.9089
vn 0.8816 0.3230 -0.3441
vn 0.8756 0.3607 0.3213
vn 0.9210 -0.2065 0.3303
vn 0.9203 -0.2376 -0.3109
vn 0.3300 0.3908 0.8593
vn -0.3300 0.3908 0.8593
vn -0.3214 -0.1768 0.9303
vn 0.3214 -0.1768 0.9303
vn -0.8756 0.3607 0.3213
vn -0.8816 0.3230 -0.3441
vn -0.9203 -0.2376 -0.3109
vn -0.9210 -0.2065 0.3303
vn -0.3052 -0.9206 -0.2435
vn 0.3034 -0.9212 -0.2434
vn 0.3498 -0.9115 0.2161
vn -0.3518 -0.9108 0.2160
vn 0.8780 -0.3534 -0.3230
vn 0.8787 0.2493 -0.4072
vn 0.9329 0.3583 0.0360
vn 0.9318 -0.3371 0.1345
vn 0.3051 0.8185 -0.4868
vn -0.3033 0.8191 -0.4869
vn -0.3502 0.9356 -0.0453
vn 0.3521 0.9349 -0.0452
vn -0.8780 0.2511 -0.4074
vn -0.8786 -0.3516 -0.3232
vn -0.9326 -0.3351 0.1343
vn -0.9322 0.3602 0.0358
vn -0.3482 -0.9046 0.2457
vn 0.3463 -0.9054 0.2458
vn 0.3478 -0.9373 -0.0226
vn -0.3498 -0.9366 -0.0227
vn 0.9284 -0.3332 0.1644
vn 0.9311 0.3585 0.0678
vn 0.9297 0.3424 -0.1358
vn 0.9310 -0.3565 -0.0783
vn 0.3501 0.9367 -0.0106
vn -0.3482 0.9374 -0.0107
vn -0.3458 0.9210 -0.1793
vn 0.3477 0.9203 -0.1793
vn -0.9304 0.3604 0.0675
vn -0.9291 -0.3313 0.1641
vn -0.9317 -0.3546 -0.0785
vn -0.9290 0.3443 -0.1360
vn -0.3219 -0.8459 -0.4252
vn 0.3202 -0.8466 -0.4252
vn 0.3401 -0.8868 -0.3128
vn -0.3420 -0.8862 -0.3126
vn 0.8589 -0.3105 -0.4072
vn 0.8614 0.3377 -0.3793
vn 0.9117 0.3621 -0.1941
vn 0.9113 -0.3207 -0.2583
vn 0.3222 0.8750 -0.3613
vn -0.3205 0.8757 -0.3612
vn -0.3396 0.9293 -0.1454
vn 0.3414 0.9286 -0.1455
vn -0.8608 0.3395 -0.3792
vn -0.8596 -0.3087 -0.4071
vn -0.9120 -0.3188 -0.2579
vn -0.9111 0.3639 -0.1937
vn -0.3231 -0.9011 0.2893
vn 0.3219 -0.9015 0.2894
vn 0.2904 -0.8314 0.4738
vn -0.2896 -0.8315 0.4741
vn 0.8517 -0.3671 0.3741
vn 0.8426 0.2618 0.4706
vn 0.7340 0.2043 0.6477
vn 0.7573 -0.3475 0.5530
vn 0.3138 0.7754 0.5480
vn -0.3116 0.7764 0.5478
vn -0.2655 0.6391 0.7218
vn 0.2694 0.6378 0.7216
vn -0.8421 0.2638 0.4704
vn -0.8524 -0.3656 0.3738
vn -0.7567 -0.3469 0.5542
vn -0.7326 0.2061 0.6487
vn -0.3256 -0.8951 0.3047
vn 0.3284 -0.8952 0.3013
vn 0.3496 -0.9319 0.0972
vn -0.3478 -0.9318 0.1041
vn 0.8737 -0.3499 0.3379
vn 0.8694 0.3023 0.3909
vn 0.9353 0.3523 0.0344
vn 0.9342 -0.3503 0.0669
vn 0.3258 0.8389 0.4360
vn -0.3205 0.8392 0.4393
vn -0.3499 0.9366 0.0171
vn 0.3502 0.9366 0.0096
vn -0.8651 0.3025 0.4002
vn -0.8700 -0.3498 0.3474
vn -0.9326 -0.3505 0.0860
vn -0.9344 0.3520 0.0540
vn -0.3501 -0.9344 0.0657
vn 0.3514 -0.9344 0.0580
vn 0.3518 -0.9342 0.0594
vn -0.3504 -0.9342 0.0671
vn 0.9364 -0.3507 0.0132
vn 0.9359 0.3507 -0.0346
vn 0.9360 0.3504 -0.0343
vn 0.9365 -0.3504 0.0134
vn 0.3500 0.9342 -0.0692
vn -0.3514 0.9342 -0.0613
vn -0.3518 0.9342 -0.0598
vn 0.3504 0.9342 -0.0676
vn -0.9364 0.3506 -0.0137
vn -0.9359 -0.3507 0.0339
vn -0.9360 -0.3504 0.0342
vn -0.9365 0.3504 -0.0135
vn -0.3504 -0.9342 0.0674
vn 0.3518 -0.9342 0.0596
vn 0.9365 -0.3503 0.0134
vn 0.9360 0.3503 -0.0342
vn 0.3504 0.9342 -0.0674
vn -0.3518 0.9342 -0.0596
vn -0.9365 0.3503 -0.0134
vn -0.9360 -0.3503 0.0342
vn -0.3451 -0.9367 0.0589
vn 0.3476 -0.9359 0.0575
vn 0.3203 -0.9452 0.0633
vn -0.3036 -0.9526 0.0202
vn 0.9371 -0.3490 0.0114
vn 0.9375 0.3458 -0.0394
vn 0.9471 0.3149 -0.0622
vn 0.9356 -0.3523 0.0207
vn 0.3458 0.9358 -0.0679
vn -0.3486 0.9357 -0.0544
vn -0.3306 0.9437 -0.0078
vn 0.3122 0.9479 -0.0630
vn -0.9373 0.3482 -0.0134
vn -0.9375 -0.3472 0.0243
vn -0.9461 -0.3231 -0.0235
vn -0.9387 0.3449 0.0030
vn 0.4506 -0.8845 0.1207
vn -0.2150 -0.9738 -0.0741
vn -0.2242 -0.9711 -0.0814
vn 0.4163 -0.8999 0.1298
vn -0.8509 -0.4868 -0.1976
vn -0.9682 0.1958 -0.1560
vn -0.9557 0.2263 -0.1884
vn -0.8499 -0.4848 -0.2065
vn -0.5042 0.8630 0.0320
vn 0.1651 0.9612 0.2208
vn 0.1408 0.9548 0.2618
vn -0.4501 0.8927 -0.0199
vn 0.8115 0.4633 0.3561
vn 0.9202 -0.2309 0.3160
vn 0.8356 -0.3346 0.4356
vn 0.7236 0.3704 0.5825
vn 0.4773 -0.8754 0.0763
vn -0.1950 -0.9763 -0.0937
vn -0.2059 -0.9762 -0.0679
vn 0.4628 -0.8788 0.1165
vn -0.8523 -0.4862 -0.1929
vn -0.9689 0.2030 -0.1416
vn -0.9690 0.1998 -0.1453
vn -0.8533 -0.4865 -0.1875
vn -0.5052 0.8619 0.0423
vn 0.1681 0.9630 0.2108
vn 0.1666 0.9621 0.2159
vn -0.5067 0.8612 0.0396
vn 0.8257 0.4722 0.3086
vn 0.9412 -0.2172 0.2587
vn 0.9298 -0.2193 0.2957
vn 0.8184 0.4706 0.3297
vn 0.3203 -0.9471 -0.0200
vn -0.3450 -0.9367 -0.0597
vn -0.3473 -0.9055 0.2437
vn 0.1828 -0.9562 0.2287
vn -0.9387 -0.3447 -0.0105
vn -0.9300 0.3643 0.0492
vn -0.8249 0.5008 0.2620
vn -0.9420 -0.0788 0.3261
vn -0.3358 0.9346 0.1175
vn 0.3418 0.9261 0.1597
vn 0.3179 0.8418 0.4363
vn -0.2672 0.9172 0.2956
vn 0.9341 0.3214 0.1557
vn 0.9220 -0.3779 0.0847
vn 0.7774 -0.5431 0.3172
vn 0.8850 -0.0480 0.4631
vn 0.2981 -0.9166 0.2665
vn -0.3162 -0.9193 0.2342
vn -0.3441 -0.9362 -0.0720
vn 0.3580 -0.9331 -0.0351
vn -0.9017 -0.3442 0.2617
vn -0.9077 0.2679 0.3231
vn -0.9395 0.3415 0.0258
vn -0.9327 -0.3580 -0.0444
vn -0.3335 0.8482 0.4115
vn 0.2809 0.8509 0.4438
vn 0.3399 0.9282 0.1515
vn -0.3623 0.9250 0.1146
vn 0.8663 0.2759 0.4163
vn 0.8723 -0.3363 0.3549
vn 0.9354 -0.3496 0.0537
vn 0.9285 0.3500 0.1238
vn -0.3510 -0.9359 0.0297
vn 0.3175 -0.9482 0.0005
vn 0.3454 -0.9365 0.0596
vn -0.3549 -0.9306 -0.0902
vn 0.9232 -0.3628 0.1269
vn 0.9271 0.3417 0.1540
vn 0.9225 0.3481 0.1667
vn 0.9248 -0.3409 0.1689
vn 0.3709 0.9262 0.0681
vn -0.3369 0.9404 -0.0471
vn -0.3467 0.9357 -0.0653
vn 0.3581 0.9309 0.0714
vn -0.9095 0.4147 -0.0285
vn -0.9443 -0.2830 0.1677
vn -0.9140 -0.3434 -0.2160
vn -0.9166 0.3419 -0.2071
vn -0.3447 -0.9345 -0.0891
vn 0.3458 -0.9360 0.0662
vn 0.3450 -0.9363 0.0663
vn -0.3418 -0.9361 -0.0828
vn 0.9195 -0.3469 0.1848
vn 0.9181 0.3504 0.1851
vn 0.9152 0.3510 0.1981
vn 0.9164 -0.3506 0.1931
vn 0.3469 0.9347 0.0769
vn -0.3457 0.9360 -0.0667
vn -0.3450 0.9363 -0.0663
vn 0.3422 0.9361 0.0811
vn -0.9151 0.3465 -0.2062
vn -0.9110 -0.3500 -0.2180
vn -0.9142 -0.3510 -0.2028
vn -0.9157 0.3506 -0.1961
vn -0.3523 -0.9353 -0.0330
vn 0.3346 -0.9353 0.1152
vn 0.2059 -0.8642 0.4592
vn -0.3769 -0.8642 0.3335
vn 0.9040 -0.3518 0.2431
vn 0.9027 0.3509 0.2489
vn 0.7537 0.2946 0.5875
vn 0.7548 -0.3016 0.5825
vn 0.3313 0.9344 0.1307
vn -0.3557 0.9344 -0.0175
vn -0.3800 0.8571 0.3478
vn 0.2028 0.8571 0.4735
vn -0.9250 0.3510 -0.1454
vn -0.9238 -0.3518 -0.1513
vn -0.9278 -0.3016 0.2195
vn -0.9289 0.2946 0.2244
vn 0.3860 -0.8723 0.3001
vn -0.2096 -0.9628 0.1708
vn -0.1912 -0.9755 -0.1090
vn 0.4866 -0.8724 0.0456
vn -0.8682 -0.4816 0.1194
vn -0.9744 0.1168 0.1921
vn -0.9746 0.1981 -0.1039
vn -0.8538 -0.4897 -0.1766
vn -0.5179 0.7654 0.3820
vn 0.0723 0.8567 0.5108
vn 0.1634 0.9571 0.2394
vn -0.5133 0.8540 0.0847
vn 0.7335 0.3799 0.5635
vn 0.8428 -0.2213 0.4906
vn 0.9477 -0.2165 0.2343
vn 0.8264 0.4719 0.3073
vn 0.9999 -0.0000 -0.0111
s 0
usemtl Material
f 30//1 1060//1 1879//1 1059//1
f 1060//2 31//2 1061//2 1879//2
f 1879//3 1061//3 27//3 1052//3
f 1059//4 1879//4 1052//4 26//4
f 29//5 1058//5 1880//5 1057//5
f 1058//6 30//6 1059//6 1880//6
f 1880//7 1059//7 26//7 1050//7
f 1057//8 1880//8 1050//8 25//8
f 28//9 1056//9 1881//9 1055//9
f 1056//10 25//10 1049//10 1881//10
f 1881//11 1049//11 21//11 1048//11
f 1055//12 1881//12 1048//12 24//12
f 27//13 1054//13 1882//13 1053//13
f 1054//14 28//14 1055//14 1882//14
f 1882//15 1055//15 24//15 1046//15
f 1053//16 1882//16 1046//16 23//16
f 26//17 1052//17 1883//17 1051//17
f 1052//18 27//18 1053//18 1883//18
f 1883//19 1053//19 23//19 1044//19
f 1051//20 1883//20 1044//20 22//20
f 25//21 1050//21 1884//21 1049//21
f 1050//22 26//22 1051//22 1884//22
f 1884//23 1051//23 22//23 1042//23
f 1049//24 1884//24 1042//24 21//24
f 24//25 1048//25 1885//25 1047//25
f 1048//26 21//26 1041//26 1885//26
f 1885//27 1041//27 13//27 666//27
f 1047//28 1885//28 666//28 16//28
f 23//29 1046//29 1886//29 1045//29
f 1046//30 24//30 1047//30 1886//30
f 1886//31 1047//31 16//31 663//31
f 1045//32 1886//32 663//32 15//32
f 22//33 1044//33 1887//33 1043//33
f 1044//34 23//34 1045//34 1887//34
f 1887//35 1045//35 15//35 677//35
f 1043//36 1887//36 677//36 14//36
f 21//37 1042//37 1888//37 1041//37
f 1042//38 22//38 1043//38 1888//38
f 1888//39 1043//39 14//39 682//39
f 1041//40 1888//40 682//40 13//40
f 12//41 672//41 1889//41 1040//41
f 672//42 9//42 1037//42 1889//42
f 1889//43 1037//43 5//43 643//43
f 1040//44 1889//44 643//44 8//44
f 11//45 657//45 1890//45 1039//45
f 657//46 12//46 1040//46 1890//46
f 1890//47 1040//47 8//47 649//47
f 1039//48 1890//48 649//48 7//48
f 10//49 674//49 1891//49 1038//49
f 674//50 11//50 1039//50 1891//50
f 1891//51 1039//51 7//51 650//51
f 1038//52 1891//52 650//52 6//52
f 9//53 673//53 1892//53 1037//53
f 673//54 10//54 1038//54 1892//54
f 1892//55 1038//55 6//55 651//55
f 1037//56 1892//56 651//56 5//56
f 396//57 1034//57 1893//57 1033//57
f 1034//58 395//58 1035//58 1893//58
f 1893//59 1035//59 394//59 1036//59
f 1033//60 1893//60 1036//60 393//60
f 389//61 1030//61 1894//61 1029//61
f 1030//62 390//62 1031//62 1894//62
f 1894//63 1031//63 391//63 1032//63
f 1029//64 1894//64 1032//64 392//64
f 388//65 1026//65 1895//65 1025//65
f 1026//66 387//66 1027//66 1895//66
f 1895//67 1027//67 386//67 1028//67
f 1025//68 1895//68 1028//68 385//68
f 356//69 1022//69 1896//69 1021//69
f 1022//70 355//70 1023//70 1896//70
f 1896//71 1023//71 354//71 1024//71
f 1021//72 1896//72 1024//72 353//72
f 349//73 1012//73 1897//73 1020//73
f 1012//74 350//74 1015//74 1897//74
f 1897//75 1015//75 351//75 1018//75
f 1020//76 1897//76 1018//76 352//76
f 348//77 1016//77 1898//77 1019//77
f 1016//78 347//78 1013//78 1898//78
f 1898//79 1013//79 346//79 1010//79
f 1019//80 1898//80 1010//80 345//80
f 348//81 1019//81 1899//81 1017//81
f 1019//82 345//82 1009//82 1899//82
f 1899//83 1009//83 349//83 1020//83
f 1017//84 1899//84 1020//84 352//84
f 347//85 1016//85 1900//85 1014//85
f 1016//86 348//86 1017//86 1900//86
f 1900//87 1017//87 352//87 1018//87
f 1014//88 1900//88 1018//88 351//88
f 159//89 726//89 1901//89 725//89
f 164//90 727//90 1901//90 726//90
f 459//91 725//91 1901//91 727//91
f 97//92 683//92 1902//92 687//92
f 417//93 675//93 1902//93 683//93
f 418//94 687//94 1902//94 675//94
f 346//95 1013//95 1903//95 1011//95
f 1013//96 347//96 1014//96 1903//96
f 1903//97 1014//97 351//97 1015//97
f 1011//98 1903//98 1015//98 350//98
f 345//99 1010//99 1904//99 1009//99
f 1010//100 346//100 1011//100 1904//100
f 1904//101 1011//101 350//101 1012//101
f 1009//102 1904//102 1012//102 349//102
f 341//103 1006//103 1905//103 1005//103
f 1006//104 342//104 1007//104 1905//104
f 1905//105 1007//105 343//105 1008//105
f 1005//106 1905//106 1008//106 344//106
f 332//107 1002//107 1906//107 1001//107
f 1002//108 331//108 1003//108 1906//108
f 1906//109 1003//109 330//109 1004//109
f 1001//110 1906//110 1004//110 329//110
f 93//111 694//111 1907//111 693//111
f 97//112 687//112 1907//112 694//112
f 418//113 693//113 1907//113 687//113
f 98//114 695//114 1908//114 696//114
f 417//115 683//115 1908//115 695//115
f 97//116 696//116 1908//116 683//116
f 93//117 697//117 1909//117 694//117
f 94//118 698//118 1909//118 697//118
f 97//119 694//119 1909//119 698//119
f 320//120 998//120 1910//120 997//120
f 998//121 319//121 999//121 1910//121
f 1910//122 999//122 318//122 1000//122
f 997//123 1910//123 1000//123 317//123
f 313//124 994//124 1911//124 993//124
f 994//125 314//125 995//125 1911//125
f 1911//126 995//126 315//126 996//126
f 993//127 1911//127 996//127 316//127
f 312//128 990//128 1912//128 989//128
f 990//129 311//129 991//129 1912//129
f 1912//130 991//130 310//130 992//130
f 989//131 1912//131 992//131 309//131
f 460//132 724//132 1913//132 723//132
f 159//133 725//133 1913//133 724//133
f 459//134 723//134 1913//134 725//134
f 420//135 705//135 1914//135 704//135
f 92//136 706//136 1914//136 705//136
f 419//137 704//137 1914//137 706//137
f 92//138 707//138 1915//138 706//138
f 91//139 708//139 1915//139 707//139
f 419//140 706//140 1915//140 708//140
f 280//141 986//141 1916//141 985//141
f 986//142 279//142 987//142 1916//142
f 1916//143 987//143 278//143 988//143
f 985//144 1916//144 988//144 277//144
f 273//145 982//145 1917//145 981//145
f 982//146 274//146 983//146 1917//146
f 1917//147 983//147 275//147 984//147
f 981//148 1917//148 984//148 276//148
f 264//149 978//149 1918//149 977//149
f 978//150 263//150 979//150 1918//150
f 1918//151 979//151 262//151 980//151
f 977//152 1918//152 980//152 261//152
f 227//89 760//89 1919//89 759//89
f 232//90 761//90 1919//90 760//90
f 499//91 759//91 1919//91 761//91
f 252//120 974//120 1920//120 973//120
f 974//121 251//121 975//121 1920//121
f 1920//122 975//122 250//122 976//122
f 973//123 1920//123 976//123 249//123
f 245//124 970//124 1921//124 969//124
f 970//125 246//125 971//125 1921//125
f 1921//126 971//126 247//126 972//126
f 969//127 1921//127 972//127 248//127
f 244//128 966//128 1922//128 965//128
f 966//129 243//129 967//129 1922//129
f 1922//130 967//130 242//130 968//130
f 965//131 1922//131 968//131 241//131
f 212//141 962//141 1923//141 961//141
f 962//142 211//142 963//142 1923//142
f 1923//143 963//143 210//143 964//143
f 961//144 1923//144 964//144 209//144
f 95//153 719//153 1924//153 718//153
f 92//154 705//154 1924//154 719//154
f 420//155 718//155 1924//155 705//155
f 95//156 713//156 1925//156 719//156
f 96//157 720//157 1925//157 713//157
f 92//158 719//158 1925//158 720//158
f 205//145 958//145 1926//145 957//145
f 958//146 206//146 959//146 1926//146
f 1926//147 959//147 207//147 960//147
f 957//148 1926//148 960//148 208//148
f 196//149 954//149 1927//149 953//149
f 954//150 195//150 955//150 1927//150
f 1927//151 955//151 194//151 956//151
f 953//152 1927//152 956//152 193//152
f 184//120 950//120 1928//120 949//120
f 950//121 183//121 951//121 1928//121
f 1928//122 951//122 182//122 952//122
f 949//123 1928//123 952//123 181//123
f 177//124 946//124 1929//124 945//124
f 946//125 178//125 947//125 1929//125
f 1929//126 947//126 179//126 948//126
f 945//127 1929//127 948//127 180//127
f 176//128 942//128 1930//128 941//128
f 942//129 175//129 943//129 1930//129
f 1930//130 943//130 174//130 944//130
f 941//131 1930//131 944//131 173//131
f 500//132 758//132 1931//132 757//132
f 227//133 759//133 1931//133 758//133
f 499//134 757//134 1931//134 759//134
f 165//159 736//159 1932//159 729//159
f 166//160 737//160 1932//160 736//160
f 458//161 729//161 1932//161 737//161
f 166//162 738//162 1933//162 737//162
f 457//163 735//163 1933//163 738//163
f 458//164 737//164 1933//164 735//164
f 144//141 938//141 1934//141 937//141
f 938//142 143//142 939//142 1934//142
f 1934//143 939//143 142//143 940//143
f 937//144 1934//144 940//144 141//144
f 137//145 934//145 1935//145 933//145
f 934//146 138//146 935//146 1935//146
f 1935//147 935//147 139//147 936//147
f 933//148 1935//148 936//148 140//148
f 160//165 743//165 1936//165 742//165
f 159//166 724//166 1936//166 743//166
f 460//167 742//167 1936//167 724//167
f 163//168 744//168 1937//168 745//168
f 164//169 726//169 1937//169 744//169
f 159//170 745//170 1937//170 726//170
f 128//149 930//149 1938//149 929//149
f 930//150 127//150 931//150 1938//150
f 1938//151 931//151 126//151 932//151
f 929//152 1938//152 932//152 125//152
f 295//89 794//89 1939//89 793//89
f 300//90 795//90 1939//90 794//90
f 539//91 793//91 1939//91 795//91
f 116//171 926//171 1940//171 925//171
f 926//172 115//172 927//172 1940//172
f 1940//173 927//173 114//173 928//173
f 925//174 1940//174 928//174 113//174
f 109//175 922//175 1941//175 921//175
f 922//176 110//176 923//176 1941//176
f 1941//177 923//177 111//177 924//177
f 921//178 1941//178 924//178 112//178
f 162//179 751//179 1942//179 749//179
f 166//180 750//180 1942//180 751//180
f 161//181 749//181 1942//181 750//181
f 166//182 751//182 1943//182 738//182
f 162//183 752//183 1943//183 751//183
f 457//184 738//184 1943//184 752//184
f 108//185 918//185 1944//185 917//185
f 918//186 107//186 919//186 1944//186
f 1944//187 919//187 106//187 920//187
f 917//188 1944//188 920//188 105//188
f 76//189 914//189 1945//189 913//189
f 914//190 75//190 915//190 1945//190
f 1945//191 915//191 74//191 916//191
f 913//192 1945//192 916//192 73//192
f 69//145 910//145 1946//145 909//145
f 910//146 70//146 911//146 1946//146
f 1946//147 911//147 71//147 912//147
f 909//148 1946//148 912//148 72//148
f 60//149 906//149 1947//149 905//149
f 906//150 59//150 907//150 1947//150
f 1947//151 907//151 58//151 908//151
f 905//152 1947//152 908//152 57//152
f 48//193 801//193 1948//193 808//193
f 801//194 47//194 796//194 1948//194
f 1948//195 796//195 46//195 787//195
f 808//196 1948//196 787//196 45//196
f 374//197 899//197 1949//197 856//197
f 899//198 380//198 901//198 1949//198
f 1949//199 901//199 630//199 897//199
f 856//200 1949//200 897//200 377//200
f 377//201 897//201 1950//201 840//201
f 897//202 630//202 902//202 1950//202
f 1950//203 902//203 629//203 898//203
f 840//204 1950//204 898//204 378//204
f 540//132 792//132 1951//132 791//132
f 295//133 793//133 1951//133 792//133
f 539//134 791//134 1951//134 793//134
f 233//159 770//159 1952//159 763//159
f 234//160 771//160 1952//160 770//160
f 498//161 763//161 1952//161 771//161
f 234//162 772//162 1953//162 771//162
f 497//163 769//163 1953//163 772//163
f 498//164 771//164 1953//164 769//164
f 378//205 898//205 1954//205 842//205
f 898//206 629//206 903//206 1954//206
f 1954//207 903//207 628//207 900//207
f 842//208 1954//208 900//208 379//208
f 376//209 891//209 1955//209 850//209
f 891//210 369//210 893//210 1955//210
f 1955//211 893//211 625//211 889//211
f 850//212 1955//212 889//212 372//212
f 228//165 777//165 1956//165 776//165
f 227//166 758//166 1956//166 777//166
f 500//167 776//167 1956//167 758//167
f 231//168 778//168 1957//168 779//168
f 232//169 760//169 1957//169 778//169
f 227//170 779//170 1957//170 760//170
f 372//213 889//213 1958//213 831//213
f 889//214 625//214 894//214 1958//214
f 1958//215 894//215 626//215 890//215
f 831//216 1958//216 890//216 371//216
f 375//217 828//217 1959//217 827//217
f 372//218 829//218 1959//218 828//218
f 580//219 827//219 1959//219 829//219
f 371//220 890//220 1960//220 833//220
f 890//221 626//221 895//221 1960//221
f 1960//222 895//222 627//222 892//222
f 833//223 1960//223 892//223 370//223
f 161//224 883//224 1961//224 732//224
f 883//225 303//225 885//225 1961//225
f 1961//226 885//226 622//226 881//226
f 732//227 1961//227 881//227 168//227
f 230//179 785//179 1962//179 783//179
f 234//180 784//180 1962//180 785//180
f 229//181 783//181 1962//181 784//181
f 234//182 785//182 1963//182 772//182
f 230//183 786//183 1963//183 785//183
f 497//184 772//184 1963//184 786//184
f 168//228 881//228 1964//228 730//228
f 881//229 622//229 886//229 1964//229
f 1964//230 886//230 624//230 882//230
f 730//231 1964//231 882//231 165//231
f 165//232 882//232 1965//232 736//232
f 882//233 624//233 887//233 1965//233
f 1965//234 887//234 623//234 884//234
f 736//235 1965//235 884//235 166//235
f 163//236 875//236 1966//236 754//236
f 875//237 294//237 877//237 1966//237
f 1966//238 877//238 621//238 873//238
f 754//239 1966//239 873//239 157//239
f 157//240 873//240 1967//240 741//240
f 873//241 621//241 878//241 1967//241
f 1967//242 878//242 619//242 874//242
f 741//243 1967//243 874//243 160//243
f 160//244 874//244 1968//244 743//244
f 874//245 619//245 879//245 1968//245
f 1968//246 879//246 620//246 876//246
f 743//247 1968//247 876//247 159//247
f 229//224 867//224 1969//224 766//224
f 867//225 235//225 869//225 1969//225
f 1969//226 869//226 616//226 865//226
f 766//227 1969//227 865//227 236//227
f 236//228 865//228 1970//228 764//228
f 865//229 616//229 870//229 1970//229
f 1970//230 870//230 618//230 866//230
f 764//231 1970//231 866//231 233//231
f 233//232 866//232 1971//232 770//232
f 866//233 618//233 871//233 1971//233
f 1971//234 871//234 617//234 868//234
f 770//235 1971//235 868//235 234//235
f 301//159 804//159 1972//159 797//159
f 302//160 805//160 1972//160 804//160
f 538//161 797//161 1972//161 805//161
f 302//162 806//162 1973//162 805//162
f 537//163 803//163 1973//163 806//163
f 538//164 805//164 1973//164 803//164
f 231//236 859//236 1974//236 788//236
f 859//237 226//237 861//237 1974//237
f 1974//238 861//238 615//238 857//238
f 788//239 1974//239 857//239 225//239
f 225//240 857//240 1975//240 775//240
f 857//241 615//241 862//241 1975//241
f 1975//242 862//242 613//242 858//242
f 775//243 1975//243 858//243 228//243
f 296//165 811//165 1976//165 810//165
f 295//166 792//166 1976//166 811//166
f 540//167 810//167 1976//167 792//167
f 299//168 812//168 1977//168 813//168
f 300//169 794//169 1977//169 812//169
f 295//170 813//170 1977//170 794//170
f 228//244 858//244 1978//244 777//244
f 858//245 613//245 863//245 1978//245
f 1978//246 863//246 614//246 860//246
f 777//247 1978//247 860//247 227//247
f 297//224 658//224 1979//224 800//224
f 658//225 167//225 648//225 1979//225
f 1979//226 648//226 610//226 664//226
f 800//227 1979//227 664//227 304//227
f 19//248 662//248 1980//248 660//248
f 662//249 15//249 663//249 1980//249
f 1980//250 663//250 16//250 665//250
f 660//251 1980//251 665//251 20//251
f 304//228 664//228 1981//228 798//228
f 664//229 610//229 642//229 1981//229
f 1981//230 642//230 612//230 659//230
f 798//231 1981//231 659//231 301//231
f 298//179 819//179 1982//179 817//179
f 302//180 818//180 1982//180 819//180
f 297//181 817//181 1982//181 818//181
f 302//182 819//182 1983//182 806//182
f 298//183 820//183 1983//183 819//183
f 537//184 806//184 1983//184 820//184
f 301//232 659//232 1984//232 804//232
f 659//233 612//233 847//233 1984//233
f 1984//234 847//234 611//234 655//234
f 804//235 1984//235 655//235 302//235
f 299//236 686//236 1985//236 822//236
f 686//237 158//237 680//237 1985//237
f 1985//238 680//238 609//238 692//238
f 822//239 1985//239 692//239 293//239
f 293//240 692//240 1986//240 809//240
f 692//241 609//241 678//241 1986//241
f 1986//242 678//242 607//242 690//242
f 809//243 1986//243 690//243 296//243
f 372//252 830//252 1987//252 829//252
f 579//253 823//253 1987//253 830//253
f 580//254 829//254 1987//254 823//254
f 372//255 831//255 1988//255 830//255
f 371//256 832//256 1988//256 831//256
f 579//257 830//257 1988//257 832//257
f 296//244 690//244 1989//244 811//244
f 690//245 607//245 671//245 1989//245
f 1989//246 671//246 608//246 684//246
f 811//247 1989//247 684//247 295//247
f 94//258 728//258 1990//258 698//258
f 728//259 100//259 714//259 1990//259
f 1990//260 714//260 606//260 740//260
f 698//261 1990//261 740//261 97//261
f 13//262 682//262 1991//262 667//262
f 682//263 14//263 676//263 1991//263
f 1991//264 676//264 18//264 685//264
f 667//265 1991//265 685//265 17//265
f 578//266 838//266 1992//266 837//266
f 377//267 839//267 1992//267 838//267
f 577//268 837//268 1992//268 839//268
f 377//269 840//269 1993//269 839//269
f 378//270 841//270 1993//270 840//270
f 577//271 839//271 1993//271 841//271
f 97//272 740//272 1994//272 696//272
f 740//273 606//273 712//273 1994//273
f 1994//274 712//274 605//274 733//274
f 696//275 1994//275 733//275 98//275
f 98//276 733//276 1995//276 700//276
f 733//277 605//277 701//277 1995//277
f 1995//278 701//278 604//278 717//278
f 700//279 1995//279 717//279 99//279
f 96//280 774//280 1996//280 720//280
f 774//281 89//281 762//281 1996//281
f 1996//282 762//282 603//282 782//282
f 720//283 1996//283 782//283 92//283
f 12//284 657//284 1997//284 661//284
f 657//285 11//285 652//285 1997//285
f 1997//286 652//286 19//286 660//286
f 661//287 1997//287 660//287 20//287
f 18//288 681//288 1998//288 685//288
f 681//289 10//289 673//289 1998//289
f 1998//290 673//290 9//290 670//290
f 685//291 1998//291 670//291 17//291
f 376//292 850//292 1999//292 849//292
f 372//293 828//293 1999//293 850//293
f 375//294 849//294 1999//294 828//294
f 92//295 782//295 2000//295 707//295
f 782//296 603//296 753//296 2000//296
f 2000//297 753//297 602//297 780//297
f 707//298 2000//298 780//298 91//298
f 91//299 780//299 2001//299 709//299
f 780//300 602//300 748//300 2001//300
f 2001//301 748//301 601//301 767//301
f 709//302 2001//302 767//302 90//302
f 90//303 767//303 2002//303 711//303
f 767//304 601//304 746//304 2002//304
f 2002//305 746//305 89//305 774//305
f 711//306 2002//306 774//306 96//306
f 1//307 654//307 2003//307 644//307
f 654//308 2//308 656//308 2003//308
f 2003//309 656//309 3//309 646//309
f 644//310 2003//310 646//310 4//310
f 373//311 855//311 2004//311 854//311
f 377//312 838//312 2004//312 855//312
f 578//313 854//313 2004//313 838//313
f 373//314 846//314 2005//314 855//314
f 374//315 856//315 2005//315 846//315
f 377//316 855//316 2005//316 856//316
f 597//317 851//317 2006//317 853//317
f 851//318 598//318 843//318 2006//318
f 2006//319 843//319 599//319 834//319
f 853//320 2006//320 834//320 600//320
f 6//321 653//321 2007//321 651//321
f 653//322 2//322 654//322 2007//322
f 2007//323 654//323 1//323 641//323
f 651//324 2007//324 641//324 5//324
f 4//325 646//325 2008//325 645//325
f 646//326 3//326 647//326 2008//326
f 2008//327 647//327 7//327 649//327
f 645//328 2008//328 649//328 8//328
f 9//329 672//329 2009//329 670//329
f 672//330 12//330 661//330 2009//330
f 2009//331 661//331 20//331 669//331
f 670//332 2009//332 669//332 17//332
f 10//333 681//333 2010//333 674//333
f 681//334 18//334 679//334 2010//334
f 2010//335 679//335 19//335 652//335
f 674//336 2010//336 652//336 11//336
f 16//337 666//337 2011//337 665//337
f 666//338 13//338 667//338 2011//338
f 2011//339 667//339 17//339 669//339
f 665//340 2011//340 669//340 20//340
f 18//341 676//341 2012//341 679//341
f 676//342 14//342 677//342 2012//342
f 2012//343 677//343 15//343 662//343
f 679//344 2012//344 662//344 19//344
f 2//345 653//345 2013//345 656//345
f 653//346 6//346 650//346 2013//346
f 2013//347 650//347 7//347 647//347
f 656//348 2013//348 647//348 3//348
f 1//349 644//349 2014//349 641//349
f 644//350 4//350 645//350 2014//350
f 2014//351 645//351 8//351 643//351
f 641//352 2014//352 643//352 5//352
f 157//353 741//353 2015//353 739//353
f 741//354 160//354 742//354 2015//354
f 2015//355 742//355 460//355 734//355
f 739//356 2015//356 734//356 457//356
f 225//353 775//353 2016//353 773//353
f 775//354 228//354 776//354 2016//354
f 2016//355 776//355 500//355 768//355
f 773//356 2016//356 768//356 497//356
f 293//353 809//353 2017//353 807//353
f 809//354 296//354 810//354 2017//354
f 2017//355 810//355 540//355 802//355
f 807//356 2017//356 802//356 537//356
f 91//357 709//357 2018//357 708//357
f 709//358 90//358 691//358 2018//358
f 2018//359 691//359 418//359 689//359
f 708//360 2018//360 689//360 419//360
f 370//361 835//361 2019//361 833//361
f 835//362 578//362 836//362 2019//362
f 2019//363 836//363 579//363 832//363
f 833//364 2019//364 832//364 371//364
f 378//365 842//365 2020//365 841//365
f 842//366 379//366 825//366 2020//366
f 2020//367 825//367 580//367 790//367
f 841//368 2020//368 790//368 577//368
f 99//369 702//369 2021//369 700//369
f 702//370 420//370 703//370 2021//370
f 2021//371 703//371 417//371 695//371
f 700//372 2021//372 695//372 98//372
f 233//373 763//373 2022//373 764//373
f 763//374 498//374 722//374 2022//374
f 2022//375 722//375 499//375 755//375
f 764//376 2022//376 755//376 236//376
f 301//373 797//373 2023//373 798//373
f 797//374 538//374 756//374 2023//374
f 2023//375 756//375 539//375 789//375
f 798//376 2023//376 789//376 304//376
f 165//373 729//373 2024//373 730//373
f 729//374 458//374 688//374 2024//374
f 2024//375 688//375 459//375 721//375
f 730//376 2024//376 721//376 168//376
f 373//377 854//377 2025//377 848//377
f 854//378 578//378 835//378 2025//378
f 2025//379 835//379 370//379 852//379
f 848//380 2025//380 852//380 376//380
f 96//381 710//381 2026//381 711//381
f 710//382 93//382 693//382 2026//382
f 2026//383 693//383 418//383 691//383
f 711//384 2026//384 691//384 90//384
f 162//385 747//385 2027//385 752//385
f 747//386 163//386 754//386 2027//386
f 2027//387 754//387 157//387 739//387
f 752//388 2027//388 739//388 457//388
f 230//385 781//385 2028//385 786//385
f 781//386 231//386 788//386 2028//386
f 2028//387 788//387 225//387 773//387
f 786//388 2028//388 773//388 497//388
f 298//385 815//385 2029//385 820//385
f 815//386 299//386 822//386 2029//386
f 2029//387 822//387 293//387 807//387
f 820//388 2029//388 807//388 537//388
f 232//389 765//389 2030//389 761//389
f 765//390 229//390 766//390 2030//390
f 2030//391 766//391 236//391 755//391
f 761//392 2030//392 755//392 499//392
f 300//389 799//389 2031//389 795//389
f 799//390 297//390 800//390 2031//390
f 2031//391 800//391 304//391 789//391
f 795//392 2031//392 789//392 539//392
f 164//389 731//389 2032//389 727//389
f 731//390 161//390 732//390 2032//390
f 2032//391 732//391 168//391 721//391
f 727//392 2032//392 721//392 459//392
f 374//393 845//393 2033//393 844//393
f 845//394 375//394 827//394 2033//394
f 2033//395 827//395 580//395 825//395
f 844//396 2033//396 825//396 379//396
f 95//397 718//397 2034//397 715//397
f 718//398 420//398 702//398 2034//398
f 2034//399 702//399 99//399 716//399
f 715//400 2034//400 716//400 94//400
f 302//401 655//401 2035//401 818//401
f 655//402 611//402 816//402 2035//402
f 2035//403 816//403 167//403 658//403
f 818//404 2035//404 658//404 297//404
f 379//405 900//405 2036//405 844//405
f 900//406 628//406 904//406 2036//406
f 2036//407 904//407 380//407 899//407
f 844//408 2036//408 899//408 374//408
f 234//401 868//401 2037//401 784//401
f 868//402 617//402 872//402 2037//402
f 2037//403 872//403 235//403 867//403
f 784//404 2037//404 867//404 229//404
f 166//401 884//401 2038//401 750//401
f 884//402 623//402 888//402 2038//402
f 2038//403 888//403 303//403 883//403
f 750//404 2038//404 883//404 161//404
f 99//409 717//409 2039//409 716//409
f 717//410 604//410 699//410 2039//410
f 2039//411 699//411 100//411 728//411
f 716//412 2039//412 728//412 94//412
f 227//413 860//413 2040//413 779//413
f 860//414 614//414 864//414 2040//414
f 2040//415 864//415 226//415 859//415
f 779//416 2040//416 859//416 231//416
f 159//413 876//413 2041//413 745//413
f 876//414 620//414 880//414 2041//414
f 2041//415 880//415 294//415 875//415
f 745//416 2041//416 875//416 163//416
f 370//417 892//417 2042//417 852//417
f 892//418 627//418 896//418 2042//418
f 2042//419 896//419 369//419 891//419
f 852//420 2042//420 891//420 376//420
f 44//421 824//421 2043//421 826//421
f 824//422 43//422 821//422 2043//422
f 2043//423 821//423 42//423 814//423
f 826//424 2043//424 814//424 41//424
f 295//413 684//413 2044//413 813//413
f 684//414 608//414 668//414 2044//414
f 2044//415 668//415 158//415 686//415
f 813//416 2044//416 686//416 299//416
f 31//425 1062//425 2045//425 1061//425
f 1062//426 32//426 1063//426 2045//426
f 2045//427 1063//427 28//427 1054//427
f 1061//428 2045//428 1054//428 27//428
f 32//429 1064//429 2046//429 1063//429
f 1064//430 29//430 1057//430 2046//430
f 2046//431 1057//431 25//431 1056//431
f 1063//432 2046//432 1056//432 28//432
f 33//433 1066//433 2047//433 1065//433
f 1066//434 34//434 1067//434 2047//434
f 2047//435 1067//435 30//435 1058//435
f 1065//436 2047//436 1058//436 29//436
f 34//437 1068//437 2048//437 1067//437
f 1068//438 35//438 1069//438 2048//438
f 2048//439 1069//439 31//439 1060//439
f 1067//440 2048//440 1060//440 30//440
f 35//441 1070//441 2049//441 1069//441
f 1070//442 36//442 1071//442 2049//442
f 2049//443 1071//443 32//443 1062//443
f 1069//444 2049//444 1062//444 31//444
f 36//445 1072//445 2050//445 1071//445
f 1072//446 33//446 1065//446 2050//446
f 2050//447 1065//447 29//447 1064//447
f 1071//448 2050//448 1064//448 32//448
f 37//449 1074//449 2051//449 1073//449
f 1074//450 38//450 1075//450 2051//450
f 2051//451 1075//451 34//451 1066//451
f 1073//452 2051//452 1066//452 33//452
f 38//453 1076//453 2052//453 1075//453
f 1076//454 39//454 1077//454 2052//454
f 2052//455 1077//455 35//455 1068//455
f 1075//456 2052//456 1068//456 34//456
f 39//457 1078//457 2053//457 1077//457
f 1078//458 40//458 1079//458 2053//458
f 2053//459 1079//459 36//459 1070//459
f 1077//460 2053//460 1070//460 35//460
f 40//461 1080//461 2054//461 1079//461
f 1080//462 37//462 1073//462 2054//462
f 2054//463 1073//463 33//463 1072//463
f 1079//464 2054//464 1072//464 36//464
f 41//465 814//465 2055//465 1081//465
f 814//466 42//466 1082//466 2055//466
f 2055//467 1082//467 38//467 1074//467
f 1081//468 2055//468 1074//468 37//468
f 42//469 821//469 2056//469 1082//469
f 821//470 43//470 1083//470 2056//470
f 2056//471 1083//471 39//471 1076//471
f 1082//472 2056//472 1076//472 38//472
f 43//473 824//473 2057//473 1083//473
f 824//474 44//474 1084//474 2057//474
f 2057//475 1084//475 40//475 1078//475
f 1083//476 2057//476 1078//476 39//476
f 44//477 826//477 2058//477 1084//477
f 826//478 41//478 1081//478 2058//478
f 2058//479 1081//479 37//479 1080//479
f 1084//480 2058//480 1080//480 40//480
f 45//481 787//481 2059//481 1085//481
f 787//482 46//482 1086//482 2059//482
f 2059//483 1086//483 7//483 649//483
f 1085//484 2059//484 649//484 8//484
f 46//485 796//485 2060//485 1086//485
f 796//486 47//486 1087//486 2060//486
f 2060//487 1087//487 6//487 650//487
f 1086//488 2060//488 650//488 7//488
f 47//489 801//489 2061//489 1087//489
f 801//490 48//490 1088//490 2061//490
f 2061//491 1088//491 5//491 651//491
f 1087//492 2061//492 651//492 6//492
f 48//493 808//493 2062//493 1088//493
f 808//494 45//494 1085//494 2062//494
f 2062//495 1085//495 8//495 643//495
f 1088//496 2062//496 643//496 5//496
f 49//497 1090//497 2063//497 1089//497
f 1090//498 50//498 1091//498 2063//498
f 2063//499 1091//499 54//499 1092//499
f 1089//500 2063//500 1092//500 53//500
f 50//501 1093//501 2064//501 1091//501
f 1093//502 51//502 1094//502 2064//502
f 2064//503 1094//503 55//503 1095//503
f 1091//504 2064//504 1095//504 54//504
f 51//505 1096//505 2065//505 1094//505
f 1096//506 52//506 1097//506 2065//506
f 2065//507 1097//507 56//507 1098//507
f 1094//508 2065//508 1098//508 55//508
f 52//509 1099//509 2066//509 1097//509
f 1099//510 49//510 1089//510 2066//510
f 2066//511 1089//511 53//511 1100//511
f 1097//512 2066//512 1100//512 56//512
f 57//513 908//513 2067//513 1101//513
f 908//514 58//514 1102//514 2067//514
f 2067//515 1102//515 398//515 1103//515
f 1101//516 2067//516 1103//516 397//516
f 58//517 907//517 2068//517 1102//517
f 907//518 59//518 1104//518 2068//518
f 2068//519 1104//519 399//519 1105//519
f 1102//520 2068//520 1105//520 398//520
f 59//521 906//521 2069//521 1104//521
f 906//522 60//522 1106//522 2069//522
f 2069//523 1106//523 400//523 1107//523
f 1104//524 2069//524 1107//524 399//524
f 60//525 905//525 2070//525 1106//525
f 905//526 57//526 1101//526 2070//526
f 2070//527 1101//527 397//527 1108//527
f 1106//528 2070//528 1108//528 400//528
f 397//529 1103//529 2071//529 1109//529
f 1103//530 398//530 1110//530 2071//530
f 2071//531 1110//531 50//531 1090//531
f 1109//532 2071//532 1090//532 49//532
f 398//533 1105//533 2072//533 1110//533
f 1105//534 399//534 1111//534 2072//534
f 2072//535 1111//535 51//535 1093//535
f 1110//536 2072//536 1093//536 50//536
f 399//537 1107//537 2073//537 1111//537
f 1107//538 400//538 1112//538 2073//538
f 2073//539 1112//539 52//539 1096//539
f 1111//540 2073//540 1096//540 51//540
f 400//541 1108//541 2074//541 1112//541
f 1108//542 397//542 1109//542 2074//542
f 2074//543 1109//543 49//543 1099//543
f 1112//544 2074//544 1099//544 52//544
f 53//545 1092//545 2075//545 1113//545
f 1092//546 54//546 1114//546 2075//546
f 2075//547 1114//547 62//547 1115//547
f 1113//548 2075//548 1115//548 61//548
f 54//549 1095//549 2076//549 1114//549
f 1095//550 55//550 1116//550 2076//550
f 2076//551 1116//551 63//551 1117//551
f 1114//552 2076//552 1117//552 62//552
f 55//553 1098//553 2077//553 1116//553
f 1098//554 56//554 1118//554 2077//554
f 2077//555 1118//555 64//555 1119//555
f 1116//556 2077//556 1119//556 63//556
f 56//557 1100//557 2078//557 1118//557
f 1100//558 53//558 1113//558 2078//558
f 2078//559 1113//559 61//559 1120//559
f 1118//560 2078//560 1120//560 64//560
f 61//561 1115//561 2079//561 1121//561
f 1115//562 62//562 1122//562 2079//562
f 2079//563 1122//563 66//563 1123//563
f 1121//564 2079//564 1123//564 65//564
f 62//565 1117//565 2080//565 1122//565
f 1117//566 63//566 1124//566 2080//566
f 2080//567 1124//567 67//567 1125//567
f 1122//568 2080//568 1125//568 66//568
f 63//569 1119//569 2081//569 1124//569
f 1119//570 64//570 1126//570 2081//570
f 2081//571 1126//571 68//571 1127//571
f 1124//572 2081//572 1127//572 67//572
f 64//573 1120//573 2082//573 1126//573
f 1120//574 61//574 1121//574 2082//574
f 2082//575 1121//575 65//575 1128//575
f 1126//576 2082//576 1128//576 68//576
f 65//577 1123//577 2083//577 1129//577
f 1123//578 66//578 1130//578 2083//578
f 2083//579 1130//579 70//579 910//579
f 1129//580 2083//580 910//580 69//580
f 66//581 1125//581 2084//581 1130//581
f 1125//582 67//582 1131//582 2084//582
f 2084//583 1131//583 71//583 911//583
f 1130//584 2084//584 911//584 70//584
f 67//585 1127//585 2085//585 1131//585
f 1127//586 68//586 1132//586 2085//586
f 2085//587 1132//587 72//587 912//587
f 1131//588 2085//588 912//588 71//588
f 68//589 1128//589 2086//589 1132//589
f 1128//590 65//590 1129//590 2086//590
f 2086//591 1129//591 69//591 909//591
f 1132//592 2086//592 909//592 72//592
f 73//593 916//593 2087//593 1133//593
f 916//594 74//594 1134//594 2087//594
f 2087//595 1134//595 402//595 1135//595
f 1133//596 2087//596 1135//596 401//596
f 74//597 915//597 2088//597 1134//597
f 915//598 75//598 1136//598 2088//598
f 2088//599 1136//599 403//599 1137//599
f 1134//600 2088//600 1137//600 402//600
f 75//601 914//601 2089//601 1136//601
f 914//602 76//602 1138//602 2089//602
f 2089//603 1138//603 404//603 1139//603
f 1136//604 2089//604 1139//604 403//604
f 76//605 913//605 2090//605 1138//605
f 913//606 73//606 1133//606 2090//606
f 2090//607 1133//607 401//607 1140//607
f 1138//608 2090//608 1140//608 404//608
f 401//609 1135//609 2091//609 1141//609
f 1135//610 402//610 1142//610 2091//610
f 2091//611 1142//611 78//611 1143//611
f 1141//612 2091//612 1143//612 77//612
f 402//613 1137//613 2092//613 1142//613
f 1137//614 403//614 1144//614 2092//614
f 2092//615 1144//615 79//615 1145//615
f 1142//616 2092//616 1145//616 78//616
f 403//617 1139//617 2093//617 1144//617
f 1139//618 404//618 1146//618 2093//618
f 2093//619 1146//619 80//619 1147//619
f 1144//620 2093//620 1147//620 79//620
f 404//621 1140//621 2094//621 1146//621
f 1140//622 401//622 1141//622 2094//622
f 2094//623 1141//623 77//623 1148//623
f 1146//624 2094//624 1148//624 80//624
f 77//625 1143//625 2095//625 1149//625
f 1143//626 78//626 1150//626 2095//626
f 2095//627 1150//627 82//627 1151//627
f 1149//628 2095//628 1151//628 81//628
f 78//629 1145//629 2096//629 1150//629
f 1145//630 79//630 1152//630 2096//630
f 2096//631 1152//631 83//631 1153//631
f 1150//632 2096//632 1153//632 82//632
f 79//633 1147//633 2097//633 1152//633
f 1147//634 80//634 1154//634 2097//634
f 2097//635 1154//635 84//635 1155//635
f 1152//636 2097//636 1155//636 83//636
f 80//637 1148//637 2098//637 1154//637
f 1148//638 77//638 1149//638 2098//638
f 2098//639 1149//639 81//639 1156//639
f 1154//640 2098//640 1156//640 84//640
f 81//641 1151//641 2099//641 1157//641
f 1151//642 82//642 1158//642 2099//642
f 2099//643 1158//643 86//643 1159//643
f 1157//644 2099//644 1159//644 85//644
f 82//645 1153//645 2100//645 1158//645
f 1153//646 83//646 1160//646 2100//646
f 2100//647 1160//647 87//647 1161//647
f 1158//648 2100//648 1161//648 86//648
f 83//649 1155//649 2101//649 1160//649
f 1155//650 84//650 1162//650 2101//650
f 2101//651 1162//651 88//651 1163//651
f 1160//652 2101//652 1163//652 87//652
f 84//653 1156//653 2102//653 1162//653
f 1156//654 81//654 1157//654 2102//654
f 2102//655 1157//655 85//655 1164//655
f 1162//656 2102//656 1164//656 88//656
f 85//657 1159//657 2103//657 1165//657
f 1159//658 86//658 1166//658 2103//658
f 2103//659 1166//659 406//659 1167//659
f 1165//660 2103//660 1167//660 405//660
f 86//661 1161//661 2104//661 1166//661
f 1161//662 87//662 1168//662 2104//662
f 2104//663 1168//663 407//663 1169//663
f 1166//664 2104//664 1169//664 406//664
f 87//665 1163//665 2105//665 1168//665
f 1163//666 88//666 1170//666 2105//666
f 2105//667 1170//667 408//667 1171//667
f 1168//668 2105//668 1171//668 407//668
f 88//669 1164//669 2106//669 1170//669
f 1164//670 85//670 1165//670 2106//670
f 2106//671 1165//671 405//671 1172//671
f 1170//672 2106//672 1172//672 408//672
f 405//673 1167//673 2107//673 1173//673
f 1167//674 406//674 1174//674 2107//674
f 2107//675 1174//675 410//675 1175//675
f 1173//676 2107//676 1175//676 409//676
f 406//677 1169//677 2108//677 1174//677
f 1169//678 407//678 1176//678 2108//678
f 2108//679 1176//679 411//679 1177//679
f 1174//680 2108//680 1177//680 410//680
f 407//681 1171//681 2109//681 1176//681
f 1171//682 408//682 1178//682 2109//682
f 2109//683 1178//683 412//683 1179//683
f 1176//684 2109//684 1179//684 411//684
f 408//685 1172//685 2110//685 1178//685
f 1172//686 405//686 1173//686 2110//686
f 2110//687 1173//687 409//687 1180//687
f 1178//688 2110//688 1180//688 412//688
f 409//689 1175//689 2111//689 1181//689
f 1175//690 410//690 1182//690 2111//690
f 2111//690 1182//690 414//690 1183//690
f 1181//689 2111//689 1183//689 413//689
f 410//691 1177//691 2112//691 1182//691
f 1177//692 411//692 1184//692 2112//692
f 2112//692 1184//692 415//692 1185//692
f 1182//691 2112//691 1185//691 414//691
f 411//693 1179//693 2113//693 1184//693
f 1179//694 412//694 1186//694 2113//694
f 2113//694 1186//694 416//694 1187//694
f 1184//693 2113//693 1187//693 415//693
f 412//695 1180//695 2114//695 1186//695
f 1180//696 409//696 1181//696 2114//696
f 2114//696 1181//696 413//696 1188//696
f 1186//695 2114//695 1188//695 416//695
f 413//697 1183//697 2115//697 1189//697
f 1183//698 414//698 1190//698 2115//698
f 2115//699 1190//699 418//699 675//699
f 1189//700 2115//700 675//700 417//700
f 414//701 1185//701 2116//701 1190//701
f 1185//702 415//702 1191//702 2116//702
f 2116//703 1191//703 419//703 689//703
f 1190//704 2116//704 689//704 418//704
f 415//705 1187//705 2117//705 1191//705
f 1187//706 416//706 1192//706 2117//706
f 2117//707 1192//707 420//707 704//707
f 1191//708 2117//708 704//708 419//708
f 416//709 1188//709 2118//709 1192//709
f 1188//710 413//710 1189//710 2118//710
f 2118//711 1189//711 417//711 703//711
f 1192//712 2118//712 703//712 420//712
f 421//713 1194//713 2119//713 1193//713
f 1194//714 422//714 1195//714 2119//714
f 2119//715 1195//715 605//715 712//715
f 1193//716 2119//716 712//716 606//716
f 422//717 1196//717 2120//717 1195//717
f 1196//718 423//718 1197//718 2120//718
f 2120//719 1197//719 604//719 701//719
f 1195//720 2120//720 701//720 605//720
f 423//721 1198//721 2121//721 1197//721
f 1198//722 424//722 1199//722 2121//722
f 2121//723 1199//723 100//723 699//723
f 1197//724 2121//724 699//724 604//724
f 424//725 1200//725 2122//725 1199//725
f 1200//726 421//726 1193//726 2122//726
f 2122//727 1193//727 606//727 714//727
f 1199//728 2122//728 714//728 100//728
f 101//729 1202//729 2123//729 1201//729
f 1202//730 102//730 1203//730 2123//730
f 2123//731 1203//731 422//731 1194//731
f 1201//732 2123//732 1194//732 421//732
f 102//733 1204//733 2124//733 1203//733
f 1204//734 103//734 1205//734 2124//734
f 2124//735 1205//735 423//735 1196//735
f 1203//736 2124//736 1196//736 422//736
f 103//737 1206//737 2125//737 1205//737
f 1206//738 104//738 1207//738 2125//738
f 2125//739 1207//739 424//739 1198//739
f 1205//740 2125//740 1198//740 423//740
f 104//741 1208//741 2126//741 1207//741
f 1208//742 101//742 1201//742 2126//742
f 2126//743 1201//743 421//743 1200//743
f 1207//744 2126//744 1200//744 424//744
f 425//745 1210//745 2127//745 1209//745
f 1210//746 426//746 1211//746 2127//746
f 2127//747 1211//747 94//747 697//747
f 1209//748 2127//748 697//748 93//748
f 426//749 1212//749 2128//749 1211//749
f 1212//750 427//750 1213//750 2128//750
f 2128//751 1213//751 95//751 715//751
f 1211//752 2128//752 715//752 94//752
f 427//753 1214//753 2129//753 1213//753
f 1214//754 428//754 1215//754 2129//754
f 2129//755 1215//755 96//755 713//755
f 1213//756 2129//756 713//756 95//756
f 428//757 1216//757 2130//757 1215//757
f 1216//758 425//758 1209//758 2130//758
f 2130//759 1209//759 93//759 710//759
f 1215//760 2130//760 710//760 96//760
f 105//761 920//761 2131//761 1217//761
f 920//762 106//762 1218//762 2131//762
f 2131//763 1218//763 426//763 1210//763
f 1217//764 2131//764 1210//764 425//764
f 106//765 919//765 2132//765 1218//765
f 919//766 107//766 1219//766 2132//766
f 2132//767 1219//767 427//767 1212//767
f 1218//768 2132//768 1212//768 426//768
f 107//769 918//769 2133//769 1219//769
f 918//770 108//770 1220//770 2133//770
f 2133//771 1220//771 428//771 1214//771
f 1219//772 2133//772 1214//772 427//772
f 108//773 917//773 2134//773 1220//773
f 917//774 105//774 1217//774 2134//774
f 2134//775 1217//775 425//775 1216//775
f 1220//776 2134//776 1216//776 428//776
f 89//777 746//777 2135//777 1221//777
f 746//778 601//778 1222//778 2135//778
f 2135//779 1222//779 430//779 1223//779
f 1221//780 2135//780 1223//780 429//780
f 601//781 748//781 2136//781 1222//781
f 748//782 602//782 1224//782 2136//782
f 2136//783 1224//783 431//783 1225//783
f 1222//784 2136//784 1225//784 430//784
f 602//785 753//785 2137//785 1224//785
f 753//786 603//786 1226//786 2137//786
f 2137//787 1226//787 432//787 1227//787
f 1224//788 2137//788 1227//788 431//788
f 603//789 762//789 2138//789 1226//789
f 762//790 89//790 1221//790 2138//790
f 2138//791 1221//791 429//791 1228//791
f 1226//792 2138//792 1228//792 432//792
f 429//793 1223//793 2139//793 1229//793
f 1223//794 430//794 1230//794 2139//794
f 2139//795 1230//795 434//795 1231//795
f 1229//796 2139//796 1231//796 433//796
f 430//797 1225//797 2140//797 1230//797
f 1225//798 431//798 1232//798 2140//798
f 2140//799 1232//799 435//799 1233//799
f 1230//800 2140//800 1233//800 434//800
f 431//801 1227//801 2141//801 1232//801
f 1227//802 432//802 1234//802 2141//802
f 2141//803 1234//803 436//803 1235//803
f 1232//804 2141//804 1235//804 435//804
f 432//805 1228//805 2142//805 1234//805
f 1228//806 429//806 1229//806 2142//806
f 2142//807 1229//807 433//807 1236//807
f 1234//808 2142//808 1236//808 436//808
f 433//809 1231//809 2143//809 1237//809
f 1231//810 434//810 1238//810 2143//810
f 2143//811 1238//811 110//811 922//811
f 1237//812 2143//812 922//812 109//812
f 434//813 1233//813 2144//813 1238//813
f 1233//814 435//814 1239//814 2144//814
f 2144//815 1239//815 111//815 923//815
f 1238//816 2144//816 923//816 110//816
f 435//817 1235//817 2145//817 1239//817
f 1235//818 436//818 1240//818 2145//818
f 2145//819 1240//819 112//819 924//819
f 1239//820 2145//820 924//820 111//820
f 436//821 1236//821 2146//821 1240//821
f 1236//822 433//822 1237//822 2146//822
f 2146//823 1237//823 109//823 921//823
f 1240//824 2146//824 921//824 112//824
f 113//825 928//825 2147//825 1241//825
f 928//826 114//826 1242//826 2147//826
f 2147//827 1242//827 102//827 1202//827
f 1241//828 2147//828 1202//828 101//828
f 114//829 927//829 2148//829 1242//829
f 927//830 115//830 1243//830 2148//830
f 2148//831 1243//831 103//831 1204//831
f 1242//832 2148//832 1204//832 102//832
f 115//833 926//833 2149//833 1243//833
f 926//834 116//834 1244//834 2149//834
f 2149//835 1244//835 104//835 1206//835
f 1243//836 2149//836 1206//836 103//836
f 116//837 925//837 2150//837 1244//837
f 925//838 113//838 1241//838 2150//838
f 2150//839 1241//839 101//839 1208//839
f 1244//840 2150//840 1208//840 104//840
f 117//497 1246//497 2151//497 1245//497
f 1246//498 118//498 1247//498 2151//498
f 2151//499 1247//499 122//499 1248//499
f 1245//500 2151//500 1248//500 121//500
f 118//501 1249//501 2152//501 1247//501
f 1249//502 119//502 1250//502 2152//502
f 2152//503 1250//503 123//503 1251//503
f 1247//504 2152//504 1251//504 122//504
f 119//505 1252//505 2153//505 1250//505
f 1252//506 120//506 1253//506 2153//506
f 2153//507 1253//507 124//507 1254//507
f 1250//508 2153//508 1254//508 123//508
f 120//509 1255//509 2154//509 1253//509
f 1255//510 117//510 1245//510 2154//510
f 2154//511 1245//511 121//511 1256//511
f 1253//512 2154//512 1256//512 124//512
f 125//513 932//513 2155//513 1257//513
f 932//514 126//514 1258//514 2155//514
f 2155//515 1258//515 438//515 1259//515
f 1257//516 2155//516 1259//516 437//516
f 126//517 931//517 2156//517 1258//517
f 931//518 127//518 1260//518 2156//518
f 2156//519 1260//519 439//519 1261//519
f 1258//520 2156//520 1261//520 438//520
f 127//521 930//521 2157//521 1260//521
f 930//522 128//522 1262//522 2157//522
f 2157//523 1262//523 440//523 1263//523
f 1260//524 2157//524 1263//524 439//524
f 128//525 929//525 2158//525 1262//525
f 929//526 125//526 1257//526 2158//526
f 2158//527 1257//527 437//527 1264//527
f 1262//528 2158//528 1264//528 440//528
f 437//529 1259//529 2159//529 1265//529
f 1259//530 438//530 1266//530 2159//530
f 2159//531 1266//531 118//531 1246//531
f 1265//532 2159//532 1246//532 117//532
f 438//533 1261//533 2160//533 1266//533
f 1261//534 439//534 1267//534 2160//534
f 2160//535 1267//535 119//535 1249//535
f 1266//536 2160//536 1249//536 118//536
f 439//537 1263//537 2161//537 1267//537
f 1263//538 440//538 1268//538 2161//538
f 2161//539 1268//539 120//539 1252//539
f 1267//540 2161//540 1252//540 119//540
f 440//541 1264//541 2162//541 1268//541
f 1264//542 437//542 1265//542 2162//542
f 2162//543 1265//543 117//543 1255//543
f 1268//544 2162//544 1255//544 120//544
f 121//545 1248//545 2163//545 1269//545
f 1248//546 122//546 1270//546 2163//546
f 2163//547 1270//547 130//547 1271//547
f 1269//548 2163//548 1271//548 129//548
f 122//549 1251//549 2164//549 1270//549
f 1251//550 123//550 1272//550 2164//550
f 2164//551 1272//551 131//551 1273//551
f 1270//552 2164//552 1273//552 130//552
f 123//553 1254//553 2165//553 1272//553
f 1254//554 124//554 1274//554 2165//554
f 2165//555 1274//555 132//555 1275//555
f 1272//556 2165//556 1275//556 131//556
f 124//557 1256//557 2166//557 1274//557
f 1256//558 121//558 1269//558 2166//558
f 2166//559 1269//559 129//559 1276//559
f 1274//560 2166//560 1276//560 132//560
f 129//561 1271//561 2167//561 1277//561
f 1271//562 130//562 1278//562 2167//562
f 2167//563 1278//563 134//563 1279//563
f 1277//564 2167//564 1279//564 133//564
f 130//565 1273//565 2168//565 1278//565
f 1273//566 131//566 1280//566 2168//566
f 2168//567 1280//567 135//567 1281//567
f 1278//568 2168//568 1281//568 134//568
f 131//569 1275//569 2169//569 1280//569
f 1275//570 132//570 1282//570 2169//570
f 2169//571 1282//571 136//571 1283//571
f 1280//572 2169//572 1283//572 135//572
f 132//573 1276//573 2170//573 1282//573
f 1276//574 129//574 1277//574 2170//574
f 2170//575 1277//575 133//575 1284//575
f 1282//576 2170//576 1284//576 136//576
f 133//577 1279//577 2171//577 1285//577
f 1279//578 134//578 1286//578 2171//578
f 2171//579 1286//579 138//579 934//579
f 1285//580 2171//580 934//580 137//580
f 134//581 1281//581 2172//581 1286//581
f 1281//582 135//582 1287//582 2172//582
f 2172//583 1287//583 139//583 935//583
f 1286//584 2172//584 935//584 138//584
f 135//585 1283//585 2173//585 1287//585
f 1283//586 136//586 1288//586 2173//586
f 2173//587 1288//587 140//587 936//587
f 1287//588 2173//588 936//588 139//588
f 136//589 1284//589 2174//589 1288//589
f 1284//590 133//590 1285//590 2174//590
f 2174//591 1285//591 137//591 933//591
f 1288//592 2174//592 933//592 140//592
f 141//841 940//841 2175//841 1289//841
f 940//842 142//842 1290//842 2175//842
f 2175//843 1290//843 442//843 1291//843
f 1289//844 2175//844 1291//844 441//844
f 142//845 939//845 2176//845 1290//845
f 939//846 143//846 1292//846 2176//846
f 2176//847 1292//847 443//847 1293//847
f 1290//848 2176//848 1293//848 442//848
f 143//849 938//849 2177//849 1292//849
f 938//850 144//850 1294//850 2177//850
f 2177//851 1294//851 444//851 1295//851
f 1292//852 2177//852 1295//852 443//852
f 144//853 937//853 2178//853 1294//853
f 937//854 141//854 1289//854 2178//854
f 2178//855 1289//855 441//855 1296//855
f 1294//856 2178//856 1296//856 444//856
f 441//857 1291//857 2179//857 1297//857
f 1291//858 442//858 1298//858 2179//858
f 2179//859 1298//859 146//859 1299//859
f 1297//860 2179//860 1299//860 145//860
f 442//861 1293//861 2180//861 1298//861
f 1293//862 443//862 1300//862 2180//862
f 2180//863 1300//863 147//863 1301//863
f 1298//864 2180//864 1301//864 146//864
f 443//865 1295//865 2181//865 1300//865
f 1295//866 444//866 1302//866 2181//866
f 2181//867 1302//867 148//867 1303//867
f 1300//868 2181//868 1303//868 147//868
f 444//869 1296//869 2182//869 1302//869
f 1296//870 441//870 1297//870 2182//870
f 2182//871 1297//871 145//871 1304//871
f 1302//872 2182//872 1304//872 148//872
f 145//873 1299//873 2183//873 1305//873
f 1299//874 146//874 1306//874 2183//874
f 2183//875 1306//875 150//875 1307//875
f 1305//876 2183//876 1307//876 149//876
f 146//877 1301//877 2184//877 1306//877
f 1301//878 147//878 1308//878 2184//878
f 2184//879 1308//879 151//879 1309//879
f 1306//880 2184//880 1309//880 150//880
f 147//881 1303//881 2185//881 1308//881
f 1303//882 148//882 1310//882 2185//882
f 2185//883 1310//883 152//883 1311//883
f 1308//884 2185//884 1311//884 151//884
f 148//885 1304//885 2186//885 1310//885
f 1304//886 145//886 1305//886 2186//886
f 2186//887 1305//887 149//887 1312//887
f 1310//888 2186//888 1312//888 152//888
f 149//889 1307//889 2187//889 1313//889
f 1307//890 150//890 1314//890 2187//890
f 2187//891 1314//891 154//891 1315//891
f 1313//892 2187//892 1315//892 153//892
f 150//893 1309//893 2188//893 1314//893
f 1309//894 151//894 1316//894 2188//894
f 2188//895 1316//895 155//895 1317//895
f 1314//896 2188//896 1317//896 154//896
f 151//897 1311//897 2189//897 1316//897
f 1311//898 152//898 1318//898 2189//898
f 2189//899 1318//899 156//899 1319//899
f 1316//900 2189//900 1319//900 155//900
f 152//901 1312//901 2190//901 1318//901
f 1312//902 149//902 1313//902 2190//902
f 2190//903 1313//903 153//903 1320//903
f 1318//904 2190//904 1320//904 156//904
f 153//905 1315//905 2191//905 1321//905
f 1315//906 154//906 1322//906 2191//906
f 2191//907 1322//907 446//907 1323//907
f 1321//908 2191//908 1323//908 445//908
f 154//909 1317//909 2192//909 1322//909
f 1317//910 155//910 1324//910 2192//910
f 2192//911 1324//911 447//911 1325//911
f 1322//912 2192//912 1325//912 446//912
f 155//913 1319//913 2193//913 1324//913
f 1319//914 156//914 1326//914 2193//914
f 2193//915 1326//915 448//915 1327//915
f 1324//916 2193//916 1327//916 447//916
f 156//917 1320//917 2194//917 1326//917
f 1320//918 153//918 1321//918 2194//918
f 2194//919 1321//919 445//919 1328//919
f 1326//920 2194//920 1328//920 448//920
f 445//921 1323//921 2195//921 1329//921
f 1323//922 446//922 1330//922 2195//922
f 2195//923 1330//923 450//923 1331//923
f 1329//924 2195//924 1331//924 449//924
f 446//925 1325//925 2196//925 1330//925
f 1325//926 447//926 1332//926 2196//926
f 2196//927 1332//927 451//927 1333//927
f 1330//928 2196//928 1333//928 450//928
f 447//929 1327//929 2197//929 1332//929
f 1327//930 448//930 1334//930 2197//930
f 2197//931 1334//931 452//931 1335//931
f 1332//932 2197//932 1335//932 451//932
f 448//933 1328//933 2198//933 1334//933
f 1328//934 445//934 1329//934 2198//934
f 2198//935 1329//935 449//935 1336//935
f 1334//936 2198//936 1336//936 452//936
f 449//937 1331//937 2199//937 1337//937
f 1331//938 450//938 1338//938 2199//938
f 2199//938 1338//938 454//938 1339//938
f 1337//937 2199//937 1339//937 453//937
f 450//939 1333//939 2200//939 1338//939
f 1333//940 451//940 1340//940 2200//940
f 2200//940 1340//940 455//940 1341//940
f 1338//939 2200//939 1341//939 454//939
f 451//941 1335//941 2201//941 1340//941
f 1335//942 452//942 1342//942 2201//942
f 2201//942 1342//942 456//942 1343//942
f 1340//941 2201//941 1343//941 455//941
f 452//943 1336//943 2202//943 1342//943
f 1336//944 449//944 1337//944 2202//944
f 2202//944 1337//944 453//944 1344//944
f 1342//943 2202//943 1344//943 456//943
f 453//945 1339//945 2203//945 1345//945
f 1339//946 454//946 1346//946 2203//946
f 2203//947 1346//947 458//947 735//947
f 1345//948 2203//948 735//948 457//948
f 454//949 1341//949 2204//949 1346//949
f 1341//950 455//950 1347//950 2204//950
f 2204//951 1347//951 459//951 688//951
f 1346//952 2204//952 688//952 458//952
f 455//953 1343//953 2205//953 1347//953
f 1343//954 456//954 1348//954 2205//954
f 2205//955 1348//955 460//955 723//955
f 1347//956 2205//956 723//956 459//956
f 456//957 1344//957 2206//957 1348//957
f 1344//958 453//958 1345//958 2206//958
f 2206//959 1345//959 457//959 734//959
f 1348//960 2206//960 734//960 460//960
f 461//961 1350//961 2207//961 1349//961
f 1350//962 462//962 1351//962 2207//962
f 2207//963 1351//963 611//963 847//963
f 1349//964 2207//964 847//964 612//964
f 462//965 1352//965 2208//965 1351//965
f 1352//966 463//966 1353//966 2208//966
f 2208//967 1353//967 167//967 816//967
f 1351//968 2208//968 816//968 611//968
f 463//969 1354//969 2209//969 1353//969
f 1354//970 464//970 1355//970 2209//970
f 2209//971 1355//971 610//971 648//971
f 1353//972 2209//972 648//972 167//972
f 464//973 1356//973 2210//973 1355//973
f 1356//974 461//974 1349//974 2210//974
f 2210//975 1349//975 612//975 642//975
f 1355//976 2210//976 642//976 610//976
f 169//977 1358//977 2211//977 1357//977
f 1358//978 170//978 1359//978 2211//978
f 2211//979 1359//979 462//979 1350//979
f 1357//980 2211//980 1350//980 461//980
f 170//981 1360//981 2212//981 1359//981
f 1360//982 171//982 1361//982 2212//982
f 2212//983 1361//983 463//983 1352//983
f 1359//984 2212//984 1352//984 462//984
f 171//985 1362//985 2213//985 1361//985
f 1362//986 172//986 1363//986 2213//986
f 2213//987 1363//987 464//987 1354//987
f 1361//988 2213//988 1354//988 463//988
f 172//989 1364//989 2214//989 1363//989
f 1364//990 169//990 1357//990 2214//990
f 2214//991 1357//991 461//991 1356//991
f 1363//992 2214//992 1356//992 464//992
f 465//993 1366//993 2215//993 1365//993
f 1366//994 466//994 1367//994 2215//994
f 2215//995 1367//995 162//995 749//995
f 1365//996 2215//996 749//996 161//996
f 466//997 1368//997 2216//997 1367//997
f 1368//998 467//998 1369//998 2216//998
f 2216//999 1369//999 163//999 747//999
f 1367//1000 2216//1000 747//1000 162//1000
f 467//1001 1370//1001 2217//1001 1369//1001
f 1370//1002 468//1002 1371//1002 2217//1002
f 2217//1003 1371//1003 164//1003 744//1003
f 1369//1004 2217//1004 744//1004 163//1004
f 468//1005 1372//1005 2218//1005 1371//1005
f 1372//1006 465//1006 1365//1006 2218//1006
f 2218//1007 1365//1007 161//1007 731//1007
f 1371//1008 2218//1008 731//1008 164//1008
f 173//1009 944//1009 2219//1009 1373//1009
f 944//1010 174//1010 1374//1010 2219//1010
f 2219//1011 1374//1011 466//1011 1366//1011
f 1373//1012 2219//1012 1366//1012 465//1012
f 174//1013 943//1013 2220//1013 1374//1013
f 943//1014 175//1014 1375//1014 2220//1014
f 2220//1015 1375//1015 467//1015 1368//1015
f 1374//1016 2220//1016 1368//1016 466//1016
f 175//1017 942//1017 2221//1017 1375//1017
f 942//1018 176//1018 1376//1018 2221//1018
f 2221//1019 1376//1019 468//1019 1370//1019
f 1375//1020 2221//1020 1370//1020 467//1020
f 176//1021 941//1021 2222//1021 1376//1021
f 941//1022 173//1022 1373//1022 2222//1022
f 2222//1023 1373//1023 465//1023 1372//1023
f 1376//1024 2222//1024 1372//1024 468//1024
f 609//1025 680//1025 2223//1025 1377//1025
f 680//1026 158//1026 1378//1026 2223//1026
f 2223//1027 1378//1027 470//1027 1379//1027
f 1377//1028 2223//1028 1379//1028 469//1028
f 158//1029 668//1029 2224//1029 1378//1029
f 668//1030 608//1030 1380//1030 2224//1030
f 2224//1031 1380//1031 471//1031 1381//1031
f 1378//1032 2224//1032 1381//1032 470//1032
f 608//1033 671//1033 2225//1033 1380//1033
f 671//1034 607//1034 1382//1034 2225//1034
f 2225//1035 1382//1035 472//1035 1383//1035
f 1380//1036 2225//1036 1383//1036 471//1036
f 607//1037 678//1037 2226//1037 1382//1037
f 678//1038 609//1038 1377//1038 2226//1038
f 2226//1039 1377//1039 469//1039 1384//1039
f 1382//1040 2226//1040 1384//1040 472//1040
f 469//1041 1379//1041 2227//1041 1385//1041
f 1379//1042 470//1042 1386//1042 2227//1042
f 2227//1043 1386//1043 474//1043 1387//1043
f 1385//1044 2227//1044 1387//1044 473//1044
f 470//1045 1381//1045 2228//1045 1386//1045
f 1381//1046 471//1046 1388//1046 2228//1046
f 2228//1047 1388//1047 475//1047 1389//1047
f 1386//1048 2228//1048 1389//1048 474//1048
f 471//1049 1383//1049 2229//1049 1388//1049
f 1383//1050 472//1050 1390//1050 2229//1050
f 2229//1051 1390//1051 476//1051 1391//1051
f 1388//1052 2229//1052 1391//1052 475//1052
f 472//1053 1384//1053 2230//1053 1390//1053
f 1384//1054 469//1054 1385//1054 2230//1054
f 2230//1055 1385//1055 473//1055 1392//1055
f 1390//1056 2230//1056 1392//1056 476//1056
f 473//1057 1387//1057 2231//1057 1393//1057
f 1387//1058 474//1058 1394//1058 2231//1058
f 2231//1059 1394//1059 178//1059 946//1059
f 1393//1060 2231//1060 946//1060 177//1060
f 474//1061 1389//1061 2232//1061 1394//1061
f 1389//1062 475//1062 1395//1062 2232//1062
f 2232//1063 1395//1063 179//1063 947//1063
f 1394//1064 2232//1064 947//1064 178//1064
f 475//1065 1391//1065 2233//1065 1395//1065
f 1391//1066 476//1066 1396//1066 2233//1066
f 2233//1067 1396//1067 180//1067 948//1067
f 1395//1068 2233//1068 948//1068 179//1068
f 476//1069 1392//1069 2234//1069 1396//1069
f 1392//1070 473//1070 1393//1070 2234//1070
f 2234//1071 1393//1071 177//1071 945//1071
f 1396//1072 2234//1072 945//1072 180//1072
f 181//1073 952//1073 2235//1073 1397//1073
f 952//1074 182//1074 1398//1074 2235//1074
f 2235//1075 1398//1075 170//1075 1358//1075
f 1397//1076 2235//1076 1358//1076 169//1076
f 182//1077 951//1077 2236//1077 1398//1077
f 951//1078 183//1078 1399//1078 2236//1078
f 2236//1079 1399//1079 171//1079 1360//1079
f 1398//1080 2236//1080 1360//1080 170//1080
f 183//1081 950//1081 2237//1081 1399//1081
f 950//1082 184//1082 1400//1082 2237//1082
f 2237//1083 1400//1083 172//1083 1362//1083
f 1399//1084 2237//1084 1362//1084 171//1084
f 184//1085 949//1085 2238//1085 1400//1085
f 949//1086 181//1086 1397//1086 2238//1086
f 2238//1087 1397//1087 169//1087 1364//1087
f 1400//1088 2238//1088 1364//1088 172//1088
f 185//497 1402//497 2239//497 1401//497
f 1402//498 186//498 1403//498 2239//498
f 2239//499 1403//499 190//499 1404//499
f 1401//500 2239//500 1404//500 189//500
f 186//501 1405//501 2240//501 1403//501
f 1405//502 187//502 1406//502 2240//502
f 2240//503 1406//503 191//503 1407//503
f 1403//504 2240//504 1407//504 190//504
f 187//505 1408//505 2241//505 1406//505
f 1408//506 188//506 1409//506 2241//506
f 2241//507 1409//507 192//507 1410//507
f 1406//508 2241//508 1410//508 191//508
f 188//509 1411//509 2242//509 1409//509
f 1411//510 185//510 1401//510 2242//510
f 2242//511 1401//511 189//511 1412//511
f 1409//512 2242//512 1412//512 192//512
f 193//513 956//513 2243//513 1413//513
f 956//514 194//514 1414//514 2243//514
f 2243//515 1414//515 478//515 1415//515
f 1413//516 2243//516 1415//516 477//516
f 194//517 955//517 2244//517 1414//517
f 955//518 195//518 1416//518 2244//518
f 2244//519 1416//519 479//519 1417//519
f 1414//520 2244//520 1417//520 478//520
f 195//521 954//521 2245//521 1416//521
f 954//522 196//522 1418//522 2245//522
f 2245//523 1418//523 480//523 1419//523
f 1416//524 2245//524 1419//524 479//524
f 196//525 953//525 2246//525 1418//525
f 953//526 193//526 1413//526 2246//526
f 2246//527 1413//527 477//527 1420//527
f 1418//528 2246//528 1420//528 480//528
f 477//529 1415//529 2247//529 1421//529
f 1415//530 478//530 1422//530 2247//530
f 2247//531 1422//531 186//531 1402//531
f 1421//532 2247//532 1402//532 185//532
f 478//533 1417//533 2248//533 1422//533
f 1417//534 479//534 1423//534 2248//534
f 2248//535 1423//535 187//535 1405//535
f 1422//536 2248//536 1405//536 186//536
f 479//537 1419//537 2249//537 1423//537
f 1419//538 480//538 1424//538 2249//538
f 2249//539 1424//539 188//539 1408//539
f 1423//540 2249//540 1408//540 187//540
f 480//541 1420//541 2250//541 1424//541
f 1420//542 477//542 1421//542 2250//542
f 2250//543 1421//543 185//543 1411//543
f 1424//544 2250//544 1411//544 188//544
f 189//545 1404//545 2251//545 1425//545
f 1404//546 190//546 1426//546 2251//546
f 2251//547 1426//547 198//547 1427//547
f 1425//548 2251//548 1427//548 197//548
f 190//549 1407//549 2252//549 1426//549
f 1407//550 191//550 1428//550 2252//550
f 2252//551 1428//551 199//551 1429//551
f 1426//552 2252//552 1429//552 198//552
f 191//553 1410//553 2253//553 1428//553
f 1410//554 192//554 1430//554 2253//554
f 2253//555 1430//555 200//555 1431//555
f 1428//556 2253//556 1431//556 199//556
f 192//557 1412//557 2254//557 1430//557
f 1412//558 189//558 1425//558 2254//558
f 2254//559 1425//559 197//559 1432//559
f 1430//560 2254//560 1432//560 200//560
f 197//561 1427//561 2255//561 1433//561
f 1427//562 198//562 1434//562 2255//562
f 2255//563 1434//563 202//563 1435//563
f 1433//564 2255//564 1435//564 201//564
f 198//565 1429//565 2256//565 1434//565
f 1429//566 199//566 1436//566 2256//566
f 2256//567 1436//567 203//567 1437//567
f 1434//568 2256//568 1437//568 202//568
f 199//569 1431//569 2257//569 1436//569
f 1431//570 200//570 1438//570 2257//570
f 2257//571 1438//571 204//571 1439//571
f 1436//572 2257//572 1439//572 203//572
f 200//573 1432//573 2258//573 1438//573
f 1432//574 197//574 1433//574 2258//574
f 2258//575 1433//575 201//575 1440//575
f 1438//576 2258//576 1440//576 204//576
f 201//577 1435//577 2259//577 1441//577
f 1435//578 202//578 1442//578 2259//578
f 2259//579 1442//579 206//579 958//579
f 1441//580 2259//580 958//580 205//580
f 202//581 1437//581 2260//581 1442//581
f 1437//582 203//582 1443//582 2260//582
f 2260//583 1443//583 207//583 959//583
f 1442//584 2260//584 959//584 206//584
f 203//585 1439//585 2261//585 1443//585
f 1439//586 204//586 1444//586 2261//586
f 2261//587 1444//587 208//587 960//587
f 1443//588 2261//588 960//588 207//588
f 204//589 1440//589 2262//589 1444//589
f 1440//590 201//590 1441//590 2262//590
f 2262//591 1441//591 205//591 957//591
f 1444//592 2262//592 957//592 208//592
f 209//841 964//841 2263//841 1445//841
f 964//842 210//842 1446//842 2263//842
f 2263//843 1446//843 482//843 1447//843
f 1445//844 2263//844 1447//844 481//844
f 210//845 963//845 2264//845 1446//845
f 963//846 211//846 1448//846 2264//846
f 2264//847 1448//847 483//847 1449//847
f 1446//848 2264//848 1449//848 482//848
f 211//849 962//849 2265//849 1448//849
f 962//850 212//850 1450//850 2265//850
f 2265//851 1450//851 484//851 1451//851
f 1448//852 2265//852 1451//852 483//852
f 212//853 961//853 2266//853 1450//853
f 961//854 209//854 1445//854 2266//854
f 2266//855 1445//855 481//855 1452//855
f 1450//856 2266//856 1452//856 484//856
f 481//857 1447//857 2267//857 1453//857
f 1447//858 482//858 1454//858 2267//858
f 2267//859 1454//859 214//859 1455//859
f 1453//860 2267//860 1455//860 213//860
f 482//861 1449//861 2268//861 1454//861
f 1449//862 483//862 1456//862 2268//862
f 2268//863 1456//863 215//863 1457//863
f 1454//864 2268//864 1457//864 214//864
f 483//865 1451//865 2269//865 1456//865
f 1451//866 484//866 1458//866 2269//866
f 2269//867 1458//867 216//867 1459//867
f 1456//868 2269//868 1459//868 215//868
f 484//869 1452//869 2270//869 1458//869
f 1452//870 481//870 1453//870 2270//870
f 2270//871 1453//871 213//871 1460//871
f 1458//872 2270//872 1460//872 216//872
f 213//873 1455//873 2271//873 1461//873
f 1455//874 214//874 1462//874 2271//874
f 2271//875 1462//875 218//875 1463//875
f 1461//876 2271//876 1463//876 217//876
f 214//877 1457//877 2272//877 1462//877
f 1457//878 215//878 1464//878 2272//878
f 2272//879 1464//879 219//879 1465//879
f 1462//880 2272//880 1465//880 218//880
f 215//881 1459//881 2273//881 1464//881
f 1459//882 216//882 1466//882 2273//882
f 2273//883 1466//883 220//883 1467//883
f 1464//884 2273//884 1467//884 219//884
f 216//885 1460//885 2274//885 1466//885
f 1460//886 213//886 1461//886 2274//886
f 2274//887 1461//887 217//887 1468//887
f 1466//888 2274//888 1468//888 220//888
f 217//889 1463//889 2275//889 1469//889
f 1463//890 218//890 1470//890 2275//890
f 2275//891 1470//891 222//891 1471//891
f 1469//892 2275//892 1471//892 221//892
f 218//893 1465//893 2276//893 1470//893
f 1465//894 219//894 1472//894 2276//894
f 2276//895 1472//895 223//895 1473//895
f 1470//896 2276//896 1473//896 222//896
f 219//897 1467//897 2277//897 1472//897
f 1467//898 220//898 1474//898 2277//898
f 2277//899 1474//899 224//899 1475//899
f 1472//900 2277//900 1475//900 223//900
f 220//901 1468//901 2278//901 1474//901
f 1468//902 217//902 1469//902 2278//902
f 2278//903 1469//903 221//903 1476//903
f 1474//904 2278//904 1476//904 224//904
f 221//905 1471//905 2279//905 1477//905
f 1471//906 222//906 1478//906 2279//906
f 2279//907 1478//907 486//907 1479//907
f 1477//908 2279//908 1479//908 485//908
f 222//909 1473//909 2280//909 1478//909
f 1473//910 223//910 1480//910 2280//910
f 2280//911 1480//911 487//911 1481//911
f 1478//912 2280//912 1481//912 486//912
f 223//913 1475//913 2281//913 1480//913
f 1475//914 224//914 1482//914 2281//914
f 2281//915 1482//915 488//915 1483//915
f 1480//916 2281//916 1483//916 487//916
f 224//917 1476//917 2282//917 1482//917
f 1476//918 221//918 1477//918 2282//918
f 2282//919 1477//919 485//919 1484//919
f 1482//920 2282//920 1484//920 488//920
f 485//921 1479//921 2283//921 1485//921
f 1479//922 486//922 1486//922 2283//922
f 2283//923 1486//923 490//923 1487//923
f 1485//924 2283//924 1487//924 489//924
f 486//925 1481//925 2284//925 1486//925
f 1481//926 487//926 1488//926 2284//926
f 2284//927 1488//927 491//927 1489//927
f 1486//928 2284//928 1489//928 490//928
f 487//929 1483//929 2285//929 1488//929
f 1483//930 488//930 1490//930 2285//930
f 2285//931 1490//931 492//931 1491//931
f 1488//932 2285//932 1491//932 491//932
f 488//933 1484//933 2286//933 1490//933
f 1484//934 485//934 1485//934 2286//934
f 2286//935 1485//935 489//935 1492//935
f 1490//936 2286//936 1492//936 492//936
f 489//937 1487//937 2287//937 1493//937
f 1487//938 490//938 1494//938 2287//938
f 2287//938 1494//938 494//938 1495//938
f 1493//937 2287//937 1495//937 493//937
f 490//939 1489//939 2288//939 1494//939
f 1489//940 491//940 1496//940 2288//940
f 2288//940 1496//940 495//940 1497//940
f 1494//939 2288//939 1497//939 494//939
f 491//941 1491//941 2289//941 1496//941
f 1491//942 492//942 1498//942 2289//942
f 2289//942 1498//942 496//942 1499//942
f 1496//941 2289//941 1499//941 495//941
f 492//943 1492//943 2290//943 1498//943
f 1492//944 489//944 1493//944 2290//944
f 2290//944 1493//944 493//944 1500//944
f 1498//943 2290//943 1500//943 496//943
f 493//945 1495//945 2291//945 1501//945
f 1495//946 494//946 1502//946 2291//946
f 2291//947 1502//947 498//947 769//947
f 1501//948 2291//948 769//948 497//948
f 494//949 1497//949 2292//949 1502//949
f 1497//950 495//950 1503//950 2292//950
f 2292//951 1503//951 499//951 722//951
f 1502//952 2292//952 722//952 498//952
f 495//953 1499//953 2293//953 1503//953
f 1499//954 496//954 1504//954 2293//954
f 2293//955 1504//955 500//955 757//955
f 1503//956 2293//956 757//956 499//956
f 496//957 1500//957 2294//957 1504//957
f 1500//958 493//958 1501//958 2294//958
f 2294//959 1501//959 497//959 768//959
f 1504//960 2294//960 768//960 500//960
f 501//961 1506//961 2295//961 1505//961
f 1506//962 502//962 1507//962 2295//962
f 2295//963 1507//963 617//963 871//963
f 1505//964 2295//964 871//964 618//964
f 502//965 1508//965 2296//965 1507//965
f 1508//966 503//966 1509//966 2296//966
f 2296//967 1509//967 235//967 872//967
f 1507//968 2296//968 872//968 617//968
f 503//969 1510//969 2297//969 1509//969
f 1510//970 504//970 1511//970 2297//970
f 2297//971 1511//971 616//971 869//971
f 1509//972 2297//972 869//972 235//972
f 504//973 1512//973 2298//973 1511//973
f 1512//974 501//974 1505//974 2298//974
f 2298//975 1505//975 618//975 870//975
f 1511//976 2298//976 870//976 616//976
f 237//977 1514//977 2299//977 1513//977
f 1514//978 238//978 1515//978 2299//978
f 2299//979 1515//979 502//979 1506//979
f 1513//980 2299//980 1506//980 501//980
f 238//981 1516//981 2300//981 1515//981
f 1516//982 239//982 1517//982 2300//982
f 2300//983 1517//983 503//983 1508//983
f 1515//984 2300//984 1508//984 502//984
f 239//985 1518//985 2301//985 1517//985
f 1518//986 240//986 1519//986 2301//986
f 2301//987 1519//987 504//987 1510//987
f 1517//988 2301//988 1510//988 503//988
f 240//989 1520//989 2302//989 1519//989
f 1520//990 237//990 1513//990 2302//990
f 2302//991 1513//991 501//991 1512//991
f 1519//992 2302//992 1512//992 504//992
f 505//993 1522//993 2303//993 1521//993
f 1522//994 506//994 1523//994 2303//994
f 2303//995 1523//995 230//995 783//995
f 1521//996 2303//996 783//996 229//996
f 506//997 1524//997 2304//997 1523//997
f 1524//998 507//998 1525//998 2304//998
f 2304//999 1525//999 231//999 781//999
f 1523//1000 2304//1000 781//1000 230//1000
f 507//1001 1526//1001 2305//1001 1525//1001
f 1526//1002 508//1002 1527//1002 2305//1002
f 2305//1003 1527//1003 232//1003 778//1003
f 1525//1004 2305//1004 778//1004 231//1004
f 508//1005 1528//1005 2306//1005 1527//1005
f 1528//1006 505//1006 1521//1006 2306//1006
f 2306//1007 1521//1007 229//1007 765//1007
f 1527//1008 2306//1008 765//1008 232//1008
f 241//1009 968//1009 2307//1009 1529//1009
f 968//1010 242//1010 1530//1010 2307//1010
f 2307//1011 1530//1011 506//1011 1522//1011
f 1529//1012 2307//1012 1522//1012 505//1012
f 242//1013 967//1013 2308//1013 1530//1013
f 967//1014 243//1014 1531//1014 2308//1014
f 2308//1015 1531//1015 507//1015 1524//1015
f 1530//1016 2308//1016 1524//1016 506//1016
f 243//1017 966//1017 2309//1017 1531//1017
f 966//1018 244//1018 1532//1018 2309//1018
f 2309//1019 1532//1019 508//1019 1526//1019
f 1531//1020 2309//1020 1526//1020 507//1020
f 244//1021 965//1021 2310//1021 1532//1021
f 965//1022 241//1022 1529//1022 2310//1022
f 2310//1023 1529//1023 505//1023 1528//1023
f 1532//1024 2310//1024 1528//1024 508//1024
f 615//1025 861//1025 2311//1025 1533//1025
f 861//1026 226//1026 1534//1026 2311//1026
f 2311//1027 1534//1027 510//1027 1535//1027
f 1533//1028 2311//1028 1535//1028 509//1028
f 226//1029 864//1029 2312//1029 1534//1029
f 864//1030 614//1030 1536//1030 2312//1030
f 2312//1031 1536//1031 511//1031 1537//1031
f 1534//1032 2312//1032 1537//1032 510//1032
f 614//1033 863//1033 2313//1033 1536//1033
f 863//1034 613//1034 1538//1034 2313//1034
f 2313//1035 1538//1035 512//1035 1539//1035
f 1536//1036 2313//1036 1539//1036 511//1036
f 613//1037 862//1037 2314//1037 1538//1037
f 862//1038 615//1038 1533//1038 2314//1038
f 2314//1039 1533//1039 509//1039 1540//1039
f 1538//1040 2314//1040 1540//1040 512//1040
f 509//1041 1535//1041 2315//1041 1541//1041
f 1535//1042 510//1042 1542//1042 2315//1042
f 2315//1043 1542//1043 514//1043 1543//1043
f 1541//1044 2315//1044 1543//1044 513//1044
f 510//1045 1537//1045 2316//1045 1542//1045
f 1537//1046 511//1046 1544//1046 2316//1046
f 2316//1047 1544//1047 515//1047 1545//1047
f 1542//1048 2316//1048 1545//1048 514//1048
f 511//1049 1539//1049 2317//1049 1544//1049
f 1539//1050 512//1050 1546//1050 2317//1050
f 2317//1051 1546//1051 516//1051 1547//1051
f 1544//1052 2317//1052 1547//1052 515//1052
f 512//1053 1540//1053 2318//1053 1546//1053
f 1540//1054 509//1054 1541//1054 2318//1054
f 2318//1055 1541//1055 513//1055 1548//1055
f 1546//1056 2318//1056 1548//1056 516//1056
f 513//1057 1543//1057 2319//1057 1549//1057
f 1543//1058 514//1058 1550//1058 2319//1058
f 2319//1059 1550//1059 246//1059 970//1059
f 1549//1060 2319//1060 970//1060 245//1060
f 514//1061 1545//1061 2320//1061 1550//1061
f 1545//1062 515//1062 1551//1062 2320//1062
f 2320//1063 1551//1063 247//1063 971//1063
f 1550//1064 2320//1064 971//1064 246//1064
f 515//1065 1547//1065 2321//1065 1551//1065
f 1547//1066 516//1066 1552//1066 2321//1066
f 2321//1067 1552//1067 248//1067 972//1067
f 1551//1068 2321//1068 972//1068 247//1068
f 516//1069 1548//1069 2322//1069 1552//1069
f 1548//1070 513//1070 1549//1070 2322//1070
f 2322//1071 1549//1071 245//1071 969//1071
f 1552//1072 2322//1072 969//1072 248//1072
f 249//1073 976//1073 2323//1073 1553//1073
f 976//1074 250//1074 1554//1074 2323//1074
f 2323//1075 1554//1075 238//1075 1514//1075
f 1553//1076 2323//1076 1514//1076 237//1076
f 250//1077 975//1077 2324//1077 1554//1077
f 975//1078 251//1078 1555//1078 2324//1078
f 2324//1079 1555//1079 239//1079 1516//1079
f 1554//1080 2324//1080 1516//1080 238//1080
f 251//1081 974//1081 2325//1081 1555//1081
f 974//1082 252//1082 1556//1082 2325//1082
f 2325//1083 1556//1083 240//1083 1518//1083
f 1555//1084 2325//1084 1518//1084 239//1084
f 252//1085 973//1085 2326//1085 1556//1085
f 973//1086 249//1086 1553//1086 2326//1086
f 2326//1087 1553//1087 237//1087 1520//1087
f 1556//1088 2326//1088 1520//1088 240//1088
f 253//497 1558//497 2327//497 1557//497
f 1558//498 254//498 1559//498 2327//498
f 2327//499 1559//499 258//499 1560//499
f 1557//500 2327//500 1560//500 257//500
f 254//501 1561//501 2328//501 1559//501
f 1561//502 255//502 1562//502 2328//502
f 2328//503 1562//503 259//503 1563//503
f 1559//504 2328//504 1563//504 258//504
f 255//505 1564//505 2329//505 1562//505
f 1564//506 256//506 1565//506 2329//506
f 2329//507 1565//507 260//507 1566//507
f 1562//508 2329//508 1566//508 259//508
f 256//509 1567//509 2330//509 1565//509
f 1567//510 253//510 1557//510 2330//510
f 2330//511 1557//511 257//511 1568//511
f 1565//512 2330//512 1568//512 260//512
f 261//513 980//513 2331//513 1569//513
f 980//514 262//514 1570//514 2331//514
f 2331//515 1570//515 518//515 1571//515
f 1569//516 2331//516 1571//516 517//516
f 262//517 979//517 2332//517 1570//517
f 979//518 263//518 1572//518 2332//518
f 2332//519 1572//519 519//519 1573//519
f 1570//520 2332//520 1573//520 518//520
f 263//521 978//521 2333//521 1572//521
f 978//522 264//522 1574//522 2333//522
f 2333//523 1574//523 520//523 1575//523
f 1572//524 2333//524 1575//524 519//524
f 264//525 977//525 2334//525 1574//525
f 977//526 261//526 1569//526 2334//526
f 2334//527 1569//527 517//527 1576//527
f 1574//528 2334//528 1576//528 520//528
f 517//529 1571//529 2335//529 1577//529
f 1571//530 518//530 1578//530 2335//530
f 2335//531 1578//531 254//531 1558//531
f 1577//532 2335//532 1558//532 253//532
f 518//533 1573//533 2336//533 1578//533
f 1573//534 519//534 1579//534 2336//534
f 2336//535 1579//535 255//535 1561//535
f 1578//536 2336//536 1561//536 254//536
f 519//537 1575//537 2337//537 1579//537
f 1575//538 520//538 1580//538 2337//538
f 2337//539 1580//539 256//539 1564//539
f 1579//540 2337//540 1564//540 255//540
f 520//541 1576//541 2338//541 1580//541
f 1576//542 517//542 1577//542 2338//542
f 2338//543 1577//543 253//543 1567//543
f 1580//544 2338//544 1567//544 256//544
f 257//545 1560//545 2339//545 1581//545
f 1560//546 258//546 1582//546 2339//546
f 2339//547 1582//547 266//547 1583//547
f 1581//548 2339//548 1583//548 265//548
f 258//549 1563//549 2340//549 1582//549
f 1563//550 259//550 1584//550 2340//550
f 2340//551 1584//551 267//551 1585//551
f 1582//552 2340//552 1585//552 266//552
f 259//553 1566//553 2341//553 1584//553
f 1566//554 260//554 1586//554 2341//554
f 2341//555 1586//555 268//555 1587//555
f 1584//556 2341//556 1587//556 267//556
f 260//557 1568//557 2342//557 1586//557
f 1568//558 257//558 1581//558 2342//558
f 2342//559 1581//559 265//559 1588//559
f 1586//560 2342//560 1588//560 268//560
f 265//561 1583//561 2343//561 1589//561
f 1583//562 266//562 1590//562 2343//562
f 2343//563 1590//563 270//563 1591//563
f 1589//564 2343//564 1591//564 269//564
f 266//565 1585//565 2344//565 1590//565
f 1585//566 267//566 1592//566 2344//566
f 2344//567 1592//567 271//567 1593//567
f 1590//568 2344//568 1593//568 270//568
f 267//569 1587//569 2345//569 1592//569
f 1587//570 268//570 1594//570 2345//570
f 2345//571 1594//571 272//571 1595//571
f 1592//572 2345//572 1595//572 271//572
f 268//573 1588//573 2346//573 1594//573
f 1588//574 265//574 1589//574 2346//574
f 2346//575 1589//575 269//575 1596//575
f 1594//576 2346//576 1596//576 272//576
f 269//577 1591//577 2347//577 1597//577
f 1591//578 270//578 1598//578 2347//578
f 2347//579 1598//579 274//579 982//579
f 1597//580 2347//580 982//580 273//580
f 270//581 1593//581 2348//581 1598//581
f 1593//582 271//582 1599//582 2348//582
f 2348//583 1599//583 275//583 983//583
f 1598//584 2348//584 983//584 274//584
f 271//585 1595//585 2349//585 1599//585
f 1595//586 272//586 1600//586 2349//586
f 2349//587 1600//587 276//587 984//587
f 1599//588 2349//588 984//588 275//588
f 272//589 1596//589 2350//589 1600//589
f 1596//590 269//590 1597//590 2350//590
f 2350//591 1597//591 273//591 981//591
f 1600//592 2350//592 981//592 276//592
f 277//841 988//841 2351//841 1601//841
f 988//842 278//842 1602//842 2351//842
f 2351//843 1602//843 522//843 1603//843
f 1601//844 2351//844 1603//844 521//844
f 278//845 987//845 2352//845 1602//845
f 987//846 279//846 1604//846 2352//846
f 2352//847 1604//847 523//847 1605//847
f 1602//848 2352//848 1605//848 522//848
f 279//849 986//849 2353//849 1604//849
f 986//850 280//850 1606//850 2353//850
f 2353//851 1606//851 524//851 1607//851
f 1604//852 2353//852 1607//852 523//852
f 280//853 985//853 2354//853 1606//853
f 985//854 277//854 1601//854 2354//854
f 2354//855 1601//855 521//855 1608//855
f 1606//856 2354//856 1608//856 524//856
f 521//857 1603//857 2355//857 1609//857
f 1603//858 522//858 1610//858 2355//858
f 2355//859 1610//859 282//859 1611//859
f 1609//860 2355//860 1611//860 281//860
f 522//861 1605//861 2356//861 1610//861
f 1605//862 523//862 1612//862 2356//862
f 2356//863 1612//863 283//863 1613//863
f 1610//864 2356//864 1613//864 282//864
f 523//865 1607//865 2357//865 1612//865
f 1607//866 524//866 1614//866 2357//866
f 2357//867 1614//867 284//867 1615//867
f 1612//868 2357//868 1615//868 283//868
f 524//869 1608//869 2358//869 1614//869
f 1608//870 521//870 1609//870 2358//870
f 2358//871 1609//871 281//871 1616//871
f 1614//872 2358//872 1616//872 284//872
f 281//873 1611//873 2359//873 1617//873
f 1611//874 282//874 1618//874 2359//874
f 2359//875 1618//875 286//875 1619//875
f 1617//876 2359//876 1619//876 285//876
f 282//877 1613//877 2360//877 1618//877
f 1613//878 283//878 1620//878 2360//878
f 2360//879 1620//879 287//879 1621//879
f 1618//880 2360//880 1621//880 286//880
f 283//881 1615//881 2361//881 1620//881
f 1615//882 284//882 1622//882 2361//882
f 2361//883 1622//883 288//883 1623//883
f 1620//884 2361//884 1623//884 287//884
f 284//885 1616//885 2362//885 1622//885
f 1616//886 281//886 1617//886 2362//886
f 2362//887 1617//887 285//887 1624//887
f 1622//888 2362//888 1624//888 288//888
f 285//889 1619//889 2363//889 1625//889
f 1619//890 286//890 1626//890 2363//890
f 2363//891 1626//891 290//891 1627//891
f 1625//892 2363//892 1627//892 289//892
f 286//893 1621//893 2364//893 1626//893
f 1621//894 287//894 1628//894 2364//894
f 2364//895 1628//895 291//895 1629//895
f 1626//896 2364//896 1629//896 290//896
f 287//897 1623//897 2365//897 1628//897
f 1623//898 288//898 1630//898 2365//898
f 2365//899 1630//899 292//899 1631//899
f 1628//900 2365//900 1631//900 291//900
f 288//901 1624//901 2366//901 1630//901
f 1624//902 285//902 1625//902 2366//902
f 2366//903 1625//903 289//903 1632//903
f 1630//904 2366//904 1632//904 292//904
f 289//905 1627//905 2367//905 1633//905
f 1627//906 290//906 1634//906 2367//906
f 2367//907 1634//907 526//907 1635//907
f 1633//908 2367//908 1635//908 525//908
f 290//909 1629//909 2368//909 1634//909
f 1629//910 291//910 1636//910 2368//910
f 2368//911 1636//911 527//911 1637//911
f 1634//912 2368//912 1637//912 526//912
f 291//913 1631//913 2369//913 1636//913
f 1631//914 292//914 1638//914 2369//914
f 2369//915 1638//915 528//915 1639//915
f 1636//916 2369//916 1639//916 527//916
f 292//917 1632//917 2370//917 1638//917
f 1632//918 289//918 1633//918 2370//918
f 2370//919 1633//919 525//919 1640//919
f 1638//920 2370//920 1640//920 528//920
f 525//921 1635//921 2371//921 1641//921
f 1635//922 526//922 1642//922 2371//922
f 2371//923 1642//923 530//923 1643//923
f 1641//924 2371//924 1643//924 529//924
f 526//925 1637//925 2372//925 1642//925
f 1637//926 527//926 1644//926 2372//926
f 2372//927 1644//927 531//927 1645//927
f 1642//928 2372//928 1645//928 530//928
f 527//929 1639//929 2373//929 1644//929
f 1639//930 528//930 1646//930 2373//930
f 2373//931 1646//931 532//931 1647//931
f 1644//932 2373//932 1647//932 531//932
f 528//933 1640//933 2374//933 1646//933
f 1640//934 525//934 1641//934 2374//934
f 2374//935 1641//935 529//935 1648//935
f 1646//936 2374//936 1648//936 532//936
f 529//937 1643//937 2375//937 1649//937
f 1643//938 530//938 1650//938 2375//938
f 2375//938 1650//938 534//938 1651//938
f 1649//937 2375//937 1651//937 533//937
f 530//939 1645//939 2376//939 1650//939
f 1645//940 531//940 1652//940 2376//940
f 2376//940 1652//940 535//940 1653//940
f 1650//939 2376//939 1653//939 534//939
f 531//941 1647//941 2377//941 1652//941
f 1647//942 532//942 1654//942 2377//942
f 2377//942 1654//942 536//942 1655//942
f 1652//941 2377//941 1655//941 535//941
f 532//943 1648//943 2378//943 1654//943
f 1648//944 529//944 1649//944 2378//944
f 2378//944 1649//944 533//944 1656//944
f 1654//943 2378//943 1656//943 536//943
f 533//945 1651//945 2379//945 1657//945
f 1651//946 534//946 1658//946 2379//946
f 2379//947 1658//947 538//947 803//947
f 1657//948 2379//948 803//948 537//948
f 534//949 1653//949 2380//949 1658//949
f 1653//950 535//950 1659//950 2380//950
f 2380//951 1659//951 539//951 756//951
f 1658//952 2380//952 756//952 538//952
f 535//953 1655//953 2381//953 1659//953
f 1655//954 536//954 1660//954 2381//954
f 2381//955 1660//955 540//955 791//955
f 1659//956 2381//956 791//956 539//956
f 536//957 1656//957 2382//957 1660//957
f 1656//958 533//958 1657//958 2382//958
f 2382//959 1657//959 537//959 802//959
f 1660//960 2382//960 802//960 540//960
f 541//961 1662//961 2383//961 1661//961
f 1662//962 542//962 1663//962 2383//962
f 2383//963 1663//963 623//963 887//963
f 1661//964 2383//964 887//964 624//964
f 542//965 1664//965 2384//965 1663//965
f 1664//966 543//966 1665//966 2384//966
f 2384//967 1665//967 303//967 888//967
f 1663//968 2384//968 888//968 623//968
f 543//969 1666//969 2385//969 1665//969
f 1666//970 544//970 1667//970 2385//970
f 2385//971 1667//971 622//971 885//971
f 1665//972 2385//972 885//972 303//972
f 544//973 1668//973 2386//973 1667//973
f 1668//974 541//974 1661//974 2386//974
f 2386//975 1661//975 624//975 886//975
f 1667//976 2386//976 886//976 622//976
f 305//977 1670//977 2387//977 1669//977
f 1670//978 306//978 1671//978 2387//978
f 2387//979 1671//979 542//979 1662//979
f 1669//980 2387//980 1662//980 541//980
f 306//981 1672//981 2388//981 1671//981
f 1672//982 307//982 1673//982 2388//982
f 2388//983 1673//983 543//983 1664//983
f 1671//984 2388//984 1664//984 542//984
f 307//985 1674//985 2389//985 1673//985
f 1674//986 308//986 1675//986 2389//986
f 2389//987 1675//987 544//987 1666//987
f 1673//988 2389//988 1666//988 543//988
f 308//989 1676//989 2390//989 1675//989
f 1676//990 305//990 1669//990 2390//990
f 2390//991 1669//991 541//991 1668//991
f 1675//992 2390//992 1668//992 544//992
f 545//993 1678//993 2391//993 1677//993
f 1678//994 546//994 1679//994 2391//994
f 2391//995 1679//995 298//995 817//995
f 1677//996 2391//996 817//996 297//996
f 546//997 1680//997 2392//997 1679//997
f 1680//998 547//998 1681//998 2392//998
f 2392//999 1681//999 299//999 815//999
f 1679//1000 2392//1000 815//1000 298//1000
f 547//1001 1682//1001 2393//1001 1681//1001
f 1682//1002 548//1002 1683//1002 2393//1002
f 2393//1003 1683//1003 300//1003 812//1003
f 1681//1004 2393//1004 812//1004 299//1004
f 548//1005 1684//1005 2394//1005 1683//1005
f 1684//1006 545//1006 1677//1006 2394//1006
f 2394//1007 1677//1007 297//1007 799//1007
f 1683//1008 2394//1008 799//1008 300//1008
f 309//1009 992//1009 2395//1009 1685//1009
f 992//1010 310//1010 1686//1010 2395//1010
f 2395//1011 1686//1011 546//1011 1678//1011
f 1685//1012 2395//1012 1678//1012 545//1012
f 310//1013 991//1013 2396//1013 1686//1013
f 991//1014 311//1014 1687//1014 2396//1014
f 2396//1015 1687//1015 547//1015 1680//1015
f 1686//1016 2396//1016 1680//1016 546//1016
f 311//1017 990//1017 2397//1017 1687//1017
f 990//1018 312//1018 1688//1018 2397//1018
f 2397//1019 1688//1019 548//1019 1682//1019
f 1687//1020 2397//1020 1682//1020 547//1020
f 312//1021 989//1021 2398//1021 1688//1021
f 989//1022 309//1022 1685//1022 2398//1022
f 2398//1023 1685//1023 545//1023 1684//1023
f 1688//1024 2398//1024 1684//1024 548//1024
f 621//1025 877//1025 2399//1025 1689//1025
f 877//1026 294//1026 1690//1026 2399//1026
f 2399//1027 1690//1027 550//1027 1691//1027
f 1689//1028 2399//1028 1691//1028 549//1028
f 294//1029 880//1029 2400//1029 1690//1029
f 880//1030 620//1030 1692//1030 2400//1030
f 2400//1031 1692//1031 551//1031 1693//1031
f 1690//1032 2400//1032 1693//1032 550//1032
f 620//1033 879//1033 2401//1033 1692//1033
f 879//1034 619//1034 1694//1034 2401//1034
f 2401//1035 1694//1035 552//1035 1695//1035
f 1692//1036 2401//1036 1695//1036 551//1036
f 619//1037 878//1037 2402//1037 1694//1037
f 878//1038 621//1038 1689//1038 2402//1038
f 2402//1039 1689//1039 549//1039 1696//1039
f 1694//1040 2402//1040 1696//1040 552//1040
f 549//1041 1691//1041 2403//1041 1697//1041
f 1691//1042 550//1042 1698//1042 2403//1042
f 2403//1043 1698//1043 554//1043 1699//1043
f 1697//1044 2403//1044 1699//1044 553//1044
f 550//1045 1693//1045 2404//1045 1698//1045
f 1693//1046 551//1046 1700//1046 2404//1046
f 2404//1047 1700//1047 555//1047 1701//1047
f 1698//1048 2404//1048 1701//1048 554//1048
f 551//1049 1695//1049 2405//1049 1700//1049
f 1695//1050 552//1050 1702//1050 2405//1050
f 2405//1051 1702//1051 556//1051 1703//1051
f 1700//1052 2405//1052 1703//1052 555//1052
f 552//1053 1696//1053 2406//1053 1702//1053
f 1696//1054 549//1054 1697//1054 2406//1054
f 2406//1055 1697//1055 553//1055 1704//1055
f 1702//1056 2406//1056 1704//1056 556//1056
f 553//1057 1699//1057 2407//1057 1705//1057
f 1699//1058 554//1058 1706//1058 2407//1058
f 2407//1059 1706//1059 314//1059 994//1059
f 1705//1060 2407//1060 994//1060 313//1060
f 554//1061 1701//1061 2408//1061 1706//1061
f 1701//1062 555//1062 1707//1062 2408//1062
f 2408//1063 1707//1063 315//1063 995//1063
f 1706//1064 2408//1064 995//1064 314//1064
f 555//1065 1703//1065 2409//1065 1707//1065
f 1703//1066 556//1066 1708//1066 2409//1066
f 2409//1067 1708//1067 316//1067 996//1067
f 1707//1068 2409//1068 996//1068 315//1068
f 556//1069 1704//1069 2410//1069 1708//1069
f 1704//1070 553//1070 1705//1070 2410//1070
f 2410//1071 1705//1071 313//1071 993//1071
f 1708//1072 2410//1072 993//1072 316//1072
f 317//1073 1000//1073 2411//1073 1709//1073
f 1000//1074 318//1074 1710//1074 2411//1074
f 2411//1075 1710//1075 306//1075 1670//1075
f 1709//1076 2411//1076 1670//1076 305//1076
f 318//1077 999//1077 2412//1077 1710//1077
f 999//1078 319//1078 1711//1078 2412//1078
f 2412//1079 1711//1079 307//1079 1672//1079
f 1710//1080 2412//1080 1672//1080 306//1080
f 319//1081 998//1081 2413//1081 1711//1081
f 998//1082 320//1082 1712//1082 2413//1082
f 2413//1083 1712//1083 308//1083 1674//1083
f 1711//1084 2413//1084 1674//1084 307//1084
f 320//1085 997//1085 2414//1085 1712//1085
f 997//1086 317//1086 1709//1086 2414//1086
f 2414//1087 1709//1087 305//1087 1676//1087
f 1712//1088 2414//1088 1676//1088 308//1088
f 321//1089 1714//1089 2415//1089 1713//1089
f 1714//1090 322//1090 1715//1090 2415//1090
f 2415//1091 1715//1091 326//1091 1716//1091
f 1713//1092 2415//1092 1716//1092 325//1092
f 322//1093 1717//1093 2416//1093 1715//1093
f 1717//1094 323//1094 1718//1094 2416//1094
f 2416//1095 1718//1095 327//1095 1719//1095
f 1715//1096 2416//1096 1719//1096 326//1096
f 323//1097 1720//1097 2417//1097 1718//1097
f 1720//1098 324//1098 1721//1098 2417//1098
f 2417//1099 1721//1099 328//1099 1722//1099
f 1718//1100 2417//1100 1722//1100 327//1100
f 324//1101 1723//1101 2418//1101 1721//1101
f 1723//1102 321//1102 1713//1102 2418//1102
f 2418//1103 1713//1103 325//1103 1724//1103
f 1721//1104 2418//1104 1724//1104 328//1104
f 329//1105 1004//1105 2419//1105 1725//1105
f 1004//1106 330//1106 1726//1106 2419//1106
f 2419//1107 1726//1107 558//1107 1727//1107
f 1725//1108 2419//1108 1727//1108 557//1108
f 330//1109 1003//1109 2420//1109 1726//1109
f 1003//1110 331//1110 1728//1110 2420//1110
f 2420//1111 1728//1111 559//1111 1729//1111
f 1726//1112 2420//1112 1729//1112 558//1112
f 331//1113 1002//1113 2421//1113 1728//1113
f 1002//1114 332//1114 1730//1114 2421//1114
f 2421//1115 1730//1115 560//1115 1731//1115
f 1728//1116 2421//1116 1731//1116 559//1116
f 332//1117 1001//1117 2422//1117 1730//1117
f 1001//1118 329//1118 1725//1118 2422//1118
f 2422//1119 1725//1119 557//1119 1732//1119
f 1730//1120 2422//1120 1732//1120 560//1120
f 557//1121 1727//1121 2423//1121 1733//1121
f 1727//1122 558//1122 1734//1122 2423//1122
f 2423//1123 1734//1123 322//1123 1714//1123
f 1733//1124 2423//1124 1714//1124 321//1124
f 558//1125 1729//1125 2424//1125 1734//1125
f 1729//1126 559//1126 1735//1126 2424//1126
f 2424//1127 1735//1127 323//1127 1717//1127
f 1734//1128 2424//1128 1717//1128 322//1128
f 559//1129 1731//1129 2425//1129 1735//1129
f 1731//1130 560//1130 1736//1130 2425//1130
f 2425//1131 1736//1131 324//1131 1720//1131
f 1735//1132 2425//1132 1720//1132 323//1132
f 560//1133 1732//1133 2426//1133 1736//1133
f 1732//1134 557//1134 1733//1134 2426//1134
f 2426//1135 1733//1135 321//1135 1723//1135
f 1736//1136 2426//1136 1723//1136 324//1136
f 325//1137 1716//1137 2427//1137 1737//1137
f 1716//1138 326//1138 1738//1138 2427//1138
f 2427//1139 1738//1139 334//1139 1739//1139
f 1737//1140 2427//1140 1739//1140 333//1140
f 326//1141 1719//1141 2428//1141 1738//1141
f 1719//1142 327//1142 1740//1142 2428//1142
f 2428//1143 1740//1143 335//1143 1741//1143
f 1738//1144 2428//1144 1741//1144 334//1144
f 327//1145 1722//1145 2429//1145 1740//1145
f 1722//1146 328//1146 1742//1146 2429//1146
f 2429//1147 1742//1147 336//1147 1743//1147
f 1740//1148 2429//1148 1743//1148 335//1148
f 328//1149 1724//1149 2430//1149 1742//1149
f 1724//1150 325//1150 1737//1150 2430//1150
f 2430//1151 1737//1151 333//1151 1744//1151
f 1742//1152 2430//1152 1744//1152 336//1152
f 333//1153 1739//1153 2431//1153 1745//1153
f 1739//1154 334//1154 1746//1154 2431//1154
f 2431//1155 1746//1155 338//1155 1747//1155
f 1745//1156 2431//1156 1747//1156 337//1156
f 334//1157 1741//1157 2432//1157 1746//1157
f 1741//1158 335//1158 1748//1158 2432//1158
f 2432//1159 1748//1159 339//1159 1749//1159
f 1746//1160 2432//1160 1749//1160 338//1160
f 335//1161 1743//1161 2433//1161 1748//1161
f 1743//1162 336//1162 1750//1162 2433//1162
f 2433//1163 1750//1163 340//1163 1751//1163
f 1748//1164 2433//1164 1751//1164 339//1164
f 336//1165 1744//1165 2434//1165 1750//1165
f 1744//1166 333//1166 1745//1166 2434//1166
f 2434//1167 1745//1167 337//1167 1752//1167
f 1750//1168 2434//1168 1752//1168 340//1168
f 337//1169 1747//1169 2435//1169 1753//1169
f 1747//1170 338//1170 1754//1170 2435//1170
f 2435//1171 1754//1171 342//1171 1006//1171
f 1753//1172 2435//1172 1006//1172 341//1172
f 338//1173 1749//1173 2436//1173 1754//1173
f 1749//1174 339//1174 1755//1174 2436//1174
f 2436//1175 1755//1175 343//1175 1007//1175
f 1754//1176 2436//1176 1007//1176 342//1176
f 339//1177 1751//1177 2437//1177 1755//1177
f 1751//1178 340//1178 1756//1178 2437//1178
f 2437//1179 1756//1179 344//1179 1008//1179
f 1755//1180 2437//1180 1008//1180 343//1180
f 340//1181 1752//1181 2438//1181 1756//1181
f 1752//1182 337//1182 1753//1182 2438//1182
f 2438//1183 1753//1183 341//1183 1005//1183
f 1756//1184 2438//1184 1005//1184 344//1184
f 353//1185 1024//1185 2439//1185 1757//1185
f 1024//1186 354//1186 1758//1186 2439//1186
f 2439//1187 1758//1187 562//1187 1759//1187
f 1757//1188 2439//1188 1759//1188 561//1188
f 354//1189 1023//1189 2440//1189 1758//1189
f 1023//1190 355//1190 1760//1190 2440//1190
f 2440//1191 1760//1191 563//1191 1761//1191
f 1758//1192 2440//1192 1761//1192 562//1192
f 355//1193 1022//1193 2441//1193 1760//1193
f 1022//1194 356//1194 1762//1194 2441//1194
f 2441//1195 1762//1195 564//1195 1763//1195
f 1760//1196 2441//1196 1763//1196 563//1196
f 356//1197 1021//1197 2442//1197 1762//1197
f 1021//1198 353//1198 1757//1198 2442//1198
f 2442//1199 1757//1199 561//1199 1764//1199
f 1762//1200 2442//1200 1764//1200 564//1200
f 561//1201 1759//1201 2443//1201 1765//1201
f 1759//1202 562//1202 1766//1202 2443//1202
f 2443//1203 1766//1203 358//1203 1767//1203
f 1765//1204 2443//1204 1767//1204 357//1204
f 562//1205 1761//1205 2444//1205 1766//1205
f 1761//1206 563//1206 1768//1206 2444//1206
f 2444//1207 1768//1207 359//1207 1769//1207
f 1766//1208 2444//1208 1769//1208 358//1208
f 563//1209 1763//1209 2445//1209 1768//1209
f 1763//1210 564//1210 1770//1210 2445//1210
f 2445//1211 1770//1211 360//1211 1771//1211
f 1768//1212 2445//1212 1771//1212 359//1212
f 564//1213 1764//1213 2446//1213 1770//1213
f 1764//1214 561//1214 1765//1214 2446//1214
f 2446//1215 1765//1215 357//1215 1772//1215
f 1770//1216 2446//1216 1772//1216 360//1216
f 357//1217 1767//1217 2447//1217 1773//1217
f 1767//1218 358//1218 1774//1218 2447//1218
f 2447//1219 1774//1219 362//1219 1775//1219
f 1773//1220 2447//1220 1775//1220 361//1220
f 358//1221 1769//1221 2448//1221 1774//1221
f 1769//1222 359//1222 1776//1222 2448//1222
f 2448//1223 1776//1223 363//1223 1777//1223
f 1774//1224 2448//1224 1777//1224 362//1224
f 359//1225 1771//1225 2449//1225 1776//1225
f 1771//1226 360//1226 1778//1226 2449//1226
f 2449//1227 1778//1227 364//1227 1779//1227
f 1776//1228 2449//1228 1779//1228 363//1228
f 360//1229 1772//1229 2450//1229 1778//1229
f 1772//1230 357//1230 1773//1230 2450//1230
f 2450//1231 1773//1231 361//1231 1780//1231
f 1778//1232 2450//1232 1780//1232 364//1232
f 361//1233 1775//1233 2451//1233 1781//1233
f 1775//1234 362//1234 1782//1234 2451//1234
f 2451//1235 1782//1235 366//1235 1783//1235
f 1781//1236 2451//1236 1783//1236 365//1236
f 362//1237 1777//1237 2452//1237 1782//1237
f 1777//1238 363//1238 1784//1238 2452//1238
f 2452//1239 1784//1239 367//1239 1785//1239
f 1782//1240 2452//1240 1785//1240 366//1240
f 363//1241 1779//1241 2453//1241 1784//1241
f 1779//1242 364//1242 1786//1242 2453//1242
f 2453//1243 1786//1243 368//1243 1787//1243
f 1784//1244 2453//1244 1787//1244 367//1244
f 364//1245 1780//1245 2454//1245 1786//1245
f 1780//1246 361//1246 1781//1246 2454//1246
f 2454//1247 1781//1247 365//1247 1788//1247
f 1786//1248 2454//1248 1788//1248 368//1248
f 365//1249 1783//1249 2455//1249 1789//1249
f 1783//1250 366//1250 1790//1250 2455//1250
f 2455//1251 1790//1251 566//1251 1791//1251
f 1789//1252 2455//1252 1791//1252 565//1252
f 366//1253 1785//1253 2456//1253 1790//1253
f 1785//1254 367//1254 1792//1254 2456//1254
f 2456//1255 1792//1255 567//1255 1793//1255
f 1790//1256 2456//1256 1793//1256 566//1256
f 367//1257 1787//1257 2457//1257 1792//1257
f 1787//1258 368//1258 1794//1258 2457//1258
f 2457//1259 1794//1259 568//1259 1795//1259
f 1792//1260 2457//1260 1795//1260 567//1260
f 368//1261 1788//1261 2458//1261 1794//1261
f 1788//1262 365//1262 1789//1262 2458//1262
f 2458//1263 1789//1263 565//1263 1796//1263
f 1794//1264 2458//1264 1796//1264 568//1264
f 565//1265 1791//1265 2459//1265 1797//1265
f 1791//1266 566//1266 1798//1266 2459//1266
f 2459//1267 1798//1267 570//1267 1799//1267
f 1797//1268 2459//1268 1799//1268 569//1268
f 566//1269 1793//1269 2460//1269 1798//1269
f 1793//1270 567//1270 1800//1270 2460//1270
f 2460//1271 1800//1271 571//1271 1801//1271
f 1798//1272 2460//1272 1801//1272 570//1272
f 567//1273 1795//1273 2461//1273 1800//1273
f 1795//1274 568//1274 1802//1274 2461//1274
f 2461//1275 1802//1275 572//1275 1803//1275
f 1800//1276 2461//1276 1803//1276 571//1276
f 568//1277 1796//1277 2462//1277 1802//1277
f 1796//1278 565//1278 1797//1278 2462//1278
f 2462//1279 1797//1279 569//1279 1804//1279
f 1802//1280 2462//1280 1804//1280 572//1280
f 569//1281 1799//1281 2463//1281 1805//1281
f 1799//1282 570//1282 1806//1282 2463//1282
f 2463//1282 1806//1282 574//1282 1807//1282
f 1805//1281 2463//1281 1807//1281 573//1281
f 570//1283 1801//1283 2464//1283 1806//1283
f 1801//1284 571//1284 1808//1284 2464//1284
f 2464//1284 1808//1284 575//1284 1809//1284
f 1806//1283 2464//1283 1809//1283 574//1283
f 571//1285 1803//1285 2465//1285 1808//1285
f 1803//1286 572//1286 1810//1286 2465//1286
f 2465//1286 1810//1286 576//1286 1811//1286
f 1808//1285 2465//1285 1811//1285 575//1285
f 572//1287 1804//1287 2466//1287 1810//1287
f 1804//1288 569//1288 1805//1288 2466//1288
f 2466//1288 1805//1288 573//1288 1812//1288
f 1810//1287 2466//1287 1812//1287 576//1287
f 573//1289 1807//1289 2467//1289 1813//1289
f 1807//1290 574//1290 1814//1290 2467//1290
f 2467//1291 1814//1291 578//1291 837//1291
f 1813//1292 2467//1292 837//1292 577//1292
f 574//1293 1809//1293 2468//1293 1814//1293
f 1809//1294 575//1294 1815//1294 2468//1294
f 2468//1295 1815//1295 579//1295 836//1295
f 1814//1296 2468//1296 836//1296 578//1296
f 575//1297 1811//1297 2469//1297 1815//1297
f 1811//1298 576//1298 1816//1298 2469//1298
f 2469//1299 1816//1299 580//1299 823//1299
f 1815//1300 2469//1300 823//1300 579//1300
f 576//1301 1812//1301 2470//1301 1816//1301
f 1812//1302 573//1302 1813//1302 2470//1302
f 2470//1303 1813//1303 577//1303 790//1303
f 1816//1304 2470//1304 790//1304 580//1304
f 581//1305 1818//1305 2471//1305 1817//1305
f 1818//1306 582//1306 1819//1306 2471//1306
f 2471//1307 1819//1307 629//1307 902//1307
f 1817//1308 2471//1308 902//1308 630//1308
f 582//1309 1820//1309 2472//1309 1819//1309
f 1820//1310 583//1310 1821//1310 2472//1310
f 2472//1311 1821//1311 628//1311 903//1311
f 1819//1312 2472//1312 903//1312 629//1312
f 583//1313 1822//1313 2473//1313 1821//1313
f 1822//1314 584//1314 1823//1314 2473//1314
f 2473//1315 1823//1315 380//1315 904//1315
f 1821//1316 2473//1316 904//1316 628//1316
f 584//1317 1824//1317 2474//1317 1823//1317
f 1824//1318 581//1318 1817//1318 2474//1318
f 2474//1319 1817//1319 630//1319 901//1319
f 1823//1320 2474//1320 901//1320 380//1320
f 381//1321 1826//1321 2475//1321 1825//1321
f 1826//1322 382//1322 1827//1322 2475//1322
f 2475//1323 1827//1323 582//1323 1818//1323
f 1825//1324 2475//1324 1818//1324 581//1324
f 382//1325 1828//1325 2476//1325 1827//1325
f 1828//1326 383//1326 1829//1326 2476//1326
f 2476//1327 1829//1327 583//1327 1820//1327
f 1827//1328 2476//1328 1820//1328 582//1328
f 383//1329 1830//1329 2477//1329 1829//1329
f 1830//1330 384//1330 1831//1330 2477//1330
f 2477//1331 1831//1331 584//1331 1822//1331
f 1829//1332 2477//1332 1822//1332 583//1332
f 384//1333 1832//1333 2478//1333 1831//1333
f 1832//1334 381//1334 1825//1334 2478//1334
f 2478//1335 1825//1335 581//1335 1824//1335
f 1831//1336 2478//1336 1824//1336 584//1336
f 585//1337 1834//1337 2479//1337 1833//1337
f 1834//1338 586//1338 1835//1338 2479//1338
f 2479//1339 1835//1339 374//1339 846//1339
f 1833//1340 2479//1340 846//1340 373//1340
f 586//1341 1836//1341 2480//1341 1835//1341
f 1836//1342 587//1342 1837//1342 2480//1342
f 2480//1343 1837//1343 375//1343 845//1343
f 1835//1344 2480//1344 845//1344 374//1344
f 587//1345 1838//1345 2481//1345 1837//1345
f 1838//1346 588//1346 1839//1346 2481//1346
f 2481//1347 1839//1347 376//1347 849//1347
f 1837//1348 2481//1348 849//1348 375//1348
f 588//1349 1840//1349 2482//1349 1839//1349
f 1840//1350 585//1350 1833//1350 2482//1350
f 2482//1351 1833//1351 373//1351 848//1351
f 1839//1352 2482//1352 848//1352 376//1352
f 385//1353 1028//1353 2483//1353 1841//1353
f 1028//1354 386//1354 1842//1354 2483//1354
f 2483//1355 1842//1355 586//1355 1834//1355
f 1841//1356 2483//1356 1834//1356 585//1356
f 386//1357 1027//1357 2484//1357 1842//1357
f 1027//1358 387//1358 1843//1358 2484//1358
f 2484//1359 1843//1359 587//1359 1836//1359
f 1842//1360 2484//1360 1836//1360 586//1360
f 387//1361 1026//1361 2485//1361 1843//1361
f 1026//1362 388//1362 1844//1362 2485//1362
f 2485//1363 1844//1363 588//1363 1838//1363
f 1843//1364 2485//1364 1838//1364 587//1364
f 388//1365 1025//1365 2486//1365 1844//1365
f 1025//1366 385//1366 1841//1366 2486//1366
f 2486//1367 1841//1367 585//1367 1840//1367
f 1844//1368 2486//1368 1840//1368 588//1368
f 369//1369 896//1369 2487//1369 1845//1369
f 896//1370 627//1370 1846//1370 2487//1370
f 2487//1371 1846//1371 590//1371 1847//1371
f 1845//1372 2487//1372 1847//1372 589//1372
f 627//1373 895//1373 2488//1373 1846//1373
f 895//1374 626//1374 1848//1374 2488//1374
f 2488//1375 1848//1375 591//1375 1849//1375
f 1846//1376 2488//1376 1849//1376 590//1376
f 626//1377 894//1377 2489//1377 1848//1377
f 894//1378 625//1378 1850//1378 2489//1378
f 2489//1379 1850//1379 592//1379 1851//1379
f 1848//1380 2489//1380 1851//1380 591//1380
f 625//1381 893//1381 2490//1381 1850//1381
f 893//1382 369//1382 1845//1382 2490//1382
f 2490//1383 1845//1383 589//1383 1852//1383
f 1850//1384 2490//1384 1852//1384 592//1384
f 589//1385 1847//1385 2491//1385 1853//1385
f 1847//1386 590//1386 1854//1386 2491//1386
f 2491//1387 1854//1387 594//1387 1855//1387
f 1853//1388 2491//1388 1855//1388 593//1388
f 590//1389 1849//1389 2492//1389 1854//1389
f 1849//1390 591//1390 1856//1390 2492//1390
f 2492//1391 1856//1391 595//1391 1857//1391
f 1854//1392 2492//1392 1857//1392 594//1392
f 591//1393 1851//1393 2493//1393 1856//1393
f 1851//1394 592//1394 1858//1394 2493//1394
f 2493//1395 1858//1395 596//1395 1859//1395
f 1856//1396 2493//1396 1859//1396 595//1396
f 592//1397 1852//1397 2494//1397 1858//1397
f 1852//1398 589//1398 1853//1398 2494//1398
f 2494//1399 1853//1399 593//1399 1860//1399
f 1858//1400 2494//1400 1860//1400 596//1400
f 593//1401 1855//1401 2495//1401 1861//1401
f 1855//1402 594//1402 1862//1402 2495//1402
f 2495//1403 1862//1403 390//1403 1030//1403
f 1861//1404 2495//1404 1030//1404 389//1404
f 594//1405 1857//1405 2496//1405 1862//1405
f 1857//1406 595//1406 1863//1406 2496//1406
f 2496//1407 1863//1407 391//1407 1031//1407
f 1862//1408 2496//1408 1031//1408 390//1408
f 595//1409 1859//1409 2497//1409 1863//1409
f 1859//1410 596//1410 1864//1410 2497//1410
f 2497//1411 1864//1411 392//1411 1032//1411
f 1863//1412 2497//1412 1032//1412 391//1412
f 596//1413 1860//1413 2498//1413 1864//1413
f 1860//1414 593//1414 1861//1414 2498//1414
f 2498//1415 1861//1415 389//1415 1029//1415
f 1864//1416 2498//1416 1029//1416 392//1416
f 393//1417 1036//1417 2499//1417 1865//1417
f 1036//1418 394//1418 1866//1418 2499//1418
f 2499//1419 1866//1419 382//1419 1826//1419
f 1865//1420 2499//1420 1826//1420 381//1420
f 394//1421 1035//1421 2500//1421 1866//1421
f 1035//1422 395//1422 1867//1422 2500//1422
f 2500//1423 1867//1423 383//1423 1828//1423
f 1866//1424 2500//1424 1828//1424 382//1424
f 395//1425 1034//1425 2501//1425 1867//1425
f 1034//1426 396//1426 1868//1426 2501//1426
f 2501//1427 1868//1427 384//1427 1830//1427
f 1867//1428 2501//1428 1830//1428 383//1428
f 396//1429 1033//1429 2502//1429 1868//1429
f 1033//1430 393//1430 1865//1430 2502//1430
f 2502//1431 1865//1431 381//1431 1832//1431
f 1868//1432 2502//1432 1832//1432 384//1432
usemtl Material.001
f 631//1433 1869//1433 2503//1433 1870//1433
f 1869//1433 632//1433 1871//1433 2503//1433
f 2503//1433 1871//1433 634//1433 1872//1433
f 1870//1433 2503//1433 1872//1433 633//1433
f 637//1433 1875//1433 2504//1433 1876//1433
f 1875//1433 638//1433 1877//1433 2504//1433
f 2504//1433 1877//1433 640//1433 1878//1433
f 1876//1433 2504//1433 1878//1433 639//1433
l 41 1873
l 1873 635
l 44 1874
l 1874 636
