# Blender 5.2.2 LTS
# www.blender.org
mtllib character2.mtl
o Cube
v 1.123712 0.090319 1.123712
v -1.123712 0.090319 1.123712
v -1.123712 0.090319 -1.123712
v 1.123712 0.090319 -1.123712
v 0.488140 0.609947 0.488140
v -0.488140 0.609947 0.488140
v -0.488140 0.609947 -0.488140
v 0.488140 0.609947 -0.488140
v 0.832857 1.367742 0.832858
v -0.832857 1.368855 0.832858
v -0.832857 1.368855 -0.832858
v 0.832857 1.367742 -0.832858
v 0.977858 2.032281 0.975329
v -0.972790 2.037848 0.975329
v -0.972790 2.037848 -0.975329
v 0.977858 2.032281 -0.975329
v 1.422461 3.564058 1.409798
v -1.397125 3.569624 1.409798
v -1.397125 3.569625 -1.409797
v 1.422461 3.564058 -1.409797
v 2.596047 4.200340 2.580846
v -2.565644 4.201454 2.580846
v -2.565644 4.201454 -2.580846
v 2.596047 4.200340 -2.580846
v 0.763209 5.049520 0.748007
v -0.732805 5.049520 0.748007
v -0.732805 5.049520 -0.748006
v 0.763208 5.049520 -0.748006
v 0.464400 5.869686 0.449199
v -0.433996 5.869686 0.449199
v -0.433996 5.869686 -0.449198
v 0.464400 5.869686 -0.449198
v 1.536473 6.867164 1.521272
v -1.506070 6.867164 1.521272
v -1.506070 6.867164 -1.521271
v 1.536473 6.867164 -1.521271
v 1.357170 9.142321 1.341968
v -1.326766 9.142321 1.341968
v -1.326766 9.142321 -1.341967
v 1.357169 9.142321 -1.341967
v 1.064137 -0.778103 1.064137
v -1.064137 -0.778103 1.064137
v -1.064137 -0.778103 -1.064137
v 1.064137 -0.778103 -1.064137
v 1.169091 -3.501462 1.169092
v -1.169092 -3.501462 1.169092
v -1.169092 -3.501462 -1.169092
v 1.169092 -3.501462 -1.169091
v 0.452009 -3.574960 0.433708
v 0.452004 -3.574963 -0.433702
v 1.221511 -3.174641 -0.433708
v 1.221516 -3.174639 0.433702
v 1.350670 -6.967980 1.041717
v 1.350656 -6.967983 -1.041703
v 3.362314 -6.488779 -1.041718
v 3.362328 -6.488775 1.041703
v 0.399902 -2.886247 0.163115
v 0.399900 -2.886248 -0.163112
v 0.689511 -2.736082 -0.163115
v 0.689513 -2.736081 0.163113
v 1.806429 -11.529291 0.838294
v 1.806418 -11.529291 -0.838284
v 3.482673 -11.496424 -0.838295
v 3.482684 -11.496424 0.838282
v 1.962884 3.892353 0.384712
v 1.962884 3.892352 -0.384709
v 2.118772 4.645815 -0.384709
v 2.118772 4.645815 0.384711
v 4.011179 2.265044 1.161090
v 4.011178 2.265044 -1.161087
v 5.571129 3.885961 -1.161088
v 5.571129 3.885961 1.161089
v 7.024243 -4.881453 0.303555
v 7.024242 -4.881453 -0.303554
v 7.608244 -4.715813 -0.303555
v 7.608244 -4.715812 0.303555
v 0.452009 -3.574960 0.433708
v 0.452004 -3.574963 -0.433702
v 1.221511 -3.174641 -0.433708
v 1.221516 -3.174639 0.433702
v 1.350670 -6.967980 1.041717
v 1.350656 -6.967983 -1.041703
v 3.362314 -6.488779 -1.041718
v 3.362328 -6.488775 1.041703
v 0.399902 -2.886247 0.163115
v 0.399900 -2.886248 -0.163112
v 0.689511 -2.736082 -0.163115
v 0.689513 -2.736081 0.163113
v 1.806429 -11.529291 0.838294
v 1.806418 -11.529291 -0.838284
v 3.482673 -11.496424 -0.838295
v 3.482684 -11.496424 0.838282
v 1.962884 3.892353 0.384712
v 1.962884 3.892353 -0.384709
v 2.118772 4.645816 -0.384709
v 2.118772 4.645816 0.384711
v 4.011179 2.265045 1.161090
v 4.011178 2.265044 -1.161087
v 5.571129 3.885962 -1.161088
v 5.571130 3.885962 1.161089
v 7.115043 -4.697005 0.167816
v 7.115042 -4.697005 -0.167817
v 7.438848 -4.608695 -0.167817
v 7.438849 -4.608695 0.167816
v 6.793101 -5.783811 0.665096
v 6.777352 -5.762433 -0.680143
v 8.368771 -5.317808 -0.740765
v 8.368771 -5.317808 0.740764
v 6.887901 -6.549586 0.169911
v 6.865369 -6.522193 -0.231755
v 7.163755 -6.851708 -0.131954
v 7.171811 -6.759043 0.204745
v 6.906936 -7.667784 0.102378
v 6.906930 -7.667784 -0.102373
v 7.111679 -7.666857 -0.102379
v 7.111686 -7.666857 0.102372
v 7.540539 -7.314320 -0.202248
v 7.643223 -7.341293 0.290763
v 8.164944 -7.276824 0.258489
v 8.164944 -7.276824 -0.258490
v 8.655409 -7.241096 -0.165078
v 8.655409 -7.241096 0.165078
v 8.912443 -6.756581 0.238559
v 8.912443 -6.756581 -0.238560
v 9.080070 -6.438711 -0.147396
v 9.080071 -6.438712 0.147395
v 9.160672 -6.029835 0.242130
v 9.160673 -6.029835 -0.242131
v 8.485931 -8.719931 -0.102376
v 8.485931 -8.719931 0.102375
v 8.661034 -8.613806 0.102375
v 8.661034 -8.613806 -0.102376
v 9.622836 -8.016018 -0.102376
v 9.622836 -8.016018 0.102375
v 9.759809 -7.863829 0.102375
v 9.759809 -7.863828 -0.102376
v 10.443353 -7.056123 -0.102376
v 10.443352 -7.056123 0.102375
v 10.542878 -6.877188 0.102375
v 10.542877 -6.877188 -0.102376
v 9.034153 -5.368902 0.299426
v 9.034153 -5.368902 -0.299427
v 11.441402 -5.875587 -0.032176
v 11.441402 -5.875587 0.032176
v 11.447150 -5.811493 0.032176
v 11.447150 -5.811493 -0.032176
v -0.452004 -3.574963 -0.433702
v -0.452009 -3.574960 0.433708
v -1.221516 -3.174638 0.433702
v -1.221511 -3.174641 -0.433708
v -1.350656 -6.967983 -1.041703
v -1.350670 -6.967980 1.041717
v -3.362328 -6.488775 1.041703
v -3.362314 -6.488779 -1.041718
v -0.399900 -2.886248 -0.163112
v -0.399902 -2.886247 0.163115
v -0.689513 -2.736081 0.163113
v -0.689511 -2.736083 -0.163115
v -1.806418 -11.529291 -0.838284
v -1.806429 -11.529291 0.838294
v -3.482684 -11.496424 0.838282
v -3.482673 -11.496424 -0.838295
v -1.962884 3.892353 -0.384709
v -1.962884 3.892353 0.384712
v -2.118772 4.645815 0.384711
v -2.118772 4.645815 -0.384709
v -4.011179 2.265044 -1.161087
v -4.011179 2.265044 1.161090
v -5.571129 3.885961 1.161089
v -5.571129 3.885961 -1.161088
v -7.024243 -4.881453 -0.303554
v -7.024242 -4.881453 0.303555
v -7.608245 -4.715813 0.303555
v -7.608244 -4.715812 -0.303555
v -6.777352 -5.762432 -0.680143
v -6.793101 -5.783811 0.665096
v -8.368772 -5.317808 0.740764
v -8.368771 -5.317808 -0.740765
v -6.865370 -6.522193 -0.231755
v -6.984915 -6.709777 0.136505
v -7.171811 -6.759042 0.204745
v -7.171802 -6.759036 -0.204758
v -6.906930 -7.667784 -0.102373
v -6.906936 -7.667784 0.102378
v -7.111685 -7.666857 0.102372
v -7.111679 -7.666857 -0.102379
v -7.643223 -7.341293 0.290762
v -7.482803 -7.310966 -0.136501
v -8.164944 -7.276824 -0.258490
v -8.164945 -7.276824 0.258489
v -8.655409 -7.241096 0.165078
v -8.655409 -7.241096 -0.165078
v -8.912443 -6.756581 -0.238560
v -8.912443 -6.756581 0.238559
v -9.080070 -6.438712 0.147395
v -9.080071 -6.438712 -0.147396
v -9.160672 -6.029835 -0.242131
v -9.160673 -6.029835 0.242130
v -8.485931 -8.719931 0.102375
v -8.485931 -8.719931 -0.102376
v -8.661034 -8.613806 -0.102376
v -8.661034 -8.613806 0.102375
v -9.622836 -8.016018 0.102375
v -9.622836 -8.016018 -0.102376
v -9.759809 -7.863829 -0.102376
v -9.759809 -7.863828 0.102375
v -10.443353 -7.056123 0.102375
v -10.443352 -7.056123 -0.102376
v -10.542878 -6.877188 -0.102376
v -10.542877 -6.877188 0.102375
v -9.034153 -5.368903 -0.299427
v -9.034153 -5.368902 0.299426
v -11.441402 -5.875587 0.032176
v -11.441402 -5.875587 -0.032176
v -11.447150 -5.811493 -0.032176
v -11.447150 -5.811493 0.032176
v 0.196381 5.517248 0.181180
v -0.165978 5.517248 0.181180
v -0.165978 5.517248 -0.181179
v 0.196381 5.517248 -0.181179
v 0.811883 -4.837910 0.704277
v 0.811874 -4.837914 -0.704267
v 2.091038 -4.265824 -0.704277
v 2.091046 -4.265821 0.704267
v 1.491990 -9.493825 1.117725
v 1.491974 -9.493827 -1.117711
v 3.715407 -9.364882 -1.117727
v 3.715422 -9.364880 1.117710
v 2.621289 3.424770 0.742959
v 2.621289 3.424770 -0.742956
v 3.142882 4.765292 -0.742957
v 3.142883 4.765293 0.742959
v 5.229181 -0.302732 0.864777
v 5.229181 -0.302732 -0.864775
v 6.769719 0.365328 -0.864775
v 6.769720 0.365328 0.864776
v 6.048245 -2.281764 0.561533
v 6.048244 -2.281764 -0.561532
v 7.131736 -1.986266 -0.561532
v 7.131737 -1.986266 0.561533
v 6.668837 -3.747302 0.348417
v 6.668837 -3.747302 -0.348416
v 7.341194 -3.564245 -0.348416
v 7.341194 -3.564245 0.348416
v 0.811883 -4.837910 0.704277
v 0.811874 -4.837914 -0.704267
v 2.091038 -4.265824 -0.704277
v 2.091046 -4.265821 0.704267
v 1.491990 -9.493825 1.117725
v 1.491974 -9.493827 -1.117711
v 3.715407 -9.364882 -1.117727
v 3.715422 -9.364880 1.117710
v 2.621290 3.424771 0.742959
v 2.621290 3.424770 -0.742956
v 3.142882 4.765293 -0.742957
v 3.142883 4.765294 0.742959
v 5.229181 -0.302732 0.864777
v 5.229180 -0.302732 -0.864775
v 6.769718 0.365329 -0.864776
v 6.769719 0.365329 0.864776
v 6.048245 -2.281764 0.561533
v 6.048244 -2.281764 -0.561532
v 7.131736 -1.986266 -0.561533
v 7.131737 -1.986265 0.561532
v 6.668876 -3.747448 0.348416
v 6.668876 -3.747448 -0.348416
v 7.341154 -3.564099 -0.348416
v 7.341155 -3.564099 0.348416
v 6.874034 -7.001441 0.136505
v 6.874026 -7.001441 -0.136497
v 7.138669 -7.026691 -0.136505
v 7.138676 -7.026692 0.136496
v 6.871545 -7.387972 0.136505
v 6.871537 -7.387973 -0.136497
v 7.144536 -7.386737 -0.136505
v 7.144544 -7.386737 0.136496
v 7.972956 -7.938174 -0.136501
v 7.972957 -7.938174 0.136501
v 8.210825 -7.806310 0.136500
v 8.210825 -7.806311 -0.136501
v 8.150280 -8.231947 -0.136501
v 8.150280 -8.231947 0.136501
v 8.383749 -8.090448 0.136500
v 8.383749 -8.090448 -0.136501
v 8.325405 -8.520901 -0.136501
v 8.325405 -8.520901 0.136501
v 8.558874 -8.379402 0.136500
v 8.558874 -8.379402 -0.136502
v 8.938338 -7.445867 -0.136501
v 8.938338 -7.445867 0.136501
v 9.119929 -7.242039 0.136501
v 9.119928 -7.242039 -0.136501
v 9.178615 -7.662129 -0.136501
v 9.178616 -7.662129 0.136501
v 9.361243 -7.459209 0.136501
v 9.361244 -7.459209 -0.136501
v 9.419412 -7.878846 -0.136501
v 9.419412 -7.878846 0.136501
v 9.602040 -7.675926 0.136501
v 9.602040 -7.675926 -0.136501
v 9.322846 -6.471282 -0.139015
v 9.322846 -6.471282 0.139015
v 9.438198 -6.228455 0.144043
v 9.438198 -6.228456 -0.144044
v 9.612873 -6.633249 -0.136501
v 9.612873 -6.633249 0.136500
v 9.745574 -6.394670 0.136500
v 9.745575 -6.394669 -0.136501
v 9.908834 -6.797865 -0.136501
v 9.908834 -6.797865 0.136500
v 10.041535 -6.559286 0.136500
v 10.041535 -6.559286 -0.136501
v 10.204795 -6.962483 -0.136501
v 10.204795 -6.962483 0.136500
v 10.337495 -6.723903 0.136500
v 10.337496 -6.723903 -0.136501
v 9.806621 -5.878005 -0.176616
v 9.806621 -5.878005 0.176616
v 9.807789 -5.513985 0.181644
v 9.807791 -5.513986 -0.181644
v 10.298685 -5.881339 -0.139946
v 10.298685 -5.881340 0.139946
v 10.323679 -5.602566 0.139946
v 10.323679 -5.602566 -0.139946
v 10.661230 -5.882329 -0.108558
v 10.661229 -5.882329 0.108558
v 10.680618 -5.666081 0.108558
v 10.680618 -5.666081 -0.108558
v 10.970935 -5.883175 -0.081744
v 10.970935 -5.883175 0.081744
v 10.985534 -5.720340 0.081744
v 10.985534 -5.720340 -0.081744
v 11.247581 -5.883930 -0.057793
v 11.247581 -5.883930 0.057793
v 11.257903 -5.768807 0.057793
v 11.257904 -5.768807 -0.057793
v -0.811874 -4.837914 -0.704267
v -0.811883 -4.837910 0.704277
v -2.091047 -4.265821 0.704267
v -2.091038 -4.265824 -0.704277
v -1.491974 -9.493826 -1.117711
v -1.491990 -9.493827 1.117725
v -3.715422 -9.364881 1.117710
v -3.715407 -9.364881 -1.117727
v -2.621289 3.424770 -0.742956
v -2.621289 3.424770 0.742959
v -3.142883 4.765292 0.742959
v -3.142883 4.765292 -0.742957
v -5.229181 -0.302732 -0.864775
v -5.229181 -0.302732 0.864777
v -6.769720 0.365328 0.864776
v -6.769719 0.365328 -0.864775
v -6.048244 -2.281764 -0.561532
v -6.048245 -2.281764 0.561533
v -7.131737 -1.986266 0.561533
v -7.131737 -1.986266 -0.561532
v -6.668837 -3.747302 -0.348416
v -6.668837 -3.747302 0.348417
v -7.341194 -3.564245 0.348416
v -7.341194 -3.564245 -0.348416
v -6.874025 -7.001441 -0.136497
v -6.875844 -6.932605 0.204755
v -7.211106 -7.013139 0.204745
v -7.204547 -6.970789 -0.136507
v -6.871538 -7.387972 -0.136497
v -6.871545 -7.387972 0.136504
v -7.144545 -7.386736 0.136496
v -7.144536 -7.386736 -0.136505
v -7.972957 -7.938174 0.136501
v -7.972956 -7.938174 -0.136501
v -8.210825 -7.806310 -0.136501
v -8.210825 -7.806311 0.136500
v -8.150280 -8.231947 0.136501
v -8.150280 -8.231947 -0.136501
v -8.383749 -8.090448 -0.136501
v -8.383749 -8.090448 0.136500
v -8.325405 -8.520901 0.136501
v -8.325405 -8.520901 -0.136501
v -8.558874 -8.379402 -0.136502
v -8.558874 -8.379402 0.136500
v -8.938338 -7.445867 0.136501
v -8.938338 -7.445867 -0.136501
v -9.119929 -7.242039 -0.136501
v -9.119928 -7.242039 0.136501
v -9.178615 -7.662129 0.136501
v -9.178616 -7.662129 -0.136501
v -9.361243 -7.459209 -0.136501
v -9.361244 -7.459209 0.136501
v -9.419412 -7.878846 0.136501
v -9.419412 -7.878846 -0.136501
v -9.602040 -7.675926 -0.136501
v -9.602040 -7.675926 0.136501
v -9.322846 -6.471282 0.139015
v -9.322846 -6.471282 -0.139015
v -9.438198 -6.228455 -0.144044
v -9.438198 -6.228456 0.144043
v -9.612873 -6.633249 0.136500
v -9.612873 -6.633249 -0.136501
v -9.745574 -6.394670 -0.136501
v -9.745575 -6.394669 0.136500
v -9.908834 -6.797865 0.136500
v -9.908834 -6.797865 -0.136501
v -10.041535 -6.559286 -0.136501
v -10.041535 -6.559286 0.136500
v -10.204795 -6.962483 0.136500
v -10.204795 -6.962483 -0.136501
v -10.337495 -6.723903 -0.136501
v -10.337496 -6.723903 0.136500
v -9.806621 -5.878005 0.176616
v -9.806621 -5.878005 -0.176616
v -9.807789 -5.513985 -0.181644
v -9.807791 -5.513986 0.181644
v -10.298685 -5.881339 0.139946
v -10.298685 -5.881340 -0.139946
v -10.323679 -5.602566 -0.139946
v -10.323679 -5.602566 0.139946
v -10.661230 -5.882329 0.108558
v -10.661229 -5.882329 -0.108558
v -10.680618 -5.666081 -0.108558
v -10.680618 -5.666081 0.108558
v -10.970935 -5.883175 0.081744
v -10.970935 -5.883175 -0.081744
v -10.985534 -5.720340 -0.081744
v -10.985534 -5.720340 0.081744
v -11.247581 -5.883930 0.057793
v -11.247581 -5.883930 -0.057793
v -11.257903 -5.768807 -0.057793
v -11.257904 -5.768807 0.057793
v 6.905277 -6.659737 0.118304
v 6.904613 -6.662034 -0.136497
v 7.118834 -6.806877 0.109197
v -7.270030 -6.949225 -0.204757
v -6.831537 -6.604599 0.204757
v -6.904613 -6.662033 -0.136497
v 7.866447 -7.255773 -0.346298
v 8.218402 -7.474177 -0.000001
v -7.128159 -6.844807 -0.298886
v 7.872076 -7.253543 0.352398
v 7.571065 -7.418189 0.107573
v 8.216238 -6.387469 0.610985
v -0.000000 -3.757227 -1.488628
v 7.512740 -5.558653 0.860164
v 7.250733 -6.605052 0.574535
v 6.758326 -6.279054 0.374508
v -7.059915 -6.784090 -0.196220
v 6.773146 -6.405934 -0.007727
v 7.131613 -6.846388 -0.302986
v 7.192148 -6.930756 0.101567
v 6.709525 -6.213206 -0.429022
v 7.188279 -6.530460 -0.616642
v 7.510498 -5.555609 -0.862307
v -6.840667 -6.611776 0.008537
v 8.216237 -6.387470 -0.610986
v 8.438541 -7.177330 -0.219780
v 8.617352 -7.329110 -0.000000
v 8.438541 -7.177331 0.219779
v -6.925550 -6.624919 -0.148404
v 6.549700 -5.661006 -0.002141
v -7.872075 -7.253543 0.352398
v 8.762247 -7.007557 0.269530
v 8.719873 -6.096404 0.557292
v 8.980887 -6.265649 0.318481
v -7.429234 -7.184436 -0.196223
v 9.096266 -5.683313 0.363000
v 8.775875 -5.296306 0.464203
v 9.010542 -5.251769 -0.000000
v 8.775875 -5.296306 -0.464204
v -6.855198 -6.556187 0.196225
v 8.461832 -4.992619 -0.000000
v 6.849884 -6.618669 -0.002270
v 9.096266 -5.683314 -0.363001
v 7.046630 -6.771900 -0.187120
v 8.980888 -6.265650 -0.318482
v 8.719873 -6.096404 -0.557293
v 8.762245 -7.007557 -0.269530
v 8.970301 -6.887762 -0.000000
v -7.565362 -7.415092 0.110598
v 8.999487 -6.595423 -0.156796
v 9.070263 -6.490051 -0.000000
v 7.163861 -6.831362 0.006031
v 8.999488 -6.595423 0.156796
v 9.105404 -6.290996 0.227945
v 9.105404 -6.290996 -0.227946
v 1.625744 -11.685081 0.000006
v -7.858802 -7.249327 -0.340492
v -8.218403 -7.474177 -0.000001
v -6.779112 -6.417061 -0.009406
v -7.268239 -7.065812 0.000003
v 6.925550 -6.624918 -0.148404
v -6.768392 -6.295747 0.367488
v -7.250733 -6.605052 0.574535
v -7.512741 -5.558652 0.860164
v 6.929770 -6.623459 0.099161
v -8.216239 -6.387470 0.610985
v 7.267287 -6.995675 -0.132239
v -8.438541 -7.177330 0.219779
v -8.617350 -7.329110 -0.000000
v -8.438541 -7.177331 -0.219780
v 7.038431 -6.755739 0.141114
v -8.216237 -6.387469 -0.610986
v -1.488628 -3.757227 0.000000
v -7.510498 -5.555609 -0.862307
v -7.180633 -6.524014 -0.610836
v -6.709525 -6.213205 -0.429022
v 0.000000 -3.757227 1.488628
v -6.549700 -5.661006 -0.002141
v 2.647542 -11.665048 1.021987
v -9.096266 -5.683314 0.363000
v 1.488628 -3.757227 -0.000000
v -8.775875 -5.296306 0.464203
v -8.980888 -6.265650 0.318481
v -8.719873 -6.096404 0.557292
v -8.762247 -7.007557 0.269530
v -8.461832 -4.992619 -0.000000
v -8.775875 -5.296307 -0.464204
v -9.010542 -5.251768 -0.000000
v 0.015202 9.348593 1.636041
v -1.620839 9.348594 0.000001
v -8.970301 -6.887763 -0.000000
v -8.762247 -7.007557 -0.269530
v 0.365714 -2.857038 0.000001
v -8.719872 -6.096404 -0.557293
v -8.980888 -6.265649 -0.318482
v 0.015202 9.348593 -1.636040
v -9.096266 -5.683313 -0.363001
v 0.525607 -2.774162 -0.180096
v 0.685503 -2.691286 -0.000001
v -9.105404 -6.290996 -0.227946
v -9.070263 -6.490051 -0.000000
v 0.525609 -2.774161 0.180097
v -9.105404 -6.290996 0.227945
v -8.999487 -6.595423 0.156796
v -8.999487 -6.595423 -0.156796
v 1.651242 9.348593 0.000001
v 2.647529 -11.665048 -1.021989
v 3.669327 -11.645013 -0.000008
v 1.999450 4.277645 0.457562
v 2.092154 4.725717 0.000001
v 1.999450 4.277645 -0.457560
v 1.906745 3.829574 0.000001
v 0.525609 -2.774161 0.180097
v 0.685503 -2.691286 -0.000001
v 0.525607 -2.774162 -0.180096
v 0.365714 -2.857038 0.000001
v 2.647542 -11.665048 1.021987
v 1.625744 -11.685081 0.000006
v 2.647529 -11.665048 -1.021989
v 3.669327 -11.645013 -0.000008
v 1.999450 4.277646 0.457562
v 2.092154 4.725718 0.000001
v 1.999450 4.277646 -0.457560
v 1.906746 3.829574 0.000001
v 7.296118 -4.723149 0.195370
v 7.107633 -4.774554 -0.000000
v 7.296118 -4.723149 -0.195370
v 7.484604 -4.671743 -0.000000
v 7.009404 -7.687771 0.124809
v 6.884593 -7.688337 0.000003
v 7.238977 -8.441130 0.567647
v 7.134209 -7.687206 -0.000004
v 8.583076 -8.682699 -0.124810
v 8.689816 -8.618010 -0.000001
v 8.583076 -8.682699 0.124809
v 8.476339 -8.747389 -0.000000
v 10.487572 -8.221994 0.430667
v 9.788008 -7.859026 -0.000000
v 9.704515 -7.951796 0.124810
v 9.621022 -8.044567 -0.000000
v 11.085835 -7.224872 0.482442
v 10.569998 -6.866601 -0.000000
v 10.509329 -6.975675 0.124809
v 10.448661 -7.084746 -0.000000
v 11.457991 -5.844770 -0.038106
v 11.461392 -5.806816 -0.000000
v 11.457991 -5.844770 0.038106
v 11.454589 -5.882723 -0.000000
v -0.525607 -2.774162 -0.180096
v -0.685503 -2.691286 -0.000001
v -0.525609 -2.774161 0.180097
v -0.365714 -2.857038 0.000001
v -2.647528 -11.665048 -1.021989
v -1.625744 -11.685081 0.000006
v -2.647543 -11.665048 1.021987
v -3.669327 -11.645013 -0.000008
v -1.999450 4.277645 -0.457560
v -2.092154 4.725717 0.000001
v -1.999450 4.277645 0.457562
v -1.906745 3.829574 0.000001
v -6.955699 -8.589527 0.195366
v -6.884593 -7.688337 0.000003
v -7.009405 -7.687771 0.124809
v -7.134209 -7.687206 -0.000004
v -8.583076 -8.682699 0.124809
v -8.689816 -8.618010 -0.000001
v -8.970459 -9.298895 0.231775
v -8.476339 -8.747389 -0.000000
v -9.704514 -7.951796 0.124810
v -9.788008 -7.859026 -0.000000
v -10.130684 -8.430962 0.584871
v -9.621022 -8.044567 -0.000000
v -10.509330 -6.975674 0.124809
v -10.569998 -6.866601 -0.000000
v -10.926069 -7.170342 0.323620
v -10.448661 -7.084746 -0.000000
v -11.457991 -5.844770 0.038106
v -11.461392 -5.806816 -0.000000
v -11.457991 -5.844770 -0.038106
v -11.454589 -5.882723 -0.000000
v 0.798484 0.290751 0.798484
v 0.000000 0.609947 0.671193
v -0.798484 0.290751 0.798484
v 0.000000 0.090319 1.545104
v -0.671193 0.609947 0.000000
v -0.798484 0.290751 -0.798484
v -1.545104 0.090319 0.000000
v -0.000000 0.609947 -0.671193
v 0.798484 0.290751 -0.798484
v -0.000000 0.090319 -1.545104
v 0.671193 0.609947 -0.000000
v 1.545104 0.090319 -0.000000
v 0.576061 1.009938 0.576061
v -0.000000 1.368298 1.145179
v -0.576061 1.010077 0.576061
v -1.145178 1.369064 -0.000000
v -0.576061 1.010077 -0.576061
v 0.000000 1.368299 -1.145179
v 0.576061 1.009938 -0.576061
v 1.145178 1.367533 0.000000
v 0.957834 1.620677 0.957520
v 0.002534 2.035064 1.341077
v -0.957200 1.624017 0.957520
v -1.338537 2.038892 0.000000
v -0.957200 1.624017 -0.957520
v 0.002534 2.035065 -1.341077
v 0.957834 1.620677 -0.957520
v 1.343604 2.031237 0.000000
v 1.037233 2.804170 1.029638
v 0.012668 3.566842 1.938472
v -1.022031 2.810572 1.029638
v -1.925797 3.570668 0.000000
v -1.022031 2.810572 -1.029637
v 0.012668 3.566842 -1.938472
v 1.037233 2.804170 -1.029637
v 1.951133 3.563015 0.000000
v 2.222764 3.948129 2.207883
v 0.015202 4.200897 3.548664
v -2.192994 3.951469 2.207883
v -3.533461 4.201663 0.000000
v -2.192994 3.951469 -2.207882
v 0.015202 4.200898 -3.548664
v 2.222764 3.948129 -2.207882
v 3.563864 4.200132 0.000000
v 1.842554 4.611185 1.827353
v 0.015202 5.049520 1.028510
v -1.812151 4.611324 1.827353
v -1.013308 5.049520 0.000000
v -1.812150 4.611324 -1.827352
v 0.015202 5.049520 -1.028509
v 1.842554 4.611185 -1.827352
v 1.043711 5.049520 0.000000
v 0.267235 5.335648 0.252034
v 0.015202 5.517247 0.249123
v -0.236831 5.335648 0.252034
v -0.233920 5.517247 0.000000
v -0.236831 5.335648 -0.252033
v 0.015202 5.517247 -0.249122
v 0.267235 5.335648 -0.252033
v 0.264324 5.517247 0.000000
v 0.229884 5.684437 0.214682
v 0.015202 5.869686 0.617648
v -0.199480 5.684437 0.214682
v -0.602446 5.869686 0.000000
v -0.199480 5.684437 -0.214682
v 0.015202 5.869686 -0.617647
v 0.229884 5.684437 -0.214682
v 0.632849 5.869686 0.000000
v 1.000437 6.153624 0.985235
v 0.015202 6.867164 2.091749
v -0.970033 6.153624 0.985235
v -2.076547 6.867164 0.000001
v -0.970033 6.153624 -0.985234
v 0.015202 6.867164 -2.091748
v 1.000437 6.153624 -0.985234
v 2.106950 6.867164 0.000001
v 1.694365 8.150504 1.679164
v -1.663961 8.150504 1.679164
v -1.663961 8.150504 -1.679162
v 1.694365 8.150504 -1.679163
v 1.101202 -0.085973 1.101202
v -1.101202 -0.085973 1.101202
v -0.000000 -0.778103 1.463188
v -1.101202 -0.085973 -1.101202
v -1.463188 -0.778103 -0.000000
v 1.101202 -0.085973 -1.101202
v -0.435421 -0.847719 -2.749866
v 1.463188 -0.778103 0.000000
v 1.268978 -2.283875 1.268978
v -1.268978 -2.283875 1.268978
v -1.268978 -2.283875 -1.268978
v 1.268978 -2.283875 -1.268978
v 0.588809 -4.116292 0.563341
v 0.307724 -3.650022 0.000004
v 0.588802 -4.116295 -0.563333
v 0.572035 -4.945179 0.000007
v 0.836756 -3.374802 -0.596344
v 1.591627 -3.605328 -0.563341
v 1.451454 -4.551869 -0.968374
v 1.365796 -3.099579 -0.000004
v 1.591634 -3.605324 0.563334
v 2.330885 -4.158556 -0.000007
v 0.836764 -3.374799 0.596345
v 1.451466 -4.551865 0.968374
v 1.102238 -5.814764 0.885524
v 1.102226 -5.814768 -0.885512
v 0.973477 -7.057832 0.000010
v 2.765428 -5.245455 -0.885524
v 2.356483 -6.728382 -1.432352
v 2.765439 -5.245451 0.885512
v 3.739507 -6.398927 -0.000010
v 2.356502 -6.728377 1.432351
v 0.395592 -3.138895 0.282950
v 0.395588 -3.138897 -0.282946
v 0.897834 -2.878154 -0.282950
v 0.897837 -2.878152 0.282946
v 1.462579 -8.200185 1.108225
v 1.462564 -8.200187 -1.108210
v 1.075089 -9.518003 0.000010
v 3.642163 -7.899776 -1.108225
v 2.603688 -9.429354 -1.536864
v 3.642178 -7.899774 1.108209
v 4.132308 -9.340704 -0.000011
v 2.603709 -9.429353 1.536862
v 1.560293 -10.756766 1.069860
v 1.560279 -10.756765 -1.069847
v 3.698127 -10.704178 -1.069861
v 3.698142 -10.704178 1.069845
v 2.162905 3.687630 0.548883
v 2.162905 3.687630 -0.548880
v 2.523491 3.173422 0.000001
v 2.412885 4.748303 -0.548881
v 2.882086 4.095030 -1.021566
v 2.412885 4.748304 0.548883
v 3.240681 5.016639 0.000001
v 2.882086 4.095031 1.021568
v 3.283397 3.020610 1.000736
v 3.283396 3.020610 -1.000733
v 3.718688 1.961122 0.000002
v 4.348867 4.626813 -1.000734
v 4.791154 3.075502 -1.596496
v 4.348868 4.626813 1.000736
v 5.863620 4.189882 0.000001
v 4.791154 3.075503 1.596498
v 4.672103 1.041381 1.073812
v 4.672103 1.041380 -1.073809
v 4.940331 -0.427994 0.000001
v 6.354832 2.238536 -1.073810
v 5.999450 0.031298 -1.189066
v 6.354832 2.238537 1.073811
v 7.058570 0.490590 0.000000
v 5.999452 0.031298 1.189067
v 5.677918 -1.401610 0.691447
v 5.677917 -1.401610 -0.691445
v 5.845090 -2.337170 0.000001
v 6.996073 -1.011123 -0.691446
v 6.589991 -2.134015 -0.772107
v 6.996073 -1.011123 0.691446
v 7.334891 -1.930861 0.000000
v 6.589991 -2.134015 0.772107
v 6.373827 -3.050653 0.449731
v 6.373827 -3.050653 -0.449730
v 6.542770 -3.781625 0.000000
v 7.241604 -2.814025 -0.449730
v 7.005016 -3.655774 -0.479072
v 7.241604 -2.814025 0.449731
v 7.467262 -3.529922 0.000000
v 7.005016 -3.655774 0.479073
v 6.920063 -4.377369 0.271776
v 6.920063 -4.377369 -0.271776
v 6.914742 -4.912511 0.000000
v 7.444435 -4.234307 -0.271776
v 7.316244 -4.798633 -0.417388
v 7.444435 -4.234307 0.271776
v 7.717745 -4.684754 -0.000000
v 7.316244 -4.798633 0.417388
v 0.588809 -4.116292 0.563341
v 0.307724 -3.650022 0.000004
v 0.588802 -4.116295 -0.563333
v 0.572035 -4.945179 0.000007
v 0.836756 -3.374802 -0.596344
v 1.591627 -3.605328 -0.563341
v 1.451454 -4.551869 -0.968374
v 1.365796 -3.099579 -0.000004
v 1.591634 -3.605324 0.563334
v 2.330885 -4.158556 -0.000007
v 0.836764 -3.374799 0.596345
v 1.451466 -4.551865 0.968374
v 1.102238 -5.814764 0.885524
v 1.102226 -5.814768 -0.885512
v 0.973477 -7.057832 0.000010
v 2.765428 -5.245455 -0.885524
v 2.356483 -6.728382 -1.432352
v 2.765439 -5.245451 0.885512
v 3.739507 -6.398927 -0.000010
v 2.356502 -6.728377 1.432351
v 0.395592 -3.138895 0.282950
v 0.395588 -3.138897 -0.282946
v 0.897834 -2.878154 -0.282950
v 0.897837 -2.878152 0.282946
v 1.462579 -8.200185 1.108225
v 1.462564 -8.200187 -1.108210
v 1.075089 -9.518003 0.000010
v 3.642163 -7.899776 -1.108225
v 2.603688 -9.429354 -1.536864
v 3.642178 -7.899774 1.108209
v 4.132308 -9.340704 -0.000011
v 2.603709 -9.429353 1.536862
v 1.560293 -10.756766 1.069860
v 1.560279 -10.756765 -1.069847
v 3.698127 -10.704178 -1.069861
v 3.698142 -10.704178 1.069845
v 2.162905 3.687630 0.548883
v 2.162905 3.687630 -0.548880
v 2.523491 3.173423 0.000002
v 2.412885 4.748304 -0.548881
v 2.882086 4.095031 -1.021566
v 2.412885 4.748305 0.548883
v 3.240681 5.016640 0.000001
v 2.882086 4.095032 1.021568
v 3.283397 3.020611 1.000737
v 3.283396 3.020610 -1.000733
v 3.718688 1.961123 0.000002
v 4.348866 4.626814 -1.000734
v 4.791153 3.075503 -1.596496
v 4.348868 4.626814 1.000736
v 6.197058 4.561417 0.255717
v 4.791155 3.075504 1.596498
v 4.672103 1.041381 1.073812
v 4.672102 1.041381 -1.073809
v 4.940330 -0.427993 0.000001
v 6.354831 2.238537 -1.073810
v 5.999449 0.031298 -1.189066
v 6.354832 2.238537 1.073811
v 7.555016 0.472897 0.199004
v 5.999451 0.031299 1.189067
v 5.677917 -1.401609 0.691447
v 5.677917 -1.401609 -0.691445
v 5.845089 -2.337169 0.000001
v 6.996072 -1.011123 -0.691446
v 6.589990 -2.134015 -0.772107
v 6.996073 -1.011123 0.691446
v 7.334891 -1.930860 -0.000000
v 6.589991 -2.134015 0.772107
v 6.373832 -3.050670 0.449731
v 6.373832 -3.050670 -0.449730
v 6.542825 -3.781825 0.000000
v 7.241599 -2.814006 -0.449731
v 7.005016 -3.655773 -0.479072
v 7.241599 -2.814006 0.449730
v 7.467207 -3.529721 -0.000000
v 7.005016 -3.655773 0.479072
v 6.932899 -4.353748 0.253224
v 6.932900 -4.353748 -0.253224
v 7.421503 -4.220492 -0.253225
v 7.421503 -4.220492 0.253224
v 6.915420 -5.248416 0.494001
v 6.914544 -5.247228 -0.494836
v 7.892931 -4.955469 -0.502921
v 7.892931 -4.955469 0.502920
v 6.883574 -6.798881 0.134229
v 6.883484 -6.799166 -0.136497
v 6.824410 -6.996706 0.000005
v 7.134904 -6.884699 -0.135936
v 7.006346 -7.014065 -0.187689
v 7.128824 -6.879277 0.131725
v 7.188293 -7.031426 -0.000006
v 7.006357 -7.014067 0.187688
v 6.871223 -7.199674 0.136505
v 6.871214 -7.199674 -0.136497
v 6.820354 -7.388204 0.000005
v 7.143169 -7.201749 -0.136505
v 7.008035 -7.387355 -0.187689
v 7.143177 -7.201749 0.136496
v 7.195727 -7.386505 -0.000006
v 7.008046 -7.387354 0.187688
v 6.878182 -7.562781 0.130659
v 6.878174 -7.562781 -0.130652
v 7.139482 -7.561599 -0.130660
v 7.139490 -7.561599 0.130651
v 7.858510 -7.752067 -0.143382
v 7.928357 -7.962899 -0.000000
v 7.862771 -7.747982 0.155783
v 8.091890 -7.872242 0.187688
v 8.139429 -7.643932 0.150121
v 8.255424 -7.781585 -0.000001
v 8.139427 -7.643932 -0.150123
v 8.091890 -7.872242 -0.187689
v 8.062443 -8.086866 -0.136501
v 8.106504 -8.258476 -0.000000
v 8.062443 -8.086866 0.136501
v 8.267015 -8.161198 0.187688
v 8.296463 -7.946573 0.136500
v 8.427525 -8.063917 -0.000001
v 8.296463 -7.946573 -0.136501
v 8.267015 -8.161196 -0.187689
v 8.237843 -8.376423 -0.136501
v 8.281630 -8.547432 -0.000000
v 8.237843 -8.376423 0.136501
v 8.442141 -8.450151 0.187688
v 8.471312 -8.234926 0.136500
v 8.602652 -8.352873 -0.000001
v 8.471312 -8.234926 -0.136502
v 8.442141 -8.450151 -0.187689
v 8.412426 -8.653208 -0.130656
v 8.412426 -8.653208 0.130655
v 8.635897 -8.517771 0.130655
v 8.635897 -8.517771 -0.130656
v 8.813455 -7.339682 -0.140073
v 8.904291 -7.484084 -0.000000
v 8.813455 -7.339682 0.140073
v 9.029134 -7.343952 0.187688
v 9.002277 -7.108809 0.146791
v 9.153977 -7.203821 -0.000000
v 9.002277 -7.108809 -0.146792
v 9.029134 -7.343953 -0.187689
v 9.058284 -7.553829 -0.136501
v 9.144374 -7.700177 -0.000000
v 9.058284 -7.553829 0.136501
v 9.269931 -7.560670 0.187688
v 9.240782 -7.350795 0.136501
v 9.395487 -7.421162 -0.000000
v 9.240782 -7.350794 -0.136501
v 9.269930 -7.560670 -0.187689
v 9.299013 -7.770488 -0.136501
v 9.385168 -7.916893 -0.000000
v 9.299013 -7.770488 0.136501
v 9.510725 -7.777385 0.187688
v 9.481642 -7.567567 0.136501
v 9.636283 -7.637878 -0.000000
v 9.481642 -7.567567 -0.136501
v 9.510726 -7.777386 -0.187689
v 9.536101 -7.976003 -0.130655
v 9.536101 -7.976003 0.130655
v 9.710910 -7.781773 0.130655
v 9.710909 -7.781773 -0.130656
v 9.190413 -6.409457 -0.143834
v 9.301218 -6.516813 -0.000000
v 9.190413 -6.409456 0.143833
v 9.380522 -6.349869 0.194602
v 9.275912 -6.143442 0.165326
v 9.459826 -6.182926 -0.000000
v 9.275912 -6.143442 -0.165327
v 9.260873 -6.016669 -0.000000
v 9.380522 -6.349870 -0.194603
v 9.465635 -6.551272 -0.136815
v 9.587993 -6.677983 -0.000000
v 9.465636 -6.551272 0.136815
v 9.679224 -6.513959 0.187688
v 9.596169 -6.312161 0.137443
v 9.770456 -6.349936 -0.000000
v 9.596168 -6.312162 -0.137444
v 9.679224 -6.513959 -0.187689
v 9.760854 -6.715558 -0.136501
v 9.883952 -6.842600 -0.000000
v 9.760855 -6.715558 0.136500
v 9.975185 -6.678577 0.187688
v 9.893556 -6.476978 0.136500
v 10.066418 -6.514553 -0.000000
v 9.893555 -6.476978 -0.136501
v 9.975184 -6.678576 -0.187689
v 10.056814 -6.880175 -0.136501
v 10.179914 -7.007216 -0.000000
v 10.056814 -6.880175 0.136500
v 10.271146 -6.843194 0.187688
v 10.189515 -6.641595 0.136500
v 10.362378 -6.679170 -0.000000
v 10.189515 -6.641595 -0.136501
v 10.271146 -6.843194 -0.187689
v 10.346252 -7.034475 -0.130656
v 10.346252 -7.034475 0.130655
v 10.473271 -6.806112 0.130655
v 10.473271 -6.806112 -0.130656
v 9.468202 -5.888258 -0.198580
v 9.806402 -5.946259 -0.000000
v 9.468201 -5.888257 0.198580
v 9.807205 -5.695995 0.246304
v 9.409328 -5.446983 0.217401
v 9.808008 -5.445733 -0.000000
v 9.409329 -5.446984 -0.217401
v 9.807206 -5.695995 -0.246304
v 10.081136 -5.880497 -0.158039
v 10.293999 -5.933610 -0.000000
v 10.081136 -5.880497 0.158039
v 10.311182 -5.741953 0.192425
v 10.105563 -5.564155 0.158668
v 10.328364 -5.550296 -0.000000
v 10.105564 -5.564156 -0.158668
v 10.311182 -5.741953 -0.192426
v 10.488677 -5.881859 -0.123497
v 10.657594 -5.922875 -0.000000
v 10.488678 -5.881858 0.123497
v 10.670924 -5.774205 0.149267
v 10.510734 -5.635851 0.123497
v 10.684253 -5.625535 -0.000000
v 10.510734 -5.635851 -0.123497
v 10.670923 -5.774205 -0.149267
v 10.821102 -5.882766 -0.094716
v 10.968199 -5.913706 -0.000000
v 10.821102 -5.882766 0.094716
v 10.978235 -5.801757 0.112398
v 10.838019 -5.694090 0.094716
v 10.988273 -5.689808 -0.000000
v 10.838018 -5.694090 -0.094716
v 10.978236 -5.801757 -0.112398
v 11.112672 -5.883562 -0.069473
v 11.245646 -5.905517 -0.000000
v 11.112671 -5.883561 0.069473
v 11.252741 -5.826369 0.079465
v 11.125078 -5.745171 0.069473
v 11.259838 -5.747221 -0.000000
v 11.125079 -5.745172 -0.069473
v 11.252742 -5.826369 -0.079465
v 11.369212 -5.882772 -0.045778
v 11.369212 -5.882772 0.045778
v 11.377390 -5.791583 0.045778
v 11.377389 -5.791582 -0.045778
v -0.588802 -4.116295 -0.563333
v -0.307724 -3.650022 0.000004
v -0.588809 -4.116292 0.563341
v -0.572036 -4.945179 0.000007
v -0.836764 -3.374799 0.596345
v -1.591634 -3.605325 0.563334
v -1.451466 -4.551865 0.968374
v -1.365796 -3.099579 -0.000004
v -1.591627 -3.605328 -0.563341
v -2.330885 -4.158556 -0.000007
v -0.836756 -3.374802 -0.596344
v -1.451454 -4.551870 -0.968374
v -1.102226 -5.814768 -0.885512
v -1.102238 -5.814764 0.885524
v -0.973477 -7.057832 0.000010
v -2.765439 -5.245451 0.885512
v -2.356502 -6.728377 1.432351
v -2.765428 -5.245455 -0.885524
v -3.739507 -6.398926 -0.000010
v -2.356483 -6.728382 -1.432352
v -0.395588 -3.138897 -0.282946
v -0.395592 -3.138895 0.282950
v -0.897837 -2.878152 0.282946
v -0.897834 -2.878154 -0.282950
v -1.462564 -8.200187 -1.108210
v -1.462579 -8.200185 1.108225
v -1.075089 -9.518003 0.000010
v -3.642178 -7.899774 1.108209
v -2.603709 -9.429353 1.536862
v -3.642163 -7.899776 -1.108225
v -4.132308 -9.340704 -0.000011
v -2.603688 -9.429354 -1.536863
v -1.560279 -10.756766 -1.069847
v -1.560294 -10.756765 1.069860
v -3.698142 -10.704178 1.069845
v -3.698127 -10.704178 -1.069861
v -2.162905 3.687630 -0.548880
v -2.162905 3.687630 0.548883
v -2.523491 3.173422 0.000001
v -2.412885 4.748303 0.548883
v -2.882086 4.095031 1.021568
v -2.412885 4.748303 -0.548881
v -3.240681 5.016639 0.000001
v -2.882086 4.095030 -1.021566
v -3.283397 3.020610 -1.000733
v -3.283397 3.020610 1.000736
v -3.718688 1.961122 0.000002
v -4.348867 4.626814 1.000736
v -4.791154 3.075503 1.596498
v -4.348867 4.626813 -1.000734
v -5.302022 4.082397 0.111754
v -4.791154 3.075502 -1.596496
v -4.672103 1.041380 -1.073809
v -4.672103 1.041381 1.073812
v -4.940331 -0.427994 0.000001
v -6.354832 2.238537 1.073811
v -5.999450 0.031298 1.189068
v -6.354832 2.238536 -1.073810
v -6.826210 0.939386 -0.052412
v -5.999450 0.031298 -1.189066
v -5.677917 -1.401610 -0.691445
v -5.677918 -1.401610 0.691447
v -5.845090 -2.337170 0.000001
v -6.996073 -1.011123 0.691446
v -6.589991 -2.134015 0.772107
v -6.996073 -1.011123 -0.691446
v -7.334891 -1.930861 0.000000
v -6.589990 -2.134015 -0.772107
v -6.373827 -3.050653 -0.449730
v -6.373827 -3.050653 0.449731
v -6.542770 -3.781625 0.000000
v -7.241604 -2.814025 0.449731
v -7.005016 -3.655774 0.479073
v -7.241604 -2.814025 -0.449730
v -7.467262 -3.529922 -0.000000
v -7.005016 -3.655774 -0.479072
v -6.920063 -4.377369 -0.271776
v -6.920063 -4.377369 0.271776
v -6.914742 -4.912511 0.000000
v -7.444435 -4.234307 0.271776
v -7.316245 -4.798633 0.417388
v -7.444435 -4.234307 -0.271776
v -7.717746 -4.684754 -0.000000
v -7.316244 -4.798633 -0.417388
v -6.914544 -5.247228 -0.494836
v -6.915420 -5.248416 0.494001
v -7.892931 -4.955469 0.502920
v -7.892931 -4.955469 -0.502921
v -6.883483 -6.799166 -0.136497
v -6.828096 -6.768718 0.204757
v -6.823226 -6.990700 0.007115
v -7.191459 -6.886091 0.204745
v -7.015637 -7.003768 0.204751
v -7.202909 -6.904568 -0.196226
v -7.210282 -7.007846 0.008525
v -7.013171 -7.009676 -0.189111
v -6.871215 -7.199673 -0.136497
v -6.871330 -7.194075 0.142192
v -6.820354 -7.388204 0.000005
v -7.149387 -7.200068 0.142184
v -7.008046 -7.387355 0.187688
v -7.148833 -7.196538 -0.136505
v -7.195727 -7.386506 -0.000006
v -7.008035 -7.387354 -0.187689
v -6.878174 -7.562781 -0.130652
v -6.878181 -7.562781 0.130659
v -7.139490 -7.561599 0.130651
v -7.139482 -7.561599 -0.130660
v -7.862772 -7.747982 0.155783
v -7.928357 -7.962899 -0.000000
v -7.850864 -7.745620 -0.137576
v -8.091890 -7.872242 -0.187689
v -8.139427 -7.643932 -0.150123
v -8.255424 -7.781585 -0.000001
v -8.139428 -7.643932 0.150121
v -8.091890 -7.872242 0.187688
v -8.062443 -8.086866 0.136501
v -8.106504 -8.258476 -0.000000
v -8.062443 -8.086866 -0.136501
v -8.267015 -8.161198 -0.187689
v -8.296463 -7.946573 -0.136501
v -8.427525 -8.063917 -0.000001
v -8.296463 -7.946573 0.136500
v -8.267015 -8.161196 0.187688
v -8.237843 -8.376423 0.136501
v -8.281630 -8.547432 -0.000000
v -8.237843 -8.376423 -0.136501
v -8.442141 -8.450151 -0.187689
v -8.471312 -8.234926 -0.136502
v -8.602652 -8.352873 -0.000001
v -8.471312 -8.234926 0.136500
v -8.442141 -8.450151 0.187688
v -8.412426 -8.653208 0.130655
v -8.412426 -8.653208 -0.130656
v -8.635897 -8.517771 -0.130656
v -8.635897 -8.517771 0.130655
v -8.813455 -7.339682 0.140073
v -8.904291 -7.484084 -0.000000
v -8.813455 -7.339682 -0.140073
v -9.029134 -7.343952 -0.187689
v -9.002277 -7.108809 -0.146792
v -9.153977 -7.203821 -0.000000
v -9.002277 -7.108809 0.146791
v -9.029134 -7.343953 0.187688
v -9.058284 -7.553829 0.136501
v -9.144374 -7.700177 -0.000000
v -9.058284 -7.553829 -0.136501
v -9.269931 -7.560670 -0.187689
v -9.240782 -7.350795 -0.136501
v -9.395487 -7.421162 -0.000000
v -9.240782 -7.350794 0.136501
v -9.269930 -7.560670 0.187688
v -9.299013 -7.770488 0.136501
v -9.385168 -7.916893 -0.000000
v -9.299013 -7.770488 -0.136501
v -9.510725 -7.777385 -0.187689
v -9.481642 -7.567567 -0.136501
v -9.636283 -7.637878 -0.000000
v -9.481642 -7.567567 0.136501
v -9.510726 -7.777386 0.187688
v -9.536101 -7.976003 0.130655
v -9.536101 -7.976003 -0.130655
v -9.710910 -7.781773 -0.130656
v -9.710909 -7.781773 0.130655
v -9.190413 -6.409457 0.143833
v -9.301218 -6.516813 -0.000000
v -9.190413 -6.409456 -0.143834
v -9.380522 -6.349869 -0.194603
v -9.275912 -6.143442 -0.165327
v -9.459826 -6.182926 -0.000000
v -9.275912 -6.143442 0.165326
v -9.260873 -6.016669 -0.000000
v -9.380522 -6.349870 0.194602
v -9.465635 -6.551272 0.136815
v -9.587993 -6.677983 -0.000000
v -9.465636 -6.551272 -0.136815
v -9.679224 -6.513959 -0.187689
v -9.596169 -6.312161 -0.137444
v -9.770456 -6.349936 -0.000000
v -9.596168 -6.312162 0.137443
v -9.679224 -6.513959 0.187688
v -9.760854 -6.715558 0.136500
v -9.883952 -6.842600 -0.000000
v -9.760855 -6.715558 -0.136501
v -9.975185 -6.678577 -0.187689
v -9.893556 -6.476978 -0.136501
v -10.066418 -6.514553 -0.000000
v -9.893555 -6.476978 0.136500
v -9.975184 -6.678576 0.187688
v -10.056814 -6.880175 0.136500
v -10.179914 -7.007216 -0.000000
v -10.056814 -6.880175 -0.136501
v -10.271146 -6.843194 -0.187689
v -10.189515 -6.641595 -0.136501
v -10.362378 -6.679170 -0.000000
v -10.189515 -6.641595 0.136500
v -10.271146 -6.843194 0.187688
v -10.346252 -7.034475 0.130655
v -10.346252 -7.034475 -0.130656
v -10.473271 -6.806112 -0.130656
v -10.473271 -6.806112 0.130655
v -9.468202 -5.888258 0.198580
v -9.806402 -5.946259 -0.000000
v -9.468201 -5.888257 -0.198580
v -9.807205 -5.695995 -0.246304
v -9.409328 -5.446983 -0.217401
v -9.808008 -5.445733 -0.000000
v -9.409329 -5.446984 0.217401
v -9.807206 -5.695995 0.246304
v -10.081136 -5.880497 0.158039
v -10.293999 -5.933610 -0.000000
v -10.081136 -5.880497 -0.158039
v -10.311182 -5.741953 -0.192426
v -10.105563 -5.564155 -0.158668
v -10.328364 -5.550296 -0.000000
v -10.105564 -5.564156 0.158668
v -10.311182 -5.741953 0.192425
v -10.488677 -5.881859 0.123497
v -10.657594 -5.922875 -0.000000
v -10.488678 -5.881858 -0.123497
v -10.670924 -5.774205 -0.149267
v -10.510734 -5.635851 -0.123497
v -10.684253 -5.625535 -0.000000
v -10.510734 -5.635851 0.123497
v -10.670923 -5.774205 0.149267
v -10.821102 -5.882766 0.094716
v -10.968199 -5.913706 -0.000000
v -10.821102 -5.882766 -0.094716
v -10.978235 -5.801757 -0.112398
v -10.838019 -5.694090 -0.094716
v -10.988273 -5.689808 -0.000000
v -10.838018 -5.694090 0.094716
v -10.978236 -5.801757 0.112398
v -11.112672 -5.883562 0.069473
v -11.245646 -5.905517 -0.000000
v -11.112671 -5.883561 -0.069473
v -12.048741 -5.761437 0.522803
v -11.125078 -5.745171 -0.069473
v -11.259838 -5.747221 -0.000000
v -11.125079 -5.745172 0.069473
v -11.252742 -5.826369 0.079465
v -11.369212 -5.882772 0.045778
v -11.369212 -5.882772 -0.045778
v -11.377390 -5.791583 -0.045778
v -11.377389 -5.791582 0.045778
v -3.020949 3.952096 0.000000
v 0.014885 3.949799 3.035838
v 1.423345 2.802969 0.000000
v 0.007601 2.807371 -1.415751
v -1.408143 2.811771 0.000000
v -7.140137 -6.863008 -0.206704
v 0.007601 2.807370 1.415752
v 6.969463 -6.557065 -0.503074
v 1.316903 1.620051 -0.000000
v 0.000317 1.622348 -1.316590
v -1.316269 1.624644 0.000000
v 0.000317 1.622347 1.316590
v 0.792084 1.009912 -0.000000
v -0.000000 1.010008 -0.792084
v -0.792084 1.010103 0.000000
v -0.045287 0.965358 0.806419
v 1.097915 0.290751 0.000000
v 0.000000 0.290751 -1.097915
v -1.097915 0.290751 -0.000000
v -0.000000 0.290751 1.097915
v -11.486772 -5.847350 -0.000000
v -10.543355 -6.994600 -0.000000
v -9.732197 -7.976712 -0.000000
v -8.603210 -8.715919 -0.000001
v -7.009595 -7.730687 -0.000000
v -1.912614 4.295611 0.000001
v -2.653798 -11.984432 -0.000001
v -0.485529 -2.696507 0.000000
v 11.486772 -5.847350 -0.000000
v 10.543355 -6.994600 -0.000000
v 9.024218 -6.419419 0.234925
v 9.732197 -7.976712 -0.000000
v -0.000000 -4.293973 0.000000
v 8.557664 -6.660079 0.443092
v -8.557664 -6.660078 0.443092
v 9.024218 -6.419419 -0.234925
v 8.603210 -8.715919 -0.000001
v 7.009595 -7.730687 -0.000000
v -6.966594 -6.554647 -0.500897
v 7.336353 -4.870676 -0.000000
v 1.912614 4.295612 0.000001
v -8.557664 -6.660079 -0.443093
v 2.653798 -11.984432 -0.000001
v 0.485529 -2.696507 0.000000
v 1.912614 4.295611 0.000001
v 8.557663 -6.660078 -0.443093
v 2.653798 -11.984432 -0.000001
v 0.485529 -2.696507 0.000000
v -6.605200 -6.084496 -0.007813
v 6.603168 -6.081160 -0.006753
v -6.842184 -6.534039 0.004733
v 7.137980 -6.837318 0.041881
v 7.123337 -6.843425 -0.199838
v 7.681396 -6.409970 -0.675161
v 7.688148 -6.416668 0.671579
v -7.679484 -6.408359 -0.673710
v -7.688148 -6.416668 0.671579
v -9.024218 -6.419419 0.234925
v 6.850224 -6.540639 -0.006151
v 0.015202 9.781472 0.000000
v -9.024218 -6.419419 -0.234925
v 7.156098 -6.829370 0.331266
v -7.163992 -6.844492 0.320533
v 8.746775 -5.113115 -0.000000
v -8.746773 -5.113114 -0.000000
v 8.881396 -5.793015 -0.488266
v -8.881395 -5.793015 -0.488266
v -8.881396 -5.793015 0.488265
v 8.881395 -5.793015 0.488265
v -8.994648 -6.665074 -0.000000
v 8.994648 -6.665074 -0.000000
v 8.402107 -7.356275 -0.000000
v -8.402109 -7.356275 -0.000000
v 0.014885 3.949799 -3.035837
v 3.050719 3.947502 0.000000
v 0.015202 4.611254 2.512610
v -2.497407 4.611350 0.000000
v 0.015202 4.611254 -2.512609
v 2.527811 4.611158 0.000001
v 0.015202 5.335647 0.346546
v -0.331344 5.335647 0.000000
v 0.015202 5.335647 -0.346545
v 0.361747 5.335647 0.000000
v 0.015202 5.684437 0.295188
v -0.279986 5.684437 0.000000
v 0.015202 5.684437 -0.295187
v 0.310389 5.684437 0.000000
v 0.015202 6.153624 1.354698
v -1.339496 6.153624 0.000000
v 0.015202 6.153624 -1.354698
v 1.369900 6.153624 0.000000
v 0.015202 8.170840 2.310662
v -2.295459 8.170840 0.000001
v 0.015202 8.170840 -2.310661
v 2.325863 8.170840 0.000001
v -0.000000 -0.085973 1.514153
v -1.514153 -0.085973 -0.000000
v 0.000000 -0.085973 -1.514153
v 1.514153 -0.085973 0.000000
v 0.000000 -2.309091 1.759968
v -1.759968 -2.309091 0.000000
v -0.262134 -3.092286 -2.715376
v 1.759968 -2.309091 -0.000000
v 0.400776 -4.212101 0.000005
v 1.090213 -3.860812 -0.774589
v 1.779660 -3.509520 -0.000005
v 1.090223 -3.860808 0.774589
v 0.790382 -5.921513 0.000008
v 1.933825 -5.530112 -1.217587
v 3.077283 -5.138708 -0.000008
v 1.933841 -5.530107 1.217587
v 0.302899 -3.182387 0.000003
v 0.644827 -3.004877 -0.385262
v 0.986761 -2.827366 -0.000002
v 0.644832 -3.004875 0.385263
v 1.053897 -8.256513 0.000010
v 2.552361 -8.049981 -1.523799
v 4.050845 -7.843447 -0.000011
v 2.552382 -8.049978 1.523798
v 1.158602 -10.781651 0.000009
v 2.629495 -10.745477 -1.472181
v 4.100407 -10.709300 -0.000011
v 2.629514 -10.745477 1.472179
v 2.112345 3.491487 0.000001
v 2.283816 4.218811 -0.752782
v 2.455286 4.946135 0.000001
v 2.283816 4.218811 0.752784
v 3.083621 2.719446 0.000002
v 3.816132 3.823711 -1.376009
v 4.548642 4.927976 0.000001
v 3.816132 3.823712 1.376011
v 4.356592 0.816914 0.000001
v 5.513467 1.639958 -1.476488
v 7.329084 2.634327 0.212790
v 5.513468 1.639959 1.476490
v 5.430763 -1.474826 0.000001
v 6.336994 -1.206366 -0.950738
v 7.243227 -0.937907 0.000000
v 6.336996 -1.206366 0.950739
v 6.211118 -3.095020 0.000001
v 6.807714 -2.932339 -0.618379
v 7.404312 -2.769657 0.000000
v 6.807715 -2.932339 0.618379
v 6.821743 -4.404193 0.000000
v 7.182249 -4.305839 -0.373692
v 7.542755 -4.207483 -0.000000
v 7.182249 -4.305838 0.373692
v 0.400776 -4.212101 0.000005
v 1.090213 -3.860812 -0.774589
v 1.779660 -3.509520 -0.000005
v 1.090223 -3.860808 0.774589
v 0.790382 -5.921513 0.000008
v 1.933825 -5.530112 -1.217587
v 3.077283 -5.138708 -0.000008
v 1.933841 -5.530107 1.217587
v 0.302899 -3.182387 0.000003
v 0.644827 -3.004877 -0.385262
v 0.986761 -2.827366 -0.000002
v 0.644832 -3.004875 0.385263
v 1.053897 -8.256513 0.000010
v 2.552361 -8.049981 -1.523799
v 4.050845 -7.843447 -0.000011
v 2.552382 -8.049978 1.523798
v 1.158602 -10.781651 0.000009
v 2.629495 -10.745477 -1.472181
v 4.100407 -10.709300 -0.000011
v 2.629514 -10.745477 1.472179
v 2.112345 3.491487 0.000001
v 2.283816 4.218812 -0.752782
v 2.455286 4.946136 0.000001
v 2.283816 4.218812 0.752784
v 3.083621 2.719447 0.000002
v 3.816131 3.823712 -1.376009
v 4.548642 4.927977 0.000001
v 3.816132 3.823713 1.376011
v 4.356591 0.816914 0.000002
v 5.513466 1.639959 -1.476488
v 6.386438 2.409928 -0.133922
v 5.513468 1.639959 1.476490
v 5.430763 -1.474825 0.000001
v 6.336994 -1.206366 -0.950738
v 7.243226 -0.937907 -0.000000
v 6.336995 -1.206366 0.950738
v 6.211124 -3.095045 0.000000
v 6.807714 -2.932338 -0.618379
v 7.404303 -2.769632 -0.000000
v 6.807715 -2.932338 0.618379
v 6.844860 -4.385204 0.000000
v 7.179091 -4.294051 -0.346439
v 7.513323 -4.202897 -0.000000
v 7.179092 -4.294051 0.346438
v 6.740762 -5.286473 -0.000209
v 7.400868 -5.110111 -0.671679
v 8.059522 -4.886860 -0.000000
v 7.401088 -5.110408 0.671470
v 6.835578 -6.782155 -0.000279
v 7.010749 -6.843811 -0.187618
v 7.176109 -6.894094 0.000223
v 7.009401 -6.841883 0.181874
v 6.820227 -7.199284 0.000005
v 7.007191 -7.200711 -0.187689
v 7.194165 -7.202138 -0.000006
v 7.007202 -7.200710 0.187688
v 6.829053 -7.565019 0.000005
v 7.008836 -7.564207 -0.179790
v 7.188628 -7.563392 -0.000006
v 7.008846 -7.564206 0.179789
v 7.812896 -7.775808 0.011840
v 7.999117 -7.687586 0.207793
v 8.189085 -7.640842 -0.000001
v 7.998052 -7.688608 -0.205941
v 8.018564 -8.113173 -0.000000
v 8.179453 -8.016720 0.187688
v 8.340340 -7.920269 -0.000001
v 8.179451 -8.016720 -0.187689
v 8.194065 -8.402952 -0.000000
v 8.354576 -8.305674 0.187688
v 8.515087 -8.208395 -0.000001
v 8.354576 -8.305674 -0.187689
v 8.371353 -8.680233 -0.000000
v 8.525108 -8.587049 0.179789
v 8.678864 -8.493864 -0.000001
v 8.890398 -9.171778 0.135579
v 8.779196 -7.384379 -0.000000
v 8.905952 -7.221034 0.197405
v 9.038862 -7.079016 -0.000000
v 8.905951 -7.221034 -0.197406
v 9.024065 -7.591897 -0.000000
v 9.149532 -7.452311 0.187688
v 9.274998 -7.312726 -0.000000
v 9.149530 -7.452312 -0.187689
v 9.264771 -7.808535 -0.000000
v 9.390327 -7.669027 0.187688
v 9.515886 -7.529520 -0.000000
v 9.390329 -7.669027 -0.187689
v 9.504533 -8.013695 -0.000000
v 9.624807 -7.880059 0.179789
v 9.745078 -7.746422 -0.000000
v 9.624807 -7.880058 -0.179789
v 9.175141 -6.456907 -0.000000
v 9.231421 -6.280103 0.209561
v 9.299350 -6.096624 -0.000000
v 9.231422 -6.280102 -0.209561
v 9.441160 -6.596105 -0.000000
v 9.530902 -6.431716 0.188552
v 9.620641 -6.267328 -0.000000
v 9.530901 -6.431716 -0.188553
v 9.735974 -6.760290 -0.000000
v 9.827206 -6.596267 0.187688
v 9.918436 -6.432244 -0.000000
v 9.827205 -6.596267 -0.187689
v 10.031933 -6.924908 -0.000000
v 10.123165 -6.760885 0.187688
v 10.214397 -6.596861 -0.000000
v 10.123165 -6.760884 -0.187689
v 10.323970 -7.078303 -0.000000
v 10.411361 -6.921183 0.179789
v 10.498754 -6.764063 -0.000000
v 10.411361 -6.921183 -0.179790
v 9.485382 -5.961616 -0.000000
v 9.438025 -5.668442 0.284771
v 9.398479 -5.364150 -0.000000
v 9.438025 -5.668442 -0.284771
v 10.076555 -5.939811 -0.000000
v 10.093349 -5.722326 0.217736
v 10.110146 -5.504842 -0.000000
v 10.093350 -5.722327 -0.217736
v 10.484545 -5.927984 -0.000000
v 10.499707 -5.758854 0.169808
v 10.514869 -5.589725 -0.000000
v 10.499706 -5.758854 -0.169808
v 10.817931 -5.918142 -0.000000
v 10.829560 -5.788428 0.130235
v 10.841190 -5.658713 -0.000000
v 10.829560 -5.788428 -0.130235
v 11.110345 -5.909510 -0.000000
v 11.118876 -5.814366 0.095525
v 11.127406 -5.719223 -0.000000
v 11.118876 -5.814367 -0.095525
v 11.369051 -5.899796 -0.000000
v 11.374654 -5.837298 0.062748
v 11.380256 -5.774801 -0.000000
v 12.132670 -5.760622 0.381340
v -0.400776 -4.212101 0.000005
v -1.090223 -3.860808 0.774589
v -1.779660 -3.509520 -0.000005
v -1.090213 -3.860812 -0.774589
v -0.790382 -5.921513 0.000008
v -1.933841 -5.530107 1.217587
v -3.077283 -5.138707 -0.000008
v -1.933825 -5.530113 -1.217587
v -0.302899 -3.182387 0.000003
v -0.644832 -3.004875 0.385263
v -0.986761 -2.827366 -0.000002
v -0.644827 -3.004877 -0.385262
v -1.053897 -8.256513 0.000010
v -2.552381 -8.049978 1.523798
v -4.050845 -7.843446 -0.000011
v -2.552361 -8.049981 -1.523799
v -1.158602 -10.781651 0.000009
v -2.629515 -10.745476 1.472179
v -4.100407 -10.709300 -0.000011
v -2.629495 -10.745477 -1.472181
v -2.112345 3.491487 0.000001
v -2.283816 4.218811 0.752784
v -2.455286 4.946135 0.000001
v -2.283816 4.218811 -0.752782
v -3.083621 2.719446 0.000002
v -3.816132 3.823712 1.376011
v -4.548642 4.927976 0.000001
v -3.816132 3.823711 -1.376009
v -4.356592 0.816914 0.000001
v -5.513468 1.639959 1.476490
v -6.970877 2.428609 -0.228306
v -5.513467 1.639958 -1.476488
v -5.430763 -1.474826 0.000001
v -6.336995 -1.206366 0.950739
v -7.593316 -0.727169 -0.328056
v -6.336995 -1.206366 -0.950738
v -6.211118 -3.095020 0.000001
v -6.807715 -2.932339 0.618380
v -7.404312 -2.769657 0.000000
v -6.807715 -2.932339 -0.618379
v -6.821743 -4.404193 0.000000
v -7.182249 -4.305839 0.373692
v -7.542755 -4.207483 -0.000000
v -7.182249 -4.305838 -0.373692
v -6.740762 -5.286473 -0.000209
v -7.401087 -5.110408 0.671470
v -8.059522 -4.886860 -0.000000
v -7.400868 -5.110111 -0.671679
v -6.828998 -6.778059 0.008537
v -7.019248 -6.845971 -0.194799
v -6.820254 -7.197884 0.001427
v -7.008749 -7.198994 0.190532
v -7.197590 -7.198966 0.001416
v -7.008574 -7.199511 -0.187689
v -6.829053 -7.565019 0.000005
v -7.008846 -7.564207 0.179789
v -7.188628 -7.563392 -0.000006
v -7.008836 -7.564206 -0.179790
v -7.810984 -7.774196 0.013291
v -7.996140 -7.686996 -0.204490
v -8.189086 -7.640842 -0.000001
v -7.999118 -7.687586 0.207793
v -8.018564 -8.113173 -0.000000
v -8.179453 -8.016720 -0.187689
v -8.340340 -7.920269 -0.000001
v -8.179451 -8.016720 0.187688
v -8.194065 -8.402952 -0.000000
v -8.354576 -8.305674 -0.187689
v -8.515087 -8.208395 -0.000001
v -8.354576 -8.305674 0.187688
v -8.371353 -8.680233 -0.000000
v -8.525108 -8.587049 -0.179790
v -8.678864 -8.493864 -0.000001
v -8.525108 -8.587049 0.179789
v -8.779196 -7.384379 -0.000000
v -8.905952 -7.221034 -0.197406
v -9.038862 -7.079016 -0.000000
v -8.905951 -7.221034 0.197406
v -9.024065 -7.591897 -0.000000
v -9.149532 -7.452311 -0.187689
v -9.274998 -7.312726 -0.000000
v -9.149530 -7.452312 0.187688
v -9.264771 -7.808535 -0.000000
v -9.390327 -7.669027 -0.187689
v -9.515886 -7.529520 -0.000000
v -9.390329 -7.669027 0.187688
v -9.504533 -8.013695 -0.000000
v -9.624807 -7.880059 -0.179789
v -9.745078 -7.746422 -0.000000
v -9.624807 -7.880058 0.179789
v -9.175141 -6.456907 -0.000000
v -9.231421 -6.280103 -0.209561
v -9.299350 -6.096624 -0.000000
v -9.231422 -6.280102 0.209561
v -9.441160 -6.596105 -0.000000
v -9.530902 -6.431716 -0.188553
v -9.620641 -6.267328 -0.000000
v -9.530901 -6.431716 0.188552
v -9.735974 -6.760290 -0.000000
v -9.827206 -6.596267 -0.187689
v -9.918436 -6.432244 -0.000000
v -9.827205 -6.596267 0.187688
v -10.031933 -6.924908 -0.000000
v -10.123165 -6.760885 -0.187689
v -10.214397 -6.596861 -0.000000
v -10.123165 -6.760884 0.187688
v -10.323970 -7.078303 -0.000000
v -10.411361 -6.921183 -0.179790
v -10.498754 -6.764063 -0.000000
v -10.411361 -6.921183 0.179789
v -9.485382 -5.961616 -0.000000
v -9.438025 -5.668442 -0.284771
v -9.398479 -5.364150 -0.000000
v -9.438025 -5.668442 0.284771
v -10.076555 -5.939811 -0.000000
v -10.093349 -5.722326 -0.217736
v -10.110146 -5.504842 -0.000000
v -10.093350 -5.722327 0.217736
v -10.484545 -5.927984 -0.000000
v -10.499707 -5.758854 -0.169808
v -10.514869 -5.589725 -0.000000
v -10.499706 -5.758854 0.169808
v -10.817931 -5.918142 -0.000000
v -10.829560 -5.788428 -0.130235
v -10.841190 -5.658713 -0.000000
v -10.829560 -5.788428 0.130235
v -11.110345 -5.909510 -0.000000
v -11.118876 -5.814366 -0.095525
v -11.127406 -5.719223 -0.000000
v -11.118876 -5.814367 0.095525
v -11.369051 -5.899796 -0.000000
v -11.374654 -5.837298 -0.062748
v -11.380256 -5.774801 -0.000000
v -11.374653 -5.837298 0.062748
v 1.361351 9.840371 0.987759
v -1.441767 9.822234 0.849062
v -1.303070 9.101013 -1.859745
v 1.500047 9.119149 -1.721048
v -0.054011 10.118776 1.159780
v -1.678156 9.668089 -0.575967
v 0.115079 9.239510 -2.142624
v 1.739224 9.690199 -0.406877
v 1.689392 8.930964 1.612023
v -1.818063 8.908270 1.438476
v -1.644516 8.005827 -1.950971
v 1.862939 8.028521 -1.777424
v 0.033459 10.116596 -0.607745
v -0.096831 9.109862 2.157135
v -2.390692 8.473332 -0.294346
v 0.141982 7.868031 -2.507013
v 2.435844 8.504560 -0.055532
v 1.363477 10.158347 0.903207
v -1.439640 10.140210 0.764510
v -1.300944 9.418989 -1.944297
v 1.502173 9.437125 -1.805601
v -0.051884 10.436752 1.075227
v -1.676030 9.986065 -0.660520
v 0.117205 9.557486 -2.227176
v 1.741351 10.008175 -0.491429
v 1.691519 9.248940 1.527471
v -1.815937 9.226246 1.353924
v -1.642390 8.323803 -2.035524
v 1.865065 8.346497 -1.861977
v -0.472611 14.934345 -1.685248
v -0.094705 9.427838 2.072583
v -2.388566 8.791308 -0.378898
v 0.144109 8.186007 -2.591565
v 2.437970 8.822536 -0.140084
v -1.506070 6.867164 1.521272
v 0.015202 6.867164 2.091749
v -1.663961 8.150504 1.679164
v 0.015202 8.170840 2.310662
v -0.079733 6.824447 2.345248
v -1.601004 6.824447 1.774771
v -1.758896 8.107787 1.932663
v -0.079733 8.128123 2.564161
v 1.568432 6.853511 1.523700
v 0.047160 6.853511 2.094177
v 1.726323 8.136851 1.681591
v 0.047160 8.157187 2.313089
v 1.654442 6.814810 1.753369
v 0.133170 6.814810 2.323846
v 1.812333 8.098150 1.911260
v 0.133170 8.118486 2.542758
v 1.663340 6.832748 1.767120
v 0.134976 6.832747 2.340257
v 1.821968 8.122070 1.925748
v 0.134976 8.142502 2.560190
v 1.333245 7.233547 2.169039
v 0.779660 7.233547 2.376633
v 1.390702 7.700550 2.226496
v 0.779660 7.707951 2.456294
v 1.259598 7.266685 1.972383
v 0.706014 7.266685 2.179976
v 1.317055 7.733688 2.029840
v 0.706014 7.741089 2.259638
v -0.632633 7.162662 2.350227
v -1.148475 7.162663 2.156785
v -1.202015 7.597826 2.210324
v -0.632633 7.604721 2.424457
v -0.573942 7.189071 2.193506
v -1.089784 7.189071 2.000065
v -1.143323 7.624234 2.053604
v -0.573942 7.631130 2.267736
v 1.861457 -11.880575 -0.863826
v 3.588786 -11.846706 -0.863837
v -1.861457 -11.880575 -0.863826
v -3.588786 -11.846706 -0.863837
v 1.675279 -12.041112 0.000006
v 2.728196 -12.020468 -1.053128
v 3.781127 -11.999823 -0.000008
v -2.728195 -12.020468 -1.053128
v -1.675279 -12.041112 0.000006
v -3.781127 -11.999823 -0.000008
v 1.607819 -11.084512 -1.102444
v 3.810805 -11.030321 -1.102459
v -1.607819 -11.084513 -1.102444
v -3.810805 -11.030321 -1.102459
v -2.734656 -12.349584 -0.000001
v 2.734656 -12.349584 -0.000001
v 1.193903 -11.110156 0.000010
v 2.709613 -11.072879 -1.517036
v 4.225342 -11.035600 -0.000011
v -1.193903 -11.110156 0.000010
v -4.225342 -11.035600 -0.000011
v -2.709612 -11.072879 -1.517036
v 1.833010 -11.901434 3.720730
v 3.560339 -11.867565 3.720718
v -1.889904 -11.901434 3.720730
v -3.617233 -11.867565 3.720718
v 1.646832 -12.061971 4.584562
v 2.718953 -12.759575 4.282940
v 3.752680 -12.020681 4.584548
v -2.756642 -12.041327 3.531428
v -1.703725 -12.061971 4.584562
v -3.809573 -12.020681 4.584548
v 1.579372 -11.105371 3.482112
v 3.782358 -11.051180 3.482097
v -1.636266 -11.105371 3.482112
v -3.839252 -11.051180 3.482097
v -2.763103 -12.370442 4.584555
v 2.706210 -12.370442 4.584555
v 1.165457 -11.131015 4.584565
v 2.681166 -11.093738 3.067520
v 4.196895 -11.056458 4.584545
v -1.222350 -11.131015 4.584565
v -4.253789 -11.056458 4.584545
v -2.994322 -12.417192 4.434629
v -2.714861 11.331074 -0.206284
v -2.338946 11.485220 1.218746
v 2.234034 10.561768 0.840653
v 2.715032 10.375957 -0.464415
v 2.725663 9.731038 1.412632
v -2.937346 10.571255 1.808160
v -3.847960 10.136318 0.075338
v 3.726150 9.272303 -0.163815
vn -0.4324 -0.8870 0.1620
vn -0.4324 -0.8870 -0.1620
vn -0.3267 -0.9372 -0.1221
vn -0.3267 -0.9372 0.1221
vn 0.1626 -0.8858 0.4347
vn -0.1628 -0.8865 0.4331
vn -0.1236 -0.9371 0.3264
vn 0.1217 -0.9369 0.3276
vn 0.7848 -0.5452 -0.2948
vn 0.7848 -0.5452 0.2948
vn 0.9319 -0.0963 0.3496
vn 0.9319 -0.0963 -0.3496
vn -0.2966 -0.5404 -0.7874
vn 0.2937 -0.5430 -0.7867
vn 0.3494 -0.0925 -0.9324
vn -0.3500 -0.0879 -0.9326
vn -0.7893 -0.5382 0.2955
vn -0.7893 -0.5382 -0.2955
vn -0.9330 -0.0840 -0.3498
vn -0.9330 -0.0840 0.3498
vn 0.7690 -0.6285 -0.1169
vn 0.1455 0.1700 -0.9746
vn 0.0386 -0.0356 0.9986
vn 0.6902 -0.4377 0.5762
vn 0.2937 -0.5430 0.7867
vn -0.2966 -0.5404 0.7874
vn -0.3500 -0.0879 0.9326
vn 0.3494 -0.0925 0.9324
vn -0.7883 -0.5711 -0.2290
vn -0.5151 -0.3032 -0.8017
vn -0.4322 -0.5951 -0.6775
vn 0.9346 -0.0607 -0.3505
vn 0.9346 -0.0607 0.3505
vn 0.7899 -0.5368 0.2965
vn 0.7899 -0.5368 -0.2965
vn -0.3507 -0.0535 -0.9349
vn 0.3504 -0.0574 -0.9348
vn 0.2960 -0.5352 -0.7912
vn -0.2977 -0.5330 -0.7920
vn -0.9352 -0.0503 0.3506
vn -0.9352 -0.0503 -0.3506
vn -0.7933 -0.5314 -0.2972
vn -0.7933 -0.5314 0.2972
vn 0.3504 -0.0574 0.9348
vn -0.3507 -0.0535 0.9349
vn -0.2977 -0.5330 0.7920
vn 0.2960 -0.5352 0.7912
vn 0.6876 -0.6787 -0.2580
vn 0.6876 -0.6787 0.2580
vn 0.9009 -0.2723 0.3379
vn 0.9009 -0.2723 -0.3379
vn -0.2584 -0.6779 -0.6882
vn 0.2577 -0.6784 -0.6880
vn 0.3378 -0.2723 -0.9010
vn -0.3379 -0.2722 -0.9010
vn -0.6887 -0.6776 0.2581
vn -0.6887 -0.6776 -0.2581
vn -0.9010 -0.2722 -0.3379
vn -0.9010 -0.2722 0.3379
vn 0.2806 -0.6583 0.6985
vn -0.3030 -0.6378 0.7081
vn -0.3680 -0.3225 0.8721
vn 0.3448 -0.2838 0.8948
vn 0.5844 0.7813 -0.2192
vn 0.5844 0.7813 0.2192
vn 0.4043 0.9020 0.1516
vn 0.4043 0.9020 -0.1516
vn -0.2192 0.7813 -0.5844
vn 0.2192 0.7813 -0.5844
vn 0.1516 0.9020 -0.4043
vn -0.1516 0.9020 -0.4043
vn -0.5844 0.7813 0.2192
vn -0.5844 0.7813 -0.2192
vn -0.4043 0.9020 -0.1516
vn -0.4043 0.9020 0.1516
vn 0.2192 0.7813 0.5844
vn -0.2192 0.7813 0.5844
vn -0.1516 0.9020 0.4043
vn 0.1516 0.9020 0.4043
vn -0.7698 0.4166 0.4837
vn -0.7698 0.4166 -0.4837
vn -0.6834 -0.5469 -0.4837
vn -0.6834 -0.5469 0.4837
vn -0.9391 -0.2237 0.2610
vn 0.1239 0.6518 0.7482
vn 0.5696 -0.3280 0.7536
vn -0.6854 -0.6798 0.2609
vn -0.8628 -0.4388 0.2511
vn 0.0994 0.6817 0.7249
vn 0.7023 0.1323 0.6994
vn -0.5269 -0.8120 0.2511
vn -0.7046 -0.6601 0.2604
vn -0.4987 0.4564 0.7369
vn 0.6305 -0.2571 0.7324
vn -0.2591 -0.9301 0.2604
vn 0.6685 0.1068 0.7360
vn 0.2794 -0.9174 0.2835
vn -0.2877 -0.9148 0.2835
vn -0.7035 0.0147 0.7106
vn 0.9186 0.3590 -0.1654
vn 0.9186 0.3590 0.1654
vn 0.9856 0.0350 0.1654
vn 0.9856 0.0350 -0.1654
vn 0.2431 -0.9341 -0.2614
vn 0.2431 -0.9341 0.2614
vn -0.2796 -0.9239 0.2614
vn -0.2796 -0.9239 -0.2614
vn 0.0950 0.9337 -0.3453
vn 0.0950 0.9337 0.3453
vn 0.7080 0.6162 0.3451
vn 0.7080 0.6162 -0.3451
vn 0.7698 0.4166 -0.4837
vn 0.7698 0.4166 0.4837
vn 0.6834 -0.5469 0.4837
vn 0.6834 -0.5469 -0.4837
vn -0.2419 0.6371 0.7318
vn 0.9391 -0.2237 0.2610
vn 0.6854 -0.6798 0.2609
vn -0.6190 -0.2388 0.7482
vn 0.7367 -0.3861 0.5552
vn 0.5475 -0.2068 0.8109
vn 0.7661 -0.2476 0.5931
vn -0.0935 0.6813 0.7260
vn 0.8628 -0.4388 0.2511
vn 0.5269 -0.8120 0.2511
vn -0.4599 -0.5454 0.7007
vn 0.3056 -0.9018 0.3056
vn -0.3056 -0.9018 0.3056
vn -0.3056 -0.9018 -0.3056
vn 0.3056 -0.9018 -0.3056
vn 0.0808 -0.4191 0.9043
vn 0.4304 -0.2536 0.8663
vn 0.2086 -0.1837 0.9606
vn 0.1920 -0.3916 0.8999
vn -0.4304 -0.2536 0.8663
vn -0.0808 -0.4191 0.9043
vn -0.1920 -0.3916 0.8999
vn -0.2086 -0.1837 0.9606
vn 0.7367 -0.3861 -0.5552
vn 0.7661 -0.2476 -0.5931
vn 0.5475 -0.2068 -0.8109
vn 0.7046 -0.6601 -0.2604
vn 0.7046 -0.6601 0.2604
vn 0.2592 -0.9301 0.2604
vn 0.2591 -0.9301 -0.2604
vn -0.2794 -0.9174 0.2835
vn -0.5725 0.3045 0.7613
vn 0.3539 0.5935 0.7229
vn 0.2877 -0.9148 0.2835
vn 0.5109 -0.3040 -0.8041
vn 0.7893 -0.5701 -0.2281
vn 0.3995 -0.6047 -0.6890
vn -0.2796 -0.8272 0.4874
vn -0.2796 -0.8272 -0.4874
vn 0.6608 -0.5707 -0.4874
vn 0.6608 -0.5707 0.4874
vn -0.9186 0.3590 0.1654
vn -0.9186 0.3590 -0.1654
vn -0.9856 0.0350 -0.1654
vn -0.9856 0.0350 0.1654
vn -0.0808 -0.4191 -0.9043
vn -0.4304 -0.2536 -0.8663
vn -0.2086 -0.1837 -0.9606
vn -0.1920 -0.3916 -0.8999
vn -0.2431 -0.9341 0.2614
vn -0.2431 -0.9341 -0.2614
vn 0.2796 -0.9239 -0.2614
vn 0.2796 -0.9239 0.2614
vn -0.0950 0.9337 0.3453
vn -0.0950 0.9337 -0.3453
vn -0.7080 0.6162 -0.3451
vn -0.7080 0.6162 0.3451
vn 0.4304 -0.2536 -0.8663
vn 0.0808 -0.4191 -0.9043
vn 0.1920 -0.3916 -0.8999
vn 0.2086 -0.1837 -0.9606
vn 0.9590 -0.0640 -0.2762
vn 0.9370 -0.1353 0.3221
vn 0.8605 -0.4917 0.1338
vn 0.8752 -0.4761 -0.0862
vn -0.9586 -0.0628 -0.2777
vn -0.8750 -0.4764 -0.0858
vn -0.8681 -0.4802 0.1258
vn -0.9396 -0.1223 0.3197
vn -0.6578 0.7140 0.2397
vn 0.9802 0.1973 0.0174
vn 0.8711 0.1047 -0.4799
vn 0.8455 -0.5227 -0.1091
vn -0.7602 -0.6492 -0.0257
vn 0.6342 0.6525 0.4148
vn 0.1530 0.9160 -0.3707
vn -0.8754 -0.4749 -0.0905
vn -0.7814 -0.6189 -0.0793
vn -0.7484 -0.6631 0.0149
vn -0.7089 -0.6139 0.3472
vn -0.2185 0.0763 -0.9729
vn -0.7678 -0.6288 -0.1227
vn 0.1596 -0.1590 -0.9743
vn 0.1687 -0.3490 -0.9218
vn -0.1222 -0.4449 -0.8872
vn -0.1373 -0.1991 -0.9703
vn 0.1578 -0.1591 0.9746
vn -0.1636 -0.2215 0.9614
vn -0.0636 -0.3774 0.9239
vn 0.1760 -0.3452 0.9219
vn -0.1584 -0.1600 -0.9743
vn 0.1393 -0.2042 -0.9690
vn 0.1665 -0.4773 -0.8628
vn -0.1556 -0.3540 -0.9222
vn -0.1578 -0.1591 0.9746
vn -0.1760 -0.3452 0.9219
vn 0.0636 -0.3774 0.9239
vn 0.1636 -0.2215 0.9614
vn -0.7367 -0.3861 0.5552
vn -0.7661 -0.2476 0.5931
vn -0.5475 -0.2068 0.8109
vn -0.8456 -0.5245 -0.0996
vn -0.8818 0.0998 -0.4609
vn -0.7468 0.2834 0.6016
vn -0.8360 -0.5272 0.1521
vn 0.2257 0.9477 -0.2257
vn -0.2257 0.9477 -0.2257
vn -0.2257 0.9477 0.2257
vn 0.2257 0.9477 0.2257
vn -0.7367 -0.3861 -0.5552
vn -0.5475 -0.2068 -0.8109
vn -0.7661 -0.2476 -0.5931
vn -0.7650 -0.6035 0.2251
vn -0.7894 -0.6138 -0.0109
vn -0.5463 -0.5685 0.6152
vn -0.5670 -0.4226 0.7070
vn 0.7418 -0.6122 0.2738
vn 0.5740 -0.4276 0.6984
vn 0.5482 -0.5657 0.6160
vn 0.7733 -0.6262 0.0997
vn 0.4381 0.8465 0.3027
vn 0.4381 0.8465 -0.3027
vn 0.2799 0.8791 -0.3858
vn 0.2799 0.8791 0.3858
vn -0.2799 0.8791 -0.3858
vn -0.4381 0.8465 -0.3027
vn -0.4381 0.8465 0.3027
vn -0.2799 0.8791 0.3858
vn 0.5643 -0.1735 -0.8072
vn 0.5962 -0.1833 -0.7816
vn 0.4900 0.0668 -0.8691
vn 0.5015 0.1947 -0.8430
vn -0.5643 -0.1735 -0.8072
vn -0.5015 0.1947 -0.8430
vn -0.4900 0.0668 -0.8691
vn -0.5962 -0.1833 -0.7816
vn -0.5643 -0.1735 0.8072
vn -0.5962 -0.1833 0.7816
vn -0.4900 0.0668 0.8691
vn -0.5015 0.1947 0.8430
vn 0.5643 -0.1735 0.8072
vn 0.5015 0.1947 0.8430
vn 0.4900 0.0668 0.8691
vn 0.5962 -0.1833 0.7816
vn -0.8991 -0.4199 0.1237
vn -0.8991 -0.4199 -0.1237
vn -0.9448 -0.2231 -0.2400
vn -0.9448 -0.2231 0.2400
vn 0.9448 -0.2231 -0.2400
vn 0.8991 -0.4199 -0.1237
vn 0.8991 -0.4199 0.1237
vn 0.9448 -0.2231 0.2400
vn 0.3898 -0.7170 -0.5780
vn 0.0025 -0.8219 -0.5696
vn 0.0025 -0.8219 0.5696
vn 0.3898 -0.7170 0.5780
vn -0.0025 -0.8219 0.5696
vn -0.0025 -0.8219 -0.5696
vn -0.3898 -0.7170 -0.5780
vn -0.3898 -0.7170 0.5780
vn -0.1628 -0.8865 -0.4331
vn 0.1626 -0.8858 -0.4347
vn 0.1217 -0.9369 -0.3276
vn -0.1236 -0.9371 -0.3264
vn 0.4354 -0.8853 -0.1634
vn 0.4354 -0.8853 0.1634
vn 0.3273 -0.9369 0.1232
vn 0.3273 -0.9369 -0.1232
vn 0.1056 0.9537 0.2816
vn -0.1056 0.9537 0.2816
vn -0.1366 0.9211 0.3646
vn 0.1370 0.9209 0.3649
vn -0.2816 0.9537 0.1056
vn -0.2816 0.9537 -0.1056
vn -0.3643 0.9212 -0.1367
vn -0.3643 0.9212 0.1367
vn -0.1056 0.9537 -0.2816
vn 0.1056 0.9537 -0.2816
vn 0.1370 0.9209 -0.3649
vn -0.1366 0.9211 -0.3646
vn 0.2817 0.9537 -0.1056
vn 0.2817 0.9537 0.1056
vn 0.3652 0.9208 0.1369
vn 0.3652 0.9208 -0.1369
vn 0.3138 0.4489 0.8367
vn -0.3138 0.4489 0.8367
vn -0.1436 0.9126 0.3829
vn 0.1436 0.9126 0.3829
vn -0.8367 0.4489 0.3138
vn -0.8367 0.4489 -0.3138
vn -0.3829 0.9126 -0.1436
vn -0.3829 0.9126 0.1436
vn -0.3138 0.4489 -0.8367
vn 0.3138 0.4489 -0.8367
vn 0.1436 0.9126 -0.3829
vn -0.1436 0.9126 -0.3829
vn 0.8367 0.4489 -0.3138
vn 0.8367 0.4489 0.3138
vn 0.3829 0.9126 0.1436
vn 0.3829 0.9126 -0.1436
vn 0.1836 -0.8524 0.4897
vn -0.1836 -0.8524 0.4897
vn -0.3400 -0.2498 0.9066
vn 0.3400 -0.2498 0.9066
vn -0.4897 -0.8524 0.1836
vn -0.4897 -0.8524 -0.1836
vn -0.9066 -0.2498 -0.3400
vn -0.9066 -0.2498 0.3400
vn -0.1836 -0.8524 -0.4897
vn 0.1836 -0.8524 -0.4897
vn 0.3400 -0.2498 -0.9066
vn -0.3400 -0.2498 -0.9066
vn 0.4897 -0.8524 -0.1836
vn 0.4897 -0.8524 0.1836
vn 0.9066 -0.2498 0.3400
vn 0.9066 -0.2498 -0.3400
vn 0.2524 -0.6952 0.6730
vn -0.2524 -0.6952 0.6730
vn -0.1336 -0.9248 0.3563
vn 0.1336 -0.9248 0.3563
vn -0.6730 -0.6952 0.2524
vn -0.6730 -0.6952 -0.2524
vn -0.3563 -0.9248 -0.1336
vn -0.3563 -0.9248 0.1336
vn -0.2524 -0.6952 -0.6730
vn 0.2524 -0.6952 -0.6730
vn 0.1336 -0.9248 -0.3563
vn -0.1336 -0.9248 -0.3563
vn 0.6730 -0.6952 -0.2524
vn 0.6730 -0.6952 0.2524
vn 0.3563 -0.9248 0.1336
vn 0.3563 -0.9248 -0.1336
vn 0.2930 0.4411 0.8483
vn -0.2930 0.4411 0.8483
vn -0.3464 -0.1559 0.9250
vn 0.3464 -0.1559 0.9250
vn -0.8483 0.4411 0.2930
vn -0.8483 0.4411 -0.2930
vn -0.9250 -0.1559 -0.3464
vn -0.9250 -0.1559 0.3464
vn -0.2930 0.4411 -0.8483
vn 0.2930 0.4411 -0.8483
vn 0.3464 -0.1559 -0.9250
vn -0.3464 -0.1559 -0.9250
vn 0.8483 0.4411 -0.2930
vn 0.8483 0.4411 0.2930
vn 0.9250 -0.1559 0.3464
vn 0.9250 -0.1559 -0.3464
vn 0.3465 -0.1622 0.9239
vn -0.3465 -0.1622 0.9239
vn -0.3503 -0.0688 0.9341
vn 0.3503 -0.0688 0.9341
vn -0.9239 -0.1622 0.3465
vn -0.9239 -0.1622 -0.3465
vn -0.9341 -0.0688 -0.3503
vn -0.9341 -0.0688 0.3503
vn -0.3465 -0.1622 -0.9239
vn 0.3465 -0.1622 -0.9239
vn 0.5672 0.4063 -0.7164
vn -0.6091 0.5972 -0.5219
vn 0.9239 -0.1622 -0.3465
vn 0.9239 -0.1622 0.3465
vn 0.9341 -0.0688 0.3503
vn 0.9341 -0.0688 -0.3503
vn 0.3492 0.1756 0.9204
vn -0.3492 0.1756 0.9204
vn -0.3270 -0.1424 0.9342
vn 0.3270 -0.1424 0.9342
vn -0.9204 0.1756 0.3492
vn -0.9204 0.1756 -0.3492
vn -0.9342 -0.1424 -0.3270
vn -0.9342 -0.1424 0.3270
vn -0.8827 0.0287 -0.4690
vn 0.7003 0.1027 -0.7064
vn 0.6068 -0.4223 -0.6734
vn -0.6791 -0.5056 -0.5321
vn 0.9204 0.1756 -0.3492
vn 0.9204 0.1756 0.3492
vn 0.9342 -0.1424 0.3270
vn 0.9342 -0.1424 -0.3270
vn -0.9291 -0.1541 0.3361
vn -0.9291 -0.1541 -0.3361
vn -0.9145 -0.2147 -0.3431
vn -0.9145 -0.2147 0.3431
vn -0.4317 0.1045 -0.8959
vn 0.1653 0.4132 -0.8955
vn 0.2090 0.3584 -0.9099
vn -0.4040 0.0493 -0.9134
vn 0.6625 0.6696 -0.3356
vn 0.6625 0.6696 0.3356
vn 0.7155 0.6106 0.3393
vn 0.7155 0.6106 -0.3394
vn 0.1654 0.4132 0.8955
vn -0.4317 0.1045 0.8959
vn -0.4040 0.0493 0.9134
vn 0.2090 0.3584 0.9099
vn -0.9155 -0.2064 0.3455
vn -0.9155 -0.2064 -0.3455
vn -0.9259 -0.1509 -0.3464
vn -0.9259 -0.1509 0.3464
vn -0.3910 0.0478 -0.9191
vn 0.2369 0.3400 -0.9101
vn 0.2882 0.2603 -0.9215
vn -0.3754 0.0390 -0.9261
vn 0.7474 0.5729 -0.3365
vn 0.7474 0.5729 0.3365
vn 0.8308 0.4392 0.3418
vn 0.8308 0.4392 -0.3418
vn 0.2369 0.3401 0.9101
vn -0.3910 0.0478 0.9191
vn -0.3754 0.0390 0.9261
vn 0.2882 0.2603 0.9215
vn -0.9500 0.1653 0.2649
vn -0.9500 0.1653 -0.2649
vn -0.9488 -0.0116 -0.3157
vn -0.9488 -0.0116 0.3157
vn -0.5042 0.3961 -0.7674
vn -0.0333 0.6400 -0.7677
vn 0.0832 0.5245 -0.8474
vn -0.4771 0.2334 -0.8473
vn 0.4131 0.8712 -0.2653
vn 0.4131 0.8712 0.2653
vn 0.5551 0.7696 0.3158
vn 0.5550 0.7696 -0.3158
vn -0.0333 0.6400 0.7677
vn -0.5042 0.3961 0.7674
vn -0.4771 0.2334 0.8473
vn 0.0832 0.5245 0.8474
vn -0.9358 -0.0646 0.3465
vn -0.9358 -0.0646 -0.3465
vn -0.9373 -0.0173 -0.3482
vn -0.9372 -0.0173 0.3482
vn -0.3613 0.0141 -0.9323
vn 0.3384 0.1129 -0.9342
vn 0.3525 0.0229 -0.9355
vn -0.3543 -0.0028 -0.9351
vn 0.9162 0.1978 -0.3484
vn 0.9163 0.1978 0.3484
vn 0.9358 0.0500 0.3489
vn 0.9358 0.0500 -0.3489
vn 0.3384 0.1129 0.9342
vn -0.3613 0.0141 0.9323
vn -0.3543 -0.0028 0.9351
vn 0.3525 0.0229 0.9355
vn -0.9343 -0.0628 0.3510
vn -0.9343 -0.0628 -0.3510
vn -0.8616 -0.4083 -0.3016
vn -0.8616 -0.4083 0.3016
vn -0.3504 -0.0536 -0.9351
vn 0.3539 -0.0385 -0.9345
vn 0.3101 -0.3824 -0.8704
vn -0.2928 -0.3963 -0.8702
vn 0.9363 -0.0232 -0.3504
vn 0.9363 -0.0232 0.3504
vn 0.8792 -0.3693 0.3011
vn 0.8792 -0.3693 -0.3011
vn 0.3539 -0.0385 0.9345
vn -0.3503 -0.0536 0.9351
vn -0.2928 -0.3963 0.8702
vn 0.3101 -0.3824 0.8704
vn -0.8110 -0.5333 0.2406
vn -0.8110 -0.5333 -0.2406
vn -0.5744 -0.7508 -0.3261
vn -0.5744 -0.7508 0.3261
vn -0.7104 -0.0888 -0.6982
vn -0.5921 0.3825 -0.7093
vn -0.2654 0.4327 -0.8616
vn -0.4544 -0.2039 -0.8671
vn -0.4760 0.8451 -0.2434
vn -0.4760 0.8451 0.2434
vn -0.0952 0.9434 0.3177
vn -0.0952 0.9434 -0.3177
vn -0.5921 0.3825 0.7093
vn -0.7104 -0.0888 0.6982
vn -0.4544 -0.2039 0.8671
vn -0.2654 0.4327 0.8616
vn -0.5878 -0.7369 0.3338
vn -0.5878 -0.7369 -0.3338
vn -0.7178 -0.6107 -0.3344
vn -0.7178 -0.6107 0.3344
vn -0.4156 -0.1725 -0.8931
vn -0.1582 0.4705 -0.8681
vn 0.0990 0.3812 -0.9192
vn -0.3567 -0.1713 -0.9184
vn 0.0540 0.9492 -0.3100
vn 0.0540 0.9492 0.3100
vn 0.4586 0.8231 0.3348
vn 0.4586 0.8231 -0.3348
vn -0.1582 0.4705 0.8681
vn -0.4156 -0.1725 0.8931
vn -0.3567 -0.1713 0.9184
vn 0.0990 0.3812 0.9192
vn -0.8215 -0.4629 0.3329
vn -0.8215 -0.4629 -0.3329
vn -0.8509 -0.4022 -0.3378
vn -0.8509 -0.4022 0.3378
vn -0.2881 -0.2225 -0.9314
vn 0.3718 0.1197 -0.9206
vn 0.4209 -0.0204 -0.9069
vn -0.2727 -0.2524 -0.9284
vn 0.7265 0.4625 -0.5082
vn 0.6566 0.4837 0.5787
vn 0.8111 -0.0322 0.5840
vn 0.8586 0.0313 -0.5117
vn 0.3718 0.1197 0.9206
vn -0.2881 -0.2225 0.9314
vn -0.2727 -0.2524 0.9284
vn 0.4209 -0.0204 0.9069
vn -0.8498 -0.3997 0.3437
vn -0.8498 -0.3997 -0.3437
vn -0.8457 -0.4066 -0.3457
vn -0.8457 -0.4066 0.3457
vn -0.2819 -0.2577 -0.9242
vn 0.3960 -0.0589 -0.9164
vn 0.3811 -0.0716 -0.9217
vn -0.2877 -0.2567 -0.9227
vn 0.9344 0.1161 -0.3367
vn 0.9344 0.1161 0.3367
vn 0.9348 0.0852 0.3447
vn 0.9348 0.0852 -0.3447
vn 0.3960 -0.0589 0.9164
vn -0.2819 -0.2577 0.9242
vn -0.2877 -0.2567 0.9227
vn 0.3811 -0.0716 0.9217
vn -0.8449 -0.4081 0.3459
vn -0.8449 -0.4081 -0.3459
vn -0.2887 -0.2564 -0.9225
vn 0.3788 -0.0743 -0.9225
vn 0.9351 0.0774 -0.3459
vn 0.9351 0.0774 0.3459
vn 0.3788 -0.0743 0.9225
vn -0.2886 -0.2564 0.9225
vn -0.2887 -0.2564 0.9225
vn -0.8557 -0.3835 0.3474
vn -0.8557 -0.3835 -0.3474
vn -0.9215 -0.1685 -0.3498
vn -0.9215 -0.1685 0.3498
vn -0.2971 -0.2312 -0.9264
vn 0.3733 -0.0484 -0.9264
vn 0.3163 0.1690 -0.9335
vn -0.3591 -0.0151 -0.9332
vn 0.9319 0.1038 -0.3474
vn 0.9319 0.1038 0.3474
vn 0.8795 0.3224 0.3501
vn 0.8795 0.3224 -0.3501
vn 0.3733 -0.0484 0.9264
vn -0.2971 -0.2312 0.9264
vn -0.3591 -0.0151 0.9332
vn 0.3163 0.1690 0.9335
vn 0.2397 0.8180 0.5229
vn 0.3345 0.8286 -0.4490
vn 0.9024 0.2586 -0.3447
vn 0.9136 0.1888 0.3600
vn 0.8343 0.3603 0.4174
vn 0.8667 0.3039 -0.3957
vn 0.8627 -0.0218 -0.5052
vn 0.7982 -0.1037 0.5934
vn -0.2886 -0.2564 -0.9225
vn -0.8395 -0.4200 0.3447
vn -0.8395 -0.4200 -0.3447
vn -0.7946 -0.5192 -0.3146
vn -0.7946 -0.5193 0.3146
vn -0.2841 -0.2685 -0.9204
vn 0.3810 -0.0871 -0.9204
vn 0.3803 -0.1988 -0.9032
vn -0.2267 -0.3644 -0.9032
vn 0.9365 0.0644 -0.3447
vn 0.9365 0.0644 0.3447
vn 0.9482 -0.0439 0.3146
vn 0.9482 -0.0439 -0.3146
vn 0.3810 -0.0871 0.9204
vn -0.2841 -0.2685 0.9204
vn -0.2267 -0.3644 0.9032
vn 0.3803 -0.1988 0.9032
vn -0.8723 0.4038 0.2757
vn -0.8722 0.4054 -0.2738
vn -0.8662 0.3863 -0.3170
vn -0.8683 0.3621 0.3390
vn -0.4237 0.5088 -0.7495
vn 0.0690 0.6612 -0.7471
vn 0.0437 0.4926 -0.8691
vn -0.3540 0.3496 -0.8675
vn 0.4954 0.8251 -0.2716
vn 0.4954 0.8251 0.2716
vn 0.3653 0.8628 0.3495
vn 0.3653 0.8628 -0.3495
vn 0.0688 0.6608 0.7474
vn -0.4249 0.5064 0.7503
vn -0.3670 0.3231 0.8723
vn 0.0425 0.4892 0.8711
vn -0.9080 0.1316 0.3978
vn -0.9216 0.1062 -0.3734
vn -0.9394 0.0463 -0.3396
vn -0.9385 0.0487 0.3419
vn -0.3084 0.0864 -0.9473
vn 0.3298 -0.1638 -0.9297
vn 0.3724 0.0011 -0.9281
vn -0.3640 0.0137 -0.9313
vn 0.9778 -0.1552 -0.1411
vn 0.9237 0.1930 0.3310
vn 0.9394 0.0780 0.3340
vn 0.9482 0.0550 -0.3130
vn 0.4679 0.2786 0.8387
vn -0.1169 0.2670 0.9566
vn -0.3513 0.0320 0.9357
vn 0.3798 0.0387 0.9243
vn -0.9381 0.0164 0.3461
vn -0.9381 0.0164 -0.3460
vn -0.9366 -0.0011 -0.3505
vn -0.9365 -0.0011 0.3506
vn -0.3564 0.0018 -0.9343
vn 0.3567 0.0053 -0.9342
vn 0.3517 0.0021 -0.9361
vn -0.3517 -0.0011 -0.9361
vn 0.9381 0.0281 -0.3452
vn 0.9381 0.0281 0.3452
vn 0.9365 0.0074 0.3505
vn 0.9365 0.0074 -0.3506
vn 0.3568 0.0053 0.9342
vn -0.3564 0.0018 0.9343
vn -0.3517 -0.0011 0.9361
vn 0.3517 0.0021 0.9361
vn -0.9350 -0.0466 0.3515
vn -0.9350 -0.0466 -0.3515
vn -0.8804 -0.3629 -0.3054
vn -0.8803 -0.3629 0.3055
vn -0.3513 -0.0440 -0.9352
vn 0.3517 -0.0408 -0.9352
vn -0.0350 -0.6238 -0.7808
vn 0.0269 -0.6153 -0.7878
vn 0.9354 -0.0382 -0.3515
vn 0.9354 -0.0382 0.3515
vn 0.8836 -0.3549 0.3054
vn 0.8836 -0.3549 -0.3055
vn 0.3517 -0.0408 0.9352
vn -0.3513 -0.0440 0.9352
vn -0.3038 -0.3602 0.8820
vn 0.3071 -0.3575 0.8820
vn -0.8054 -0.4918 -0.3308
vn -0.7876 -0.5007 0.3592
vn -0.7033 -0.5576 0.4409
vn -0.8083 -0.5606 -0.1800
vn -0.2599 -0.2390 0.9356
vn 0.3575 0.0787 0.9306
vn 0.3304 -0.2459 0.9112
vn -0.1391 -0.3637 0.9211
vn 0.8673 0.3796 0.3220
vn 0.8673 0.3796 -0.3221
vn 0.9365 -0.1596 -0.3122
vn 0.9365 -0.1596 0.3122
vn 0.3494 0.0809 -0.9335
vn -0.2939 -0.2287 -0.9281
vn -0.2992 -0.3570 -0.8849
vn 0.3128 -0.2439 -0.9180
vn -0.8010 -0.4849 -0.3510
vn -0.8010 -0.4849 0.3510
vn -0.8028 -0.4825 0.3504
vn -0.8028 -0.4825 -0.3504
vn -0.3004 -0.1820 0.9363
vn 0.3003 0.1821 0.9363
vn 0.3007 0.1829 0.9360
vn -0.3012 -0.1819 0.9360
vn 0.8005 0.4858 0.3510
vn 0.8005 0.4858 -0.3510
vn 0.7991 0.4886 -0.3503
vn 0.7991 0.4886 0.3503
vn 0.3003 0.1821 -0.9363
vn -0.3004 -0.1820 -0.9363
vn -0.3012 -0.1819 -0.9360
vn 0.3007 0.1829 -0.9360
vn -0.8007 -0.4853 -0.3511
vn -0.8007 -0.4853 0.3511
vn -0.3003 -0.1820 0.9363
vn 0.3003 0.1820 0.9363
vn 0.8007 0.4853 0.3511
vn 0.8007 0.4853 -0.3511
vn 0.3003 0.1820 -0.9363
vn -0.3003 -0.1820 -0.9363
vn -0.5412 -0.7851 -0.3012
vn -0.5412 -0.7851 0.3012
vn -0.7754 -0.5247 0.3514
vn -0.7754 -0.5247 -0.3514
vn -0.0550 -0.4905 0.8697
vn 0.4602 -0.1782 0.8697
vn 0.3248 0.1421 0.9350
vn -0.2763 -0.2222 0.9350
vn 0.9464 0.1164 0.3012
vn 0.9464 0.1164 -0.3012
vn 0.8239 0.4446 -0.3515
vn 0.8239 0.4446 0.3515
vn -0.4639 0.1793 0.8676
vn 0.0578 0.5052 0.8611
vn 0.1284 -0.2855 -0.9497
vn 0.1941 -0.2450 -0.9499
vn -0.5895 -0.7221 -0.3621
vn -0.5895 -0.7221 0.3621
vn -0.3604 -0.8212 0.4425
vn -0.3604 -0.8212 -0.4425
vn -0.2121 -0.2839 0.9351
vn 0.2862 0.1958 0.9379
vn 0.4247 -0.0858 0.9013
vn -0.0892 -0.3736 0.9233
vn 0.7082 0.6258 0.3268
vn 0.7082 0.6258 -0.3268
vn 0.9537 0.2496 -0.1681
vn 0.9537 0.2496 0.1681
vn 0.2862 0.1958 -0.9379
vn -0.2121 -0.2839 -0.9351
vn -0.0892 -0.3736 -0.9233
vn 0.4247 -0.0858 -0.9013
vn -0.6264 -0.6960 -0.3511
vn -0.6264 -0.6960 0.3511
vn -0.6264 -0.6959 0.3511
vn -0.6264 -0.6959 -0.3511
vn -0.2349 -0.2610 0.9363
vn 0.2349 0.2610 0.9363
vn 0.6264 0.6960 0.3511
vn 0.6264 0.6960 -0.3511
vn 0.6263 0.6960 -0.3511
vn 0.6263 0.6960 0.3511
vn 0.2349 0.2610 -0.9363
vn -0.2349 -0.2610 -0.9363
vn -0.2769 -0.9131 -0.2992
vn -0.2769 -0.9131 0.2992
vn -0.5892 -0.7276 0.3514
vn -0.5892 -0.7276 -0.3514
vn 0.1009 -0.4934 0.8639
vn 0.5012 -0.0486 0.8639
vn 0.2714 0.2285 0.9349
vn -0.1988 -0.2939 0.9349
vn 0.8790 0.3712 0.2992
vn 0.8790 0.3712 -0.2992
vn 0.6617 0.6623 -0.3514
vn 0.6617 0.6623 0.3514
vn 0.5055 -0.1832 -0.8431
vn 0.3571 -0.4661 -0.8095
vn -0.1988 -0.2939 -0.9349
vn 0.2714 0.2285 -0.9349
vn -0.3966 -0.8555 -0.3330
vn -0.3966 -0.8555 0.3330
vn 0.2710 -0.9184 0.2882
vn 0.2710 -0.9184 -0.2882
vn -0.1200 -0.3937 0.9114
vn 0.2345 0.2520 0.9389
vn 0.3597 -0.0197 0.9329
vn 0.1629 -0.4909 0.8559
vn 0.4611 0.8296 0.3148
vn 0.4611 0.8296 -0.3148
vn 0.7999 0.5092 -0.3177
vn 0.7999 0.5092 0.3177
vn 0.2345 0.2520 -0.9389
vn -0.1200 -0.3937 -0.9114
vn 0.1629 -0.4909 -0.8559
vn 0.3597 -0.0197 -0.9329
vn -0.4556 -0.8183 -0.3504
vn -0.4556 -0.8183 0.3504
vn -0.4587 -0.8189 0.3449
vn -0.4587 -0.8189 -0.3449
vn -0.1686 -0.3102 0.9356
vn 0.1744 0.3049 0.9363
vn 0.1964 0.2944 0.9353
vn -0.1579 -0.3334 0.9295
vn 0.4535 0.8198 0.3497
vn 0.4535 0.8198 -0.3497
vn 0.4443 0.8293 -0.3390
vn 0.4443 0.8293 0.3390
vn 0.1744 0.3049 -0.9363
vn -0.1686 -0.3102 -0.9356
vn -0.1579 -0.3334 -0.9295
vn 0.1964 0.2944 -0.9353
vn -0.4551 -0.8183 -0.3511
vn -0.4551 -0.8183 0.3511
vn -0.1707 -0.3069 0.9363
vn 0.1707 0.3068 0.9363
vn 0.1707 0.3069 0.9363
vn 0.4551 0.8183 0.3511
vn 0.4551 0.8183 -0.3511
vn 0.1707 0.3069 -0.9363
vn -0.1707 -0.3069 -0.9363
vn -0.1707 -0.3068 0.9363
vn -0.0819 -0.9500 -0.3013
vn -0.0819 -0.9500 0.3013
vn -0.4137 -0.8399 0.3514
vn -0.4137 -0.8399 -0.3514
vn 0.1945 -0.4530 0.8700
vn 0.4875 0.0737 0.8700
vn 0.2117 0.2844 0.9350
vn -0.1300 -0.3298 0.9350
vn 0.7639 0.5707 0.3013
vn 0.7639 0.5707 -0.3013
vn 0.4953 0.7944 -0.3514
vn 0.4953 0.7944 0.3514
vn 0.5573 -0.3116 -0.7696
vn 0.5585 -0.3092 -0.7697
vn -0.1300 -0.3298 -0.9350
vn 0.2117 0.2844 -0.9350
vn 0.0481 -0.9338 -0.3546
vn 0.0481 -0.9338 0.3546
vn 0.3540 -0.9094 0.2185
vn 0.3540 -0.9094 -0.2185
vn 0.0709 -0.3562 0.9317
vn 0.1298 0.3165 0.9397
vn 0.2326 0.2679 0.9350
vn 0.2446 -0.2967 0.9231
vn 0.1845 0.9208 0.3437
vn 0.1845 0.9208 -0.3437
vn 0.2619 0.9058 -0.3330
vn 0.2619 0.9058 0.3330
vn 0.1298 0.3165 -0.9397
vn 0.0709 -0.3562 -0.9317
vn 0.2446 -0.2967 -0.9231
vn 0.2326 0.2679 -0.9350
vn 0.0261 -0.9364 -0.3499
vn 0.0261 -0.9364 0.3499
vn 0.0189 -0.9343 0.3559
vn 0.0189 -0.9343 -0.3559
vn 0.0760 -0.3573 0.9309
vn 0.1390 0.3375 0.9310
vn 0.1263 0.3349 0.9338
vn 0.0600 -0.3568 0.9322
vn 0.1913 0.9175 0.3488
vn 0.1913 0.9175 -0.3488
vn 0.1809 0.9201 -0.3474
vn 0.1809 0.9201 0.3474
vn 0.1390 0.3375 -0.9310
vn 0.0760 -0.3573 -0.9309
vn 0.0600 -0.3568 -0.9322
vn 0.1263 0.3349 -0.9338
vn 0.0277 -0.9367 -0.3489
vn 0.0277 -0.9367 0.3489
vn 0.0796 -0.3575 0.9305
vn 0.1419 0.3376 0.9305
vn 0.1938 0.9169 0.3489
vn 0.1938 0.9169 -0.3489
vn 0.1419 0.3376 -0.9305
vn 0.0796 -0.3575 -0.9305
vn 0.0276 -0.9367 0.3489
vn 0.1938 0.9169 0.3490
vn 0.1938 0.9169 -0.3490
vn 0.0276 -0.9367 -0.3490
vn 0.0276 -0.9367 0.3490
vn 0.1708 -0.9327 -0.3176
vn 0.1708 -0.9327 0.3176
vn 0.0434 -0.9364 0.3482
vn 0.0434 -0.9364 -0.3482
vn 0.2241 -0.3390 0.9137
vn 0.2808 0.2937 0.9137
vn 0.1574 0.3355 0.9288
vn 0.0952 -0.3581 0.9288
vn 0.3340 0.8874 0.3176
vn 0.3340 0.8875 -0.3176
vn 0.2092 0.9138 -0.3482
vn 0.2092 0.9138 0.3482
vn -0.4132 -0.5182 0.7488
vn -0.3876 0.8207 0.4197
vn 0.3927 0.2896 -0.8729
vn 0.3608 -0.6078 -0.7074
vn 0.9291 -0.1541 -0.3361
vn 0.9291 -0.1541 0.3361
vn 0.9145 -0.2147 0.3431
vn 0.9145 -0.2147 -0.3431
vn 0.4317 0.1045 0.8959
vn -0.1654 0.4132 0.8955
vn -0.2090 0.3584 0.9099
vn 0.4040 0.0493 0.9134
vn -0.6625 0.6696 0.3356
vn -0.6625 0.6696 -0.3356
vn -0.7155 0.6106 -0.3394
vn -0.7155 0.6106 0.3393
vn -0.1653 0.4132 -0.8955
vn 0.4317 0.1045 -0.8959
vn 0.4040 0.0493 -0.9134
vn -0.2090 0.3584 -0.9099
vn 0.9155 -0.2064 -0.3455
vn 0.9155 -0.2064 0.3455
vn 0.9259 -0.1509 0.3464
vn 0.9259 -0.1509 -0.3464
vn 0.3910 0.0478 0.9191
vn -0.2369 0.3401 0.9101
vn -0.2882 0.2603 0.9215
vn 0.3754 0.0390 0.9261
vn -0.7474 0.5729 0.3365
vn -0.7474 0.5729 -0.3365
vn -0.8308 0.4392 -0.3418
vn -0.8308 0.4392 0.3418
vn -0.2369 0.3400 -0.9101
vn 0.3910 0.0478 -0.9191
vn 0.3754 0.0390 -0.9261
vn -0.2882 0.2603 -0.9215
vn 0.9500 0.1653 -0.2649
vn 0.9500 0.1653 0.2649
vn 0.9488 -0.0116 0.3157
vn 0.9488 -0.0116 -0.3157
vn 0.5042 0.3961 0.7674
vn 0.0333 0.6400 0.7677
vn -0.0832 0.5245 0.8474
vn 0.4771 0.2334 0.8473
vn -0.4131 0.8712 0.2653
vn -0.4131 0.8712 -0.2653
vn -0.5551 0.7696 -0.3158
vn -0.5551 0.7696 0.3158
vn 0.0333 0.6400 -0.7677
vn 0.5042 0.3961 -0.7674
vn 0.4771 0.2334 -0.8473
vn -0.0832 0.5245 -0.8474
vn 0.9358 -0.0646 -0.3465
vn 0.9358 -0.0646 0.3465
vn 0.9372 -0.0173 0.3482
vn 0.9373 -0.0173 -0.3482
vn 0.3613 0.0141 0.9323
vn -0.3384 0.1129 0.9342
vn -0.3525 0.0229 0.9355
vn 0.3543 -0.0028 0.9351
vn -0.9163 0.1978 0.3484
vn -0.9162 0.1978 -0.3484
vn -0.9358 0.0500 -0.3489
vn -0.9358 0.0500 0.3489
vn -0.3384 0.1129 -0.9342
vn 0.3613 0.0141 -0.9323
vn 0.3543 -0.0028 -0.9351
vn -0.3525 0.0229 -0.9355
vn 0.9343 -0.0628 -0.3510
vn 0.9343 -0.0628 0.3510
vn 0.8616 -0.4083 0.3016
vn 0.8616 -0.4083 -0.3016
vn 0.3503 -0.0536 0.9351
vn -0.3539 -0.0385 0.9345
vn -0.3101 -0.3824 0.8704
vn 0.2928 -0.3963 0.8702
vn -0.9363 -0.0232 0.3504
vn -0.9363 -0.0232 -0.3504
vn -0.8792 -0.3693 -0.3011
vn -0.8792 -0.3693 0.3011
vn -0.3539 -0.0385 -0.9345
vn 0.3504 -0.0536 -0.9351
vn 0.2928 -0.3963 -0.8702
vn -0.3101 -0.3824 -0.8704
vn 0.8110 -0.5333 -0.2406
vn 0.8110 -0.5333 0.2406
vn 0.5744 -0.7508 0.3261
vn 0.5744 -0.7508 -0.3261
vn 0.7104 -0.0888 0.6982
vn 0.5921 0.3825 0.7093
vn 0.2654 0.4327 0.8616
vn 0.4544 -0.2039 0.8671
vn 0.4760 0.8451 0.2434
vn 0.4760 0.8451 -0.2434
vn 0.0952 0.9434 -0.3177
vn 0.0952 0.9434 0.3177
vn 0.5921 0.3825 -0.7093
vn 0.7104 -0.0888 -0.6982
vn 0.4544 -0.2039 -0.8671
vn 0.2654 0.4327 -0.8616
vn 0.5878 -0.7369 -0.3338
vn 0.5878 -0.7369 0.3338
vn 0.7178 -0.6107 0.3344
vn 0.7178 -0.6107 -0.3344
vn 0.4156 -0.1725 0.8931
vn 0.1582 0.4705 0.8681
vn -0.0990 0.3812 0.9192
vn 0.3567 -0.1713 0.9184
vn -0.0540 0.9492 0.3100
vn -0.0540 0.9492 -0.3100
vn -0.6168 0.7727 -0.1503
vn -0.6029 0.7798 0.1689
vn 0.1582 0.4705 -0.8681
vn 0.4156 -0.1725 -0.8931
vn 0.3567 -0.1713 -0.9184
vn -0.0990 0.3812 -0.9192
vn 0.8215 -0.4629 -0.3329
vn 0.8215 -0.4629 0.3329
vn 0.8509 -0.4022 0.3378
vn 0.8509 -0.4022 -0.3378
vn 0.2881 -0.2225 0.9314
vn -0.3718 0.1197 0.9206
vn -0.4209 -0.0204 0.9069
vn 0.2727 -0.2524 0.9284
vn -0.7976 0.5653 0.2106
vn -0.7717 0.5913 -0.2343
vn -0.9214 0.0297 -0.3875
vn -0.9472 0.0730 0.3122
vn -0.3718 0.1197 -0.9206
vn 0.2881 -0.2225 -0.9314
vn 0.2727 -0.2524 -0.9284
vn -0.4209 -0.0204 -0.9069
vn 0.8498 -0.3997 -0.3437
vn 0.8498 -0.3997 0.3437
vn 0.8457 -0.4066 0.3457
vn 0.8457 -0.4066 -0.3457
vn 0.2819 -0.2577 0.9242
vn -0.3960 -0.0589 0.9164
vn -0.3811 -0.0716 0.9217
vn 0.2877 -0.2567 0.9227
vn -0.8866 0.2302 0.4013
vn -0.7478 0.2646 -0.6089
vn -0.7752 -0.1715 -0.6080
vn -0.8930 -0.0094 0.4500
vn -0.3960 -0.0589 -0.9164
vn 0.2819 -0.2577 -0.9242
vn 0.2877 -0.2567 -0.9227
vn -0.3811 -0.0716 -0.9217
vn 0.8449 -0.4081 -0.3459
vn 0.8449 -0.4081 0.3459
vn 0.2886 -0.2564 0.9225
vn -0.3788 -0.0743 0.9225
vn 0.2887 -0.2564 0.9225
vn -0.9351 0.0774 0.3459
vn -0.9351 0.0774 -0.3459
vn -0.3788 -0.0743 -0.9225
vn 0.2887 -0.2564 -0.9225
vn 0.8557 -0.3835 -0.3474
vn 0.8557 -0.3835 0.3474
vn 0.9215 -0.1685 0.3498
vn 0.9215 -0.1685 -0.3498
vn 0.2971 -0.2312 0.9264
vn -0.3733 -0.0484 0.9264
vn -0.3163 0.1690 0.9335
vn 0.3591 -0.0151 0.9332
vn -0.9319 0.1038 0.3474
vn -0.9319 0.1038 -0.3474
vn -0.8795 0.3224 -0.3501
vn -0.8795 0.3224 0.3501
vn -0.3733 -0.0484 -0.9264
vn 0.2971 -0.2312 -0.9264
vn 0.3591 -0.0151 -0.9332
vn -0.3163 0.1690 -0.9335
vn 0.8722 0.4054 -0.2738
vn 0.8723 0.4038 0.2757
vn 0.8683 0.3621 0.3390
vn 0.8662 0.3863 -0.3170
vn 0.4249 0.5064 0.7503
vn -0.0688 0.6608 0.7474
vn -0.0425 0.4892 0.8711
vn 0.3670 0.3231 0.8723
vn -0.4954 0.8251 0.2716
vn -0.4954 0.8251 -0.2716
vn -0.3653 0.8628 -0.3495
vn -0.3653 0.8628 0.3495
vn -0.0690 0.6612 -0.7471
vn 0.4237 0.5088 -0.7495
vn 0.3540 0.3496 -0.8675
vn -0.0437 0.4926 -0.8691
vn 0.9126 0.0986 -0.3969
vn 0.9986 0.0457 -0.0274
vn 0.9829 -0.1101 0.1479
vn 0.9376 0.0356 -0.3459
vn 0.0771 -0.0914 -0.9928
vn 0.3264 0.0946 -0.9405
vn 0.3739 0.0015 -0.9275
vn -0.1159 -0.2738 -0.9548
vn 0.9400 0.0182 -0.3406
vn 0.9543 -0.0281 0.2976
vn 0.9382 -0.0072 0.3461
vn 0.9372 0.0003 -0.3488
vn 0.2113 -0.1569 0.9647
vn -0.1323 -0.2180 0.9669
vn -0.3379 -0.0264 0.9408
vn 0.3417 -0.0205 0.9396
vn -0.9677 -0.2148 0.1320
vn -0.9659 -0.1550 -0.2076
vn -0.9395 -0.0140 -0.3423
vn -0.9411 -0.0233 0.3372
vn -0.3038 -0.0473 -0.9516
vn 0.3514 0.0033 -0.9362
vn 0.3502 0.0002 -0.9367
vn -0.3470 -0.0044 -0.9379
vn 0.9350 -0.0466 -0.3515
vn 0.9350 -0.0466 0.3515
vn 0.8803 -0.3629 0.3055
vn 0.8804 -0.3629 -0.3054
vn 0.3513 -0.0440 0.9352
vn -0.3517 -0.0408 0.9352
vn -0.3071 -0.3575 0.8820
vn 0.3038 -0.3602 0.8820
vn -0.9354 -0.0382 0.3515
vn -0.9354 -0.0382 -0.3515
vn -0.8836 -0.3549 -0.3055
vn -0.8836 -0.3549 0.3054
vn -0.3517 -0.0408 -0.9352
vn 0.3513 -0.0440 -0.9352
vn 0.3579 -0.3070 -0.8819
vn -0.3266 -0.3383 -0.8825
vn 0.7847 -0.5025 0.3629
vn 0.8046 -0.4948 -0.3283
vn 0.7927 -0.5987 -0.1146
vn 0.6947 -0.5592 0.4525
vn 0.3088 -0.2218 -0.9249
vn -0.3424 0.0827 -0.9359
vn -0.2894 -0.2411 -0.9263
vn 0.3683 -0.3468 -0.8626
vn -0.8673 0.3796 -0.3221
vn -0.8673 0.3796 0.3221
vn -0.9365 -0.1596 0.3122
vn -0.9365 -0.1596 -0.3122
vn -0.3575 0.0787 0.9306
vn 0.2599 -0.2390 0.9356
vn 0.1391 -0.3637 0.9211
vn -0.3304 -0.2459 0.9112
vn 0.8010 -0.4849 0.3510
vn 0.8010 -0.4849 -0.3510
vn 0.8028 -0.4825 -0.3504
vn 0.8028 -0.4825 0.3504
vn 0.3004 -0.1820 -0.9363
vn -0.3003 0.1821 -0.9363
vn -0.3007 0.1829 -0.9360
vn 0.3012 -0.1819 -0.9360
vn -0.8005 0.4858 -0.3510
vn -0.8005 0.4858 0.3510
vn -0.7991 0.4886 0.3503
vn -0.7991 0.4886 -0.3503
vn -0.3003 0.1821 0.9363
vn 0.3004 -0.1820 0.9363
vn 0.3012 -0.1819 0.9360
vn -0.3007 0.1829 0.9360
vn 0.8007 -0.4853 0.3511
vn 0.8007 -0.4853 -0.3511
vn 0.3003 -0.1820 -0.9363
vn -0.3003 0.1820 -0.9363
vn -0.8007 0.4853 -0.3511
vn -0.8007 0.4853 0.3511
vn -0.3003 0.1820 0.9363
vn 0.3003 -0.1820 0.9363
vn 0.5412 -0.7851 0.3012
vn 0.5412 -0.7851 -0.3012
vn 0.7754 -0.5247 -0.3514
vn 0.7754 -0.5247 0.3514
vn 0.0159 -0.4998 -0.8660
vn -0.4527 -0.2083 -0.8670
vn -0.3248 0.1421 -0.9350
vn 0.2763 -0.2222 -0.9350
vn -0.9464 0.1164 -0.3012
vn -0.9464 0.1164 0.3012
vn -0.8239 0.4446 0.3515
vn -0.8239 0.4446 -0.3515
vn -0.4602 -0.1782 0.8697
vn 0.0550 -0.4905 0.8697
vn 0.2763 -0.2222 0.9350
vn -0.3248 0.1421 0.9350
vn 0.5895 -0.7221 0.3621
vn 0.5895 -0.7221 -0.3621
vn 0.3604 -0.8212 -0.4425
vn 0.3604 -0.8212 0.4425
vn 0.2121 -0.2839 -0.9351
vn -0.2862 0.1958 -0.9379
vn -0.4247 -0.0858 -0.9013
vn 0.0892 -0.3736 -0.9233
vn -0.7082 0.6258 -0.3268
vn -0.7082 0.6258 0.3268
vn -0.9537 0.2496 0.1681
vn -0.9537 0.2496 -0.1681
vn -0.2862 0.1958 0.9379
vn 0.2121 -0.2839 0.9351
vn 0.0892 -0.3736 0.9233
vn -0.4247 -0.0858 0.9013
vn 0.6264 -0.6960 0.3511
vn 0.6264 -0.6960 -0.3511
vn 0.6264 -0.6959 -0.3511
vn 0.6264 -0.6959 0.3511
vn 0.2349 -0.2610 -0.9363
vn -0.2349 0.2610 -0.9363
vn -0.6264 0.6960 -0.3511
vn -0.6264 0.6960 0.3511
vn -0.6263 0.6960 0.3511
vn -0.6263 0.6960 -0.3511
vn -0.2349 0.2610 0.9363
vn 0.2349 -0.2610 0.9363
vn 0.2769 -0.9131 0.2992
vn 0.2769 -0.9131 -0.2992
vn 0.5892 -0.7276 -0.3514
vn 0.5891 -0.7276 0.3514
vn -0.5489 -0.4196 -0.7229
vn -0.4765 -0.4937 -0.7275
vn -0.2714 0.2285 -0.9349
vn 0.1988 -0.2939 -0.9349
vn -0.8790 0.3712 -0.2992
vn -0.8790 0.3712 0.2992
vn -0.6617 0.6623 0.3514
vn -0.6617 0.6623 -0.3514
vn -0.5012 -0.0486 0.8639
vn -0.1009 -0.4934 0.8639
vn 0.1988 -0.2939 0.9349
vn -0.2714 0.2285 0.9349
vn 0.3966 -0.8555 0.3330
vn 0.3966 -0.8555 -0.3330
vn -0.2710 -0.9184 -0.2882
vn -0.2710 -0.9184 0.2882
vn 0.1200 -0.3937 -0.9114
vn -0.2345 0.2520 -0.9389
vn -0.3597 -0.0197 -0.9329
vn -0.1628 -0.4909 -0.8559
vn -0.4611 0.8296 -0.3148
vn -0.4611 0.8296 0.3148
vn -0.7999 0.5092 0.3177
vn -0.7999 0.5092 -0.3177
vn -0.2345 0.2520 0.9389
vn 0.1200 -0.3937 0.9114
vn -0.1628 -0.4909 0.8559
vn -0.3597 -0.0197 0.9329
vn 0.4556 -0.8183 0.3504
vn 0.4556 -0.8183 -0.3504
vn 0.4587 -0.8189 -0.3450
vn 0.4587 -0.8189 0.3449
vn 0.1686 -0.3102 -0.9356
vn -0.1744 0.3049 -0.9363
vn -0.1964 0.2944 -0.9353
vn 0.1579 -0.3334 -0.9295
vn -0.4535 0.8198 -0.3497
vn -0.4535 0.8198 0.3497
vn -0.4443 0.8293 0.3390
vn -0.4443 0.8293 -0.3390
vn -0.1744 0.3049 0.9363
vn 0.1686 -0.3102 0.9356
vn 0.1579 -0.3334 0.9295
vn -0.1964 0.2944 0.9353
vn 0.4551 -0.8183 0.3511
vn 0.4551 -0.8183 -0.3511
vn 0.1707 -0.3069 -0.9363
vn -0.1707 0.3068 -0.9363
vn -0.1707 0.3069 -0.9363
vn -0.4551 0.8183 -0.3511
vn -0.4551 0.8183 0.3511
vn -0.1707 0.3069 0.9363
vn 0.1707 -0.3069 0.9363
vn 0.1707 -0.3068 -0.9363
vn 0.0819 -0.9500 0.3013
vn 0.0819 -0.9500 -0.3013
vn 0.4137 -0.8399 -0.3514
vn 0.4137 -0.8399 0.3514
vn -0.5365 -0.3207 -0.7806
vn -0.5552 -0.2845 -0.7815
vn -0.2117 0.2844 -0.9350
vn 0.1300 -0.3298 -0.9350
vn -0.7639 0.5707 -0.3013
vn -0.7639 0.5707 0.3014
vn -0.4953 0.7944 0.3514
vn -0.4953 0.7944 -0.3514
vn -0.4875 0.0737 0.8700
vn -0.1945 -0.4530 0.8700
vn 0.1300 -0.3298 0.9350
vn -0.2117 0.2844 0.9350
vn -0.0481 -0.9338 0.3546
vn -0.0481 -0.9338 -0.3546
vn -0.3540 -0.9094 -0.2185
vn -0.3540 -0.9094 0.2185
vn -0.0709 -0.3562 -0.9317
vn -0.1298 0.3165 -0.9397
vn -0.2326 0.2679 -0.9350
vn -0.2446 -0.2967 -0.9231
vn -0.1845 0.9208 -0.3437
vn -0.1845 0.9208 0.3437
vn -0.2619 0.9058 0.3330
vn -0.2619 0.9058 -0.3330
vn -0.1298 0.3165 0.9397
vn -0.0709 -0.3562 0.9317
vn -0.2446 -0.2967 0.9231
vn -0.2326 0.2679 0.9350
vn -0.0261 -0.9364 0.3499
vn -0.0261 -0.9364 -0.3499
vn -0.0189 -0.9343 -0.3559
vn -0.0189 -0.9343 0.3559
vn -0.0760 -0.3573 -0.9309
vn -0.1390 0.3375 -0.9310
vn -0.1263 0.3349 -0.9338
vn -0.0600 -0.3568 -0.9322
vn -0.1913 0.9175 -0.3488
vn -0.1913 0.9175 0.3488
vn -0.1809 0.9201 0.3474
vn -0.1809 0.9201 -0.3474
vn -0.1390 0.3375 0.9310
vn -0.0760 -0.3573 0.9309
vn -0.0600 -0.3568 0.9322
vn -0.1263 0.3349 0.9338
vn -0.0277 -0.9367 0.3489
vn -0.0277 -0.9367 -0.3489
vn -0.0796 -0.3575 -0.9305
vn -0.1419 0.3376 -0.9305
vn -0.1938 0.9169 -0.3489
vn -0.1938 0.9169 0.3489
vn -0.1419 0.3376 0.9305
vn -0.0796 -0.3575 0.9305
vn -0.0276 -0.9367 -0.3489
vn -0.1938 0.9169 -0.3490
vn -0.1938 0.9169 0.3490
vn -0.0276 -0.9367 0.3490
vn -0.0276 -0.9367 -0.3490
vn -0.4512 0.4030 -0.7962
vn -0.3909 -0.6727 -0.6282
vn -0.1708 -0.9327 0.3176
vn -0.1708 -0.9327 -0.3176
vn -0.0434 -0.9364 -0.3482
vn -0.0434 -0.9364 0.3482
vn -0.2241 -0.3390 -0.9137
vn -0.2808 0.2937 -0.9137
vn 0.4132 -0.7425 0.5272
vn 0.3308 0.9226 0.1985
vn -0.3340 0.8875 -0.3176
vn -0.3340 0.8875 0.3176
vn -0.2092 0.9138 0.3482
vn -0.2092 0.9138 -0.3482
vn -0.2808 0.2937 0.9137
vn -0.2241 -0.3390 0.9137
vn -0.0952 -0.3581 0.9288
vn -0.1574 0.3355 0.9288
vn -0.2427 -0.8593 0.4502
vn 0.2081 -0.8564 0.4725
vn 0.2304 -0.9724 0.0369
vn -0.2204 -0.9753 0.0146
vn -0.2535 -0.6462 -0.7198
vn 0.3317 -0.6424 -0.6909
vn 0.8588 -0.4961 -0.1275
vn 0.8299 -0.3455 0.4380
vn 0.2478 -0.2064 0.9466
vn -0.3374 -0.2102 0.9176
vn -0.8645 -0.3565 0.3542
vn -0.8356 -0.5071 -0.2113
vn 0.6716 0.2565 -0.6951
vn -0.6343 0.1310 -0.7619
vn -0.7128 0.4278 0.5558
vn 0.6219 0.5442 0.5630
vn 0.2535 0.6462 0.7198
vn -0.3317 0.6424 0.6909
vn 0.7517 0.6187 -0.2284
vn -0.8299 0.3455 -0.4380
vn -0.2478 0.2064 -0.9466
vn 0.3374 0.2102 -0.9176
vn 0.8645 0.3565 -0.3542
vn 0.0800 -0.2174 -0.9728
vn -0.3978 0.2383 0.8860
vn 0.9174 0.0965 0.3860
vn -0.3053 -0.2428 -0.9208
vn -0.9174 -0.0965 -0.3860
vn 0.3053 0.2428 0.9208
vn 0.9522 -0.0844 -0.2935
vn 0.3978 -0.2383 -0.8860
vn -0.9522 0.0844 0.2935
vn 0.3464 0.1559 -0.9250
vn -0.0654 0.9877 0.1420
vn 0.0547 -0.9878 -0.1460
vn 0.9381 -0.0574 0.3416
vn -0.9302 -0.0701 -0.3602
vn -0.3464 0.1559 -0.9250
vn -0.9381 -0.0574 0.3416
vn -0.0547 -0.9878 -0.1460
vn 0.0654 0.9877 0.1420
vn 0.9302 -0.0701 -0.3602
vn 0.9381 0.0574 -0.3416
vn 0.0547 0.9878 0.1460
vn -0.0654 -0.9877 -0.1420
vn -0.9302 0.0701 0.3602
vn -0.9381 0.0574 -0.3416
vn 0.9302 0.0701 0.3602
vn 0.0654 -0.9877 -0.1420
vn -0.0547 0.9878 0.1460
vn -0.2431 0.9341 0.2614
vn 0.2796 0.9239 0.2614
vn 0.8616 0.4083 0.3016
vn -0.3101 0.3824 0.8704
vn 0.2928 0.3963 0.8702
vn -0.8792 0.3693 0.3011
vn -0.8616 0.4083 0.3016
vn 0.8792 0.3693 0.3011
vn -0.2928 0.3963 0.8702
vn 0.3101 0.3824 0.8704
vn 0.1799 -0.5071 -0.8429
vn -0.1572 -0.5159 -0.8421
vn -0.5926 0.6872 -0.4203
vn 0.6753 0.7373 -0.0216
vn -0.2796 0.9601 0.0026
vn -0.9082 0.4184 -0.0037
vn 0.3170 0.9484 0.0063
vn -0.5594 -0.8198 -0.1228
vn -0.0006 -1.0000 -0.0046
vn -0.8883 0.4593 -0.0034
vn -0.6547 0.7559 -0.0006
vn 0.0506 -0.9987 -0.0042
vn -0.0490 -0.9988 -0.0048
vn 0.4826 0.8732 0.0687
vn 0.8883 0.4593 0.0076
vn 0.0006 -1.0000 -0.0045
vn -0.5197 0.8520 0.0633
vn 0.0402 -0.9992 -0.0043
vn 0.9082 0.4184 0.0075
vn 0.6023 0.7982 0.0074
vn 0.4474 -0.8885 -0.1018
vn 0.0089 -1.0000 -0.0045
vn -0.7256 0.6665 0.1713
vn 0.7188 0.6587 0.2222
vn -0.5784 -0.6977 0.4227
vn -0.3193 0.0234 -0.9473
vn -0.1573 0.5080 0.8468
vn -0.3791 0.8958 -0.2321
vn 0.3593 -0.8330 0.4208
vn 0.5971 0.1850 0.7805
s 0
usemtl Material
f 22//1 648//1 1271//1 647//1
f 648//2 23//2 649//2 1271//2
f 1271//3 649//3 19//3 640//3
f 647//4 1271//4 640//4 18//4
f 21//5 646//5 1272//5 645//5
f 646//6 22//6 647//6 1272//6
f 1272//7 647//7 18//7 638//7
f 645//8 1272//8 638//8 17//8
f 20//9 644//9 1273//9 643//9
f 644//10 17//10 637//10 1273//10
f 1273//11 637//11 13//11 636//11
f 643//12 1273//12 636//12 16//12
f 19//13 642//13 1274//13 641//13
f 642//14 20//14 643//14 1274//14
f 1274//15 643//15 16//15 634//15
f 641//16 1274//16 634//16 15//16
f 18//17 640//17 1275//17 639//17
f 640//18 19//18 641//18 1275//18
f 1275//19 641//19 15//19 632//19
f 639//20 1275//20 632//20 14//20
f 17//25 638//25 1277//25 637//25
f 638//26 18//26 639//26 1277//26
f 1277//27 639//27 14//27 630//27
f 637//28 1277//28 630//28 13//28
f 16//32 636//32 1279//32 635//32
f 636//33 13//33 629//33 1279//33
f 1279//34 629//34 9//34 628//34
f 635//35 1279//35 628//35 12//35
f 15//36 634//36 1280//36 633//36
f 634//37 16//37 635//37 1280//37
f 1280//38 635//38 12//38 626//38
f 633//39 1280//39 626//39 11//39
f 14//40 632//40 1281//40 631//40
f 632//41 15//41 633//41 1281//41
f 1281//42 633//42 11//42 624//42
f 631//43 1281//43 624//43 10//43
f 13//44 630//44 1282//44 629//44
f 630//45 14//45 631//45 1282//45
f 1282//46 631//46 10//46 622//46
f 629//47 1282//47 622//47 9//47
f 12//48 628//48 1283//48 627//48
f 628//49 9//49 621//49 1283//49
f 1283//50 621//50 5//50 619//50
f 627//51 1283//51 619//51 8//51
f 11//52 626//52 1284//52 625//52
f 626//53 12//53 627//53 1284//53
f 1284//54 627//54 8//54 616//54
f 625//55 1284//55 616//55 7//55
f 10//56 624//56 1285//56 623//56
f 624//57 11//57 625//57 1285//57
f 1285//58 625//58 7//58 613//58
f 623//59 1285//59 613//59 6//59
f 9//60 622//60 1286//60 621//60
f 622//61 10//61 623//61 1286//61
f 1286//62 623//62 6//62 610//62
f 621//63 1286//63 610//63 5//63
f 8//64 619//64 1287//64 617//64
f 619//65 5//65 609//65 1287//65
f 1287//66 609//66 1//66 620//66
f 617//67 1287//67 620//67 4//67
f 7//68 616//68 1288//68 614//68
f 616//69 8//69 617//69 1288//69
f 1288//70 617//70 4//70 618//70
f 614//71 1288//71 618//71 3//71
f 6//72 613//72 1289//72 611//72
f 613//73 7//73 614//73 1289//73
f 1289//74 614//74 3//74 615//74
f 611//75 1289//75 615//75 2//75
f 5//76 610//76 1290//76 609//76
f 610//77 6//77 611//77 1290//77
f 1290//78 611//78 2//78 612//78
f 609//79 1290//79 612//79 1//79
f 159//104 582//104 1297//104 581//104
f 582//105 160//105 583//105 1297//105
f 1297//106 583//106 161//106 584//106
f 581//107 1297//107 584//107 162//107
f 158//108 578//108 1298//108 577//108
f 578//109 157//109 579//109 1298//109
f 1298//110 579//110 156//110 580//110
f 577//111 1298//111 580//111 155//111
f 45//127 505//127 1303//127 509//127
f 505//128 46//128 501//128 1303//128
f 1303//129 501//129 47//129 441//129
f 509//130 1303//130 441//130 48//130
f 89//165 546//165 1313//165 545//165
f 546//166 90//166 547//166 1313//166
f 1313//167 547//167 91//167 548//167
f 545//168 1313//168 548//168 92//168
f 88//169 542//169 1314//169 541//169
f 542//170 87//170 543//170 1314//170
f 1314//171 543//171 86//171 544//171
f 541//172 1314//172 544//172 85//172
f 61//165 484//165 1317//165 507//165
f 484//166 62//166 535//166 1317//166
f 1317//167 535//167 63//167 536//167
f 507//168 1317//168 536//168 64//168
f 60//169 527//169 1318//169 530//169
f 527//170 59//170 526//170 1318//170
f 1318//171 526//171 58//171 521//171
f 530//172 1318//172 521//172 57//172
f 40//221 524//221 1330//221 534//221
f 524//222 39//222 518//222 1330//222
f 1330//223 518//223 38//223 517//223
f 534//224 1330//224 517//224 37//224
f 23//276 650//276 1344//276 649//276
f 650//277 24//277 651//277 1344//277
f 1344//278 651//278 20//278 642//278
f 649//279 1344//279 642//279 19//279
f 24//280 652//280 1345//280 651//280
f 652//281 21//281 645//281 1345//281
f 1345//282 645//282 17//282 644//282
f 651//283 1345//283 644//283 20//283
f 25//284 654//284 1346//284 653//284
f 654//285 26//285 655//285 1346//285
f 1346//286 655//286 22//286 646//286
f 653//287 1346//287 646//287 21//287
f 26//288 656//288 1347//288 655//288
f 656//289 27//289 657//289 1347//289
f 1347//290 657//290 23//290 648//290
f 655//291 1347//291 648//291 22//291
f 27//292 658//292 1348//292 657//292
f 658//293 28//293 659//293 1348//293
f 1348//294 659//294 24//294 650//294
f 657//295 1348//295 650//295 23//295
f 28//296 660//296 1349//296 659//296
f 660//297 25//297 653//297 1349//297
f 1349//298 653//298 21//298 652//298
f 659//299 1349//299 652//299 24//299
f 217//300 662//300 1350//300 661//300
f 662//301 218//301 663//301 1350//301
f 1350//302 663//302 26//302 654//302
f 661//303 1350//303 654//303 25//303
f 218//304 664//304 1351//304 663//304
f 664//305 219//305 665//305 1351//305
f 1351//306 665//306 27//306 656//306
f 663//307 1351//307 656//307 26//307
f 219//308 666//308 1352//308 665//308
f 666//309 220//309 667//309 1352//309
f 1352//310 667//310 28//310 658//310
f 665//311 1352//311 658//311 27//311
f 220//312 668//312 1353//312 667//312
f 668//313 217//313 661//313 1353//313
f 1353//314 661//314 25//314 660//314
f 667//315 1353//315 660//315 28//315
f 29//316 670//316 1354//316 669//316
f 670//317 30//317 671//317 1354//317
f 1354//318 671//318 218//318 662//318
f 669//319 1354//319 662//319 217//319
f 30//320 672//320 1355//320 671//320
f 672//321 31//321 673//321 1355//321
f 1355//322 673//322 219//322 664//322
f 671//323 1355//323 664//323 218//323
f 31//324 674//324 1356//324 673//324
f 674//325 32//325 675//325 1356//325
f 1356//326 675//326 220//326 666//326
f 673//327 1356//327 666//327 219//327
f 32//328 676//328 1357//328 675//328
f 676//329 29//329 669//329 1357//329
f 1357//330 669//330 217//330 668//330
f 675//331 1357//331 668//331 220//331
f 33//332 678//332 1358//332 677//332
f 678//333 34//333 679//333 1358//333
f 1358//334 679//334 30//334 670//334
f 677//335 1358//335 670//335 29//335
f 34//336 680//336 1359//336 679//336
f 680//337 35//337 681//337 1359//337
f 1359//338 681//338 31//338 672//338
f 679//339 1359//339 672//339 30//339
f 35//340 682//340 1360//340 681//340
f 682//341 36//341 683//341 1360//341
f 1360//342 683//342 32//342 674//342
f 681//343 1360//343 674//343 31//343
f 36//344 684//344 1361//344 683//344
f 684//345 33//345 677//345 1361//345
f 1361//346 677//346 29//346 676//346
f 683//347 1361//347 676//347 32//347
f 37//348 517//348 1362//348 685//348
f 517//349 38//349 686//349 1362//349
f 1362//350 686//350 34//350 678//350
f 685//351 1362//351 678//351 33//351
f 38//352 518//352 1363//352 686//352
f 518//353 39//353 687//353 1363//353
f 1363//354 687//354 35//354 680//354
f 686//355 1363//355 680//355 34//355
f 39//356 524//356 1364//356 687//356
f 524//357 40//357 688//357 1364//357
f 1364//358 688//358 36//358 682//358
f 687//359 1364//359 682//359 35//359
f 40//360 534//360 1365//360 688//360
f 534//361 37//361 685//361 1365//361
f 1365//362 685//362 33//362 684//362
f 688//363 1365//363 684//363 36//363
f 1//364 612//364 1366//364 689//364
f 612//365 2//365 690//365 1366//365
f 1366//366 690//366 42//366 691//366
f 689//367 1366//367 691//367 41//367
f 2//368 615//368 1367//368 690//368
f 615//369 3//369 692//369 1367//369
f 1367//370 692//370 43//370 693//370
f 690//371 1367//371 693//371 42//371
f 3//372 618//372 1368//372 692//372
f 618//373 4//373 694//373 1368//373
f 1368//374 694//374 44//374 695//374
f 692//375 1368//375 695//375 43//375
f 4//376 620//376 1369//376 694//376
f 620//377 1//377 689//377 1369//377
f 1369//378 689//378 41//378 696//378
f 694//379 1369//379 696//379 44//379
f 41//380 691//380 1370//380 697//380
f 691//381 42//381 698//381 1370//381
f 1370//382 698//382 46//382 505//382
f 697//383 1370//383 505//383 45//383
f 42//384 693//384 1371//384 698//384
f 693//385 43//385 699//385 1371//385
f 1371//386 699//386 47//386 501//386
f 698//387 1371//387 501//387 46//387
f 43//388 695//388 1372//388 699//388
f 695//389 44//389 700//389 1372//389
f 1372//390 700//390 48//390 441//390
f 699//391 1372//391 441//391 47//391
f 44//392 696//392 1373//392 700//392
f 696//393 41//393 697//393 1373//393
f 1373//394 697//394 45//394 509//394
f 700//395 1373//395 509//395 48//395
f 49//396 702//396 1374//396 701//396
f 702//397 50//397 703//397 1374//397
f 1374//398 703//398 222//398 704//398
f 701//399 1374//399 704//399 221//399
f 50//400 705//400 1375//400 703//400
f 705//401 51//401 706//401 1375//401
f 1375//402 706//402 223//402 707//402
f 703//403 1375//403 707//403 222//403
f 51//404 708//404 1376//404 706//404
f 708//405 52//405 709//405 1376//405
f 1376//406 709//406 224//406 710//406
f 706//407 1376//407 710//407 223//407
f 52//408 711//408 1377//408 709//408
f 711//409 49//409 701//409 1377//409
f 1377//410 701//410 221//410 712//410
f 709//411 1377//411 712//411 224//411
f 221//412 704//412 1378//412 713//412
f 704//413 222//413 714//413 1378//413
f 1378//414 714//414 54//414 715//414
f 713//415 1378//415 715//415 53//415
f 222//416 707//416 1379//416 714//416
f 707//417 223//417 716//417 1379//417
f 1379//418 716//418 55//418 717//418
f 714//419 1379//419 717//419 54//419
f 223//420 710//420 1380//420 716//420
f 710//421 224//421 718//421 1380//421
f 1380//422 718//422 56//422 719//422
f 716//423 1380//423 719//423 55//423
f 224//424 712//424 1381//424 718//424
f 712//425 221//425 713//425 1381//425
f 1381//426 713//426 53//426 720//426
f 718//427 1381//427 720//427 56//427
f 57//428 521//428 1382//428 721//428
f 521//429 58//429 722//429 1382//429
f 1382//430 722//430 50//430 702//430
f 721//431 1382//431 702//431 49//431
f 58//432 526//432 1383//432 722//432
f 526//433 59//433 723//433 1383//433
f 1383//434 723//434 51//434 705//434
f 722//435 1383//435 705//435 50//435
f 59//436 527//436 1384//436 723//436
f 527//437 60//437 724//437 1384//437
f 1384//438 724//438 52//438 708//438
f 723//439 1384//439 708//439 51//439
f 60//440 530//440 1385//440 724//440
f 530//441 57//441 721//441 1385//441
f 1385//442 721//442 49//442 711//442
f 724//443 1385//443 711//443 52//443
f 53//444 715//444 1386//444 725//444
f 715//445 54//445 726//445 1386//445
f 1386//446 726//446 226//446 727//446
f 725//447 1386//447 727//447 225//447
f 54//448 717//448 1387//448 726//448
f 717//449 55//449 728//449 1387//449
f 1387//450 728//450 227//450 729//450
f 726//451 1387//451 729//451 226//451
f 55//452 719//452 1388//452 728//452
f 719//453 56//453 730//453 1388//453
f 1388//454 730//454 228//454 731//454
f 728//455 1388//455 731//455 227//455
f 56//456 720//456 1389//456 730//456
f 720//457 53//457 725//457 1389//457
f 1389//458 725//458 225//458 732//458
f 730//459 1389//459 732//459 228//459
f 225//460 727//460 1390//460 733//460
f 727//461 226//461 734//461 1390//461
f 1390//462 734//462 62//462 484//462
f 733//463 1390//463 484//463 61//463
f 226//464 729//464 1391//464 734//464
f 729//465 227//465 735//465 1391//465
f 1391//466 735//466 63//466 535//466
f 734//467 1391//467 535//467 62//467
f 227//468 731//468 1392//468 735//468
f 731//469 228//469 736//469 1392//469
f 1392//470 736//470 64//470 536//470
f 735//471 1392//471 536//471 63//471
f 228//472 732//472 1393//472 736//472
f 732//473 225//473 733//473 1393//473
f 1393//474 733//474 61//474 507//474
f 736//475 1393//475 507//475 64//475
f 77//396 786//396 1418//396 785//396
f 786//397 78//397 787//397 1418//397
f 1418//398 787//398 246//398 788//398
f 785//399 1418//399 788//399 245//399
f 78//400 789//400 1419//400 787//400
f 789//401 79//401 790//401 1419//401
f 1419//402 790//402 247//402 791//402
f 787//403 1419//403 791//403 246//403
f 79//404 792//404 1420//404 790//404
f 792//405 80//405 793//405 1420//405
f 1420//406 793//406 248//406 794//406
f 790//407 1420//407 794//407 247//407
f 80//408 795//408 1421//408 793//408
f 795//409 77//409 785//409 1421//409
f 1421//410 785//410 245//410 796//410
f 793//411 1421//411 796//411 248//411
f 245//412 788//412 1422//412 797//412
f 788//413 246//413 798//413 1422//413
f 1422//414 798//414 82//414 799//414
f 797//415 1422//415 799//415 81//415
f 246//416 791//416 1423//416 798//416
f 791//417 247//417 800//417 1423//417
f 1423//418 800//418 83//418 801//418
f 798//419 1423//419 801//419 82//419
f 247//420 794//420 1424//420 800//420
f 794//421 248//421 802//421 1424//421
f 1424//422 802//422 84//422 803//422
f 800//423 1424//423 803//423 83//423
f 248//424 796//424 1425//424 802//424
f 796//425 245//425 797//425 1425//425
f 1425//426 797//426 81//426 804//426
f 802//427 1425//427 804//427 84//427
f 85//428 544//428 1426//428 805//428
f 544//429 86//429 806//429 1426//429
f 1426//430 806//430 78//430 786//430
f 805//431 1426//431 786//431 77//431
f 86//432 543//432 1427//432 806//432
f 543//433 87//433 807//433 1427//433
f 1427//434 807//434 79//434 789//434
f 806//435 1427//435 789//435 78//435
f 87//436 542//436 1428//436 807//436
f 542//437 88//437 808//437 1428//437
f 1428//438 808//438 80//438 792//438
f 807//439 1428//439 792//439 79//439
f 88//440 541//440 1429//440 808//440
f 541//441 85//441 805//441 1429//441
f 1429//442 805//442 77//442 795//442
f 808//443 1429//443 795//443 80//443
f 81//444 799//444 1430//444 809//444
f 799//445 82//445 810//445 1430//445
f 1430//446 810//446 250//446 811//446
f 809//447 1430//447 811//447 249//447
f 82//448 801//448 1431//448 810//448
f 801//449 83//449 812//449 1431//449
f 1431//450 812//450 251//450 813//450
f 810//451 1431//451 813//451 250//451
f 83//452 803//452 1432//452 812//452
f 803//453 84//453 814//453 1432//453
f 1432//454 814//454 252//454 815//454
f 812//455 1432//455 815//455 251//455
f 84//456 804//456 1433//456 814//456
f 804//457 81//457 809//457 1433//457
f 1433//458 809//458 249//458 816//458
f 814//459 1433//459 816//459 252//459
f 249//460 811//460 1434//460 817//460
f 811//461 250//461 818//461 1434//461
f 1434//462 818//462 90//462 546//462
f 817//463 1434//463 546//463 89//463
f 250//464 813//464 1435//464 818//464
f 813//465 251//465 819//465 1435//465
f 1435//466 819//466 91//466 547//466
f 818//467 1435//467 547//467 90//467
f 251//468 815//468 1436//468 819//468
f 815//469 252//469 820//469 1436//469
f 1436//470 820//470 92//470 548//470
f 819//471 1436//471 548//471 91//471
f 252//472 816//472 1437//472 820//472
f 816//473 249//473 817//473 1437//473
f 1437//474 817//474 89//474 545//474
f 820//475 1437//475 545//475 92//475
f 147//873 1027//873 1554//873 1026//873
f 1027//874 148//874 1028//874 1554//874
f 1554//875 1028//875 338//875 1029//875
f 1026//876 1554//876 1029//876 337//876
f 148//877 1030//877 1555//877 1028//877
f 1030//878 149//878 1031//878 1555//878
f 1555//879 1031//879 339//879 1032//879
f 1028//880 1555//880 1032//880 338//880
f 149//881 1033//881 1556//881 1031//881
f 1033//882 150//882 1034//882 1556//882
f 1556//883 1034//883 340//883 1035//883
f 1031//884 1556//884 1035//884 339//884
f 150//885 1036//885 1557//885 1034//885
f 1036//886 147//886 1026//886 1557//886
f 1557//887 1026//887 337//887 1037//887
f 1034//888 1557//888 1037//888 340//888
f 337//889 1029//889 1558//889 1038//889
f 1029//890 338//890 1039//890 1558//890
f 1558//891 1039//891 152//891 1040//891
f 1038//892 1558//892 1040//892 151//892
f 338//893 1032//893 1559//893 1039//893
f 1032//894 339//894 1041//894 1559//894
f 1559//895 1041//895 153//895 1042//895
f 1039//896 1559//896 1042//896 152//896
f 339//897 1035//897 1560//897 1041//897
f 1035//898 340//898 1043//898 1560//898
f 1560//899 1043//899 154//899 1044//899
f 1041//900 1560//900 1044//900 153//900
f 340//901 1037//901 1561//901 1043//901
f 1037//902 337//902 1038//902 1561//902
f 1561//903 1038//903 151//903 1045//903
f 1043//904 1561//904 1045//904 154//904
f 155//905 580//905 1562//905 1046//905
f 580//906 156//906 1047//906 1562//906
f 1562//907 1047//907 148//907 1027//907
f 1046//908 1562//908 1027//908 147//908
f 156//909 579//909 1563//909 1047//909
f 579//910 157//910 1048//910 1563//910
f 1563//911 1048//911 149//911 1030//911
f 1047//912 1563//912 1030//912 148//912
f 157//913 578//913 1564//913 1048//913
f 578//914 158//914 1049//914 1564//914
f 1564//915 1049//915 150//915 1033//915
f 1048//916 1564//916 1033//916 149//916
f 158//917 577//917 1565//917 1049//917
f 577//918 155//918 1046//918 1565//918
f 1565//919 1046//919 147//919 1036//919
f 1049//920 1565//920 1036//920 150//920
f 151//921 1040//921 1566//921 1050//921
f 1040//922 152//922 1051//922 1566//922
f 1566//923 1051//923 342//923 1052//923
f 1050//924 1566//924 1052//924 341//924
f 152//925 1042//925 1567//925 1051//925
f 1042//926 153//926 1053//926 1567//926
f 1567//927 1053//927 343//927 1054//927
f 1051//928 1567//928 1054//928 342//928
f 153//929 1044//929 1568//929 1053//929
f 1044//930 154//930 1055//930 1568//930
f 1568//931 1055//931 344//931 1056//931
f 1053//932 1568//932 1056//932 343//932
f 154//933 1045//933 1569//933 1055//933
f 1045//934 151//934 1050//934 1569//934
f 1569//935 1050//935 341//935 1057//935
f 1055//936 1569//936 1057//936 344//936
f 341//937 1052//937 1570//937 1058//937
f 1052//938 342//938 1059//938 1570//938
f 1570//939 1059//939 160//939 582//939
f 1058//940 1570//940 582//940 159//940
f 342//941 1054//941 1571//941 1059//941
f 1054//942 343//942 1060//942 1571//942
f 1571//943 1060//943 161//943 583//943
f 1059//944 1571//944 583//944 160//944
f 343//945 1056//945 1572//945 1060//945
f 1056//946 344//946 1061//946 1572//946
f 1572//947 1061//947 162//947 584//947
f 1060//948 1572//948 584//948 161//948
f 344//949 1057//949 1573//949 1061//949
f 1057//950 341//950 1058//950 1573//950
f 1573//951 1058//951 159//951 581//951
f 1061//952 1573//952 581//952 162//952
f 1732//1356 1730//1356 1731//1356 1733//1356
f 1736//351 1737//351 1735//351 1734//351
f 1733//1357 1731//1357 1735//1357 1737//1357
f 1731//1358 1730//1358 1734//1358 1735//1358
f 1732//1359 1733//1359 1737//1359 1736//1359
f 1730//1360 1732//1360 1736//1360 1734//1360
usemtl Material.001
f 1691//1319 1695//1319 1700//1319 1694//1319
f 1694//1320 1700//1320 1693//1320 1690//1320
f 1700//1321 1692//1321 1689//1321 1693//1321
f 1695//1322 1688//1322 1692//1322 1700//1322
f 1688//1323 1696//1323 1701//1323 1692//1323
f 1692//1324 1701//1324 1697//1324 1689//1324
f 1689//1325 1697//1325 1702//1325 1693//1325
f 1693//1326 1702//1326 1698//1326 1690//1326
f 1690//1327 1698//1327 1703//1327 1694//1327
f 1694//1328 1703//1328 1699//1328 1691//1328
f 1691//1329 1699//1329 1704//1329 1695//1329
f 1695//1330 1704//1330 1696//1330 1688//1330
f 1708//1331 1711//1331 1717//1331 1712//1331
f 1711//1332 1707//1332 1710//1332 1717//1332
f 1717//1333 1710//1333 1706//1333 1709//1333
f 1712//1334 1717//1334 1709//1334 1705//1334
f 1705//1335 1709//1335 1718//1335 1713//1335
f 1709//1336 1706//1336 1714//1336 1718//1336
f 1706//1337 1710//1337 1802//1337 1803//1337
f 1710//1338 1707//1338 1715//1338 1719//1338
f 1707//1339 1711//1339 1720//1339 1715//1339
f 1711//1340 1708//1340 1716//1340 1720//1340
f 1708//1341 1712//1341 1721//1341 1716//1341
f 1721//1342 1712//1342 1805//1342 1809//1342
f 1697//1343 1701//1343 1718//1343 1714//1343
f 1696//1344 1704//1344 1721//1344 1713//1344
f 1703//1345 1698//1345 1715//1345 1720//1345
f 1698//1346 1702//1346 1719//1346 1715//1346
f 1701//1347 1696//1347 1713//1347 1718//1347
f 1704//1348 1699//1348 1716//1348 1721//1348
f 1699//1349 1703//1349 1720//1349 1716//1349
f 1702//1350 1697//1350 1714//1350 1719//1350
f 1803//1401 1802//1401 1808//1401 1807//1401
f 1805//1402 1804//1402 1806//1402 1809//1402
f 1719//1403 1714//1403 1807//1403 1808//1403
f 1710//1404 1719//1404 1808//1404 1802//1404
f 1705//1405 1713//1405 1806//1405 1804//1405
f 1712//1406 1705//1406 1804//1406 1805//1406
f 1713//1407 1721//1407 1809//1407 1806//1407
f 1714//1408 1706//1408 1803//1408 1807//1408
usemtl Material.002
f 179//21 457//21 1276//21 437//21
f 457//22 434//22 445//22 1276//22
f 1276//23 445//23 432//23 463//23
f 437//24 1276//24 463//24 188//24
f 110//29 449//29 1278//29 447//29
f 106//30 450//30 1278//30 449//30
f 117//31 447//31 1278//31 450//31
f 216//80 606//80 1291//80 605//80
f 606//81 215//81 607//81 1291//81
f 1291//82 607//82 214//82 608//82
f 605//83 1291//83 608//83 213//83
f 210//84 602//84 1292//84 601//84
f 602//85 209//85 603//85 1292//85
f 1292//86 603//86 208//86 604//86
f 601//87 1292//87 604//87 207//87
f 206//88 598//88 1293//88 597//88
f 598//89 205//89 599//89 1293//89
f 1293//90 599//90 204//90 600//90
f 597//91 1293//91 600//91 203//91
f 202//92 594//92 1294//92 593//92
f 594//93 201//93 595//93 1294//93
f 1294//94 595//94 200//94 596//94
f 593//95 1294//95 596//95 199//95
f 183//96 590//96 1295//96 589//96
f 590//97 184//97 591//97 1295//97
f 1295//98 591//98 185//98 592//98
f 589//99 1295//99 592//99 186//99
f 166//100 586//100 1296//100 585//100
f 586//101 165//101 587//101 1296//101
f 1296//102 587//102 164//102 588//102
f 585//103 1296//103 588//103 163//103
f 146//112 574//112 1299//112 573//112
f 574//113 145//113 575//113 1299//113
f 1299//114 575//114 144//114 576//114
f 573//115 1299//115 576//115 143//115
f 140//116 570//116 1300//116 569//116
f 570//117 139//117 571//117 1300//117
f 1300//118 571//118 138//118 572//118
f 569//119 1300//119 572//119 137//119
f 126//120 482//120 1301//120 481//120
f 127//121 462//121 1301//121 482//121
f 123//122 481//122 1301//122 462//122
f 136//123 566//123 1302//123 565//123
f 566//124 135//124 567//124 1302//124
f 1302//125 567//125 134//125 568//125
f 565//126 1302//126 568//126 133//126
f 122//131 460//131 1304//131 456//131
f 460//132 123//132 461//132 1304//132
f 1304//133 461//133 108//133 440//133
f 456//134 1304//134 440//134 119//134
f 194//135 513//135 1305//135 512//135
f 513//136 191//136 496//136 1305//136
f 1305//137 496//137 190//137 494//137
f 512//138 1305//138 494//138 177//138
f 125//139 478//139 1306//139 483//139
f 124//140 473//140 1306//140 478//140
f 128//141 483//141 1306//141 473//141
f 132//142 562//142 1307//142 561//142
f 562//143 131//143 563//143 1307//143
f 1307//144 563//144 130//144 564//144
f 561//145 1307//145 564//145 129//145
f 113//146 558//146 1308//146 557//146
f 558//147 114//147 559//147 1308//147
f 1308//148 559//148 115//148 560//148
f 557//149 1308//149 560//149 116//149
f 175//150 504//150 1309//150 503//150
f 179//151 437//151 1309//151 504//151
f 188//152 503//152 1309//152 437//152
f 101//153 554//153 1310//153 553//153
f 554//154 102//154 555//154 1310//154
f 1310//155 555//155 103//155 556//155
f 553//156 1310//156 556//156 104//156
f 96//157 550//157 1311//157 549//157
f 550//158 95//158 551//158 1311//158
f 1311//159 551//159 94//159 552//159
f 549//160 1311//160 552//160 93//160
f 192//161 520//161 1312//161 498//161
f 520//162 193//162 522//162 1312//162
f 1312//163 522//163 178//163 500//163
f 498//164 1312//164 500//164 189//164
f 68//157 538//157 1315//157 537//157
f 538//158 67//158 539//158 1315//158
f 1315//159 539//159 66//159 540//159
f 537//160 1315//160 540//160 65//160
f 124//173 475//173 1316//173 474//173
f 475//174 121//174 454//174 1316//174
f 1316//175 454//175 120//175 453//175
f 474//176 1316//176 453//176 107//176
f 175//177 506//177 1319//177 504//177
f 506//178 176//178 490//178 1319//178
f 1319//179 490//179 180//179 487//179
f 504//180 1319//180 487//180 179//180
f 106//181 449//181 1320//181 458//181
f 449//182 110//182 446//182 1320//182
f 1320//183 446//183 109//183 444//183
f 458//184 1320//184 444//184 105//184
f 180//185 468//185 1321//185 487//185
f 468//186 433//186 452//186 1321//186
f 1321//187 452//187 434//187 457//187
f 487//188 1321//188 457//188 179//188
f 109//189 493//189 1322//189 448//189
f 429//190 499//190 1322//190 493//190
f 431//191 480//191 1322//191 499//191
f 111//192 495//192 1322//192 480//192
f 117//193 448//193 1322//193 495//193
f 117//194 495//194 1323//194 447//194
f 495//195 111//195 472//195 1323//195
f 1323//196 472//196 430//196 489//196
f 447//197 1323//197 489//197 110//197
f 107//198 453//198 1324//198 451//198
f 453//199 120//199 435//199 1324//199
f 1324//200 435//200 117//200 450//200
f 451//201 1324//201 450//201 106//201
f 108//202 442//202 1325//202 440//202
f 442//203 105//203 443//203 1325//203
f 1325//204 443//204 118//204 438//204
f 440//205 1325//205 438//205 119//205
f 178//206 502//206 1326//206 500//206
f 502//207 175//207 503//207 1326//207
f 1326//208 503//208 188//208 485//208
f 500//209 1326//209 485//209 189//209
f 177//210 494//210 1327//210 492//210
f 494//211 190//211 459//211 1327//211
f 1327//212 459//212 187//212 491//212
f 492//213 1327//213 491//213 176//213
f 195//214 532//214 1328//214 531//214
f 194//215 511//215 1328//215 532//215
f 198//216 531//216 1328//216 511//216
f 110//217 489//217 1329//217 446//217
f 489//218 430//218 470//218 1329//218
f 1329//219 470//219 429//219 493//219
f 446//220 1329//220 493//220 109//220
f 196//225 528//225 1331//225 533//225
f 197//226 523//226 1331//226 528//226
f 193//227 533//227 1331//227 523//227
f 109//228 448//228 1332//228 444//228
f 448//229 117//229 439//229 1332//229
f 1332//230 439//230 118//230 443//230
f 444//231 1332//231 443//231 105//231
f 180//232 490//232 1333//232 488//232
f 490//233 176//233 491//233 1333//233
f 1333//234 491//234 187//234 477//234
f 488//235 1333//235 477//235 188//235
f 141//236 466//236 1334//236 465//236
f 466//237 142//237 467//237 1334//237
f 1334//238 467//238 107//238 469//238
f 465//239 1334//239 469//239 108//239
f 178//240 515//240 1335//240 514//240
f 515//241 211//241 516//241 1335//241
f 1335//242 516//242 212//242 510//242
f 514//243 1335//243 510//243 177//243
f 128//244 473//244 1336//244 471//244
f 473//245 124//245 474//245 1336//245
f 1336//246 474//246 107//246 467//246
f 471//247 1336//247 467//247 142//247
f 197//248 525//248 1337//248 523//248
f 525//249 211//249 515//249 1337//249
f 1337//250 515//250 178//250 522//250
f 523//251 1337//251 522//251 193//251
f 198//252 511//252 1338//252 508//252
f 511//253 194//253 512//253 1338//253
f 1338//254 512//254 177//254 510//254
f 508//255 1338//255 510//255 212//255
f 127//256 464//256 1339//256 462//256
f 464//257 141//257 465//257 1339//257
f 1339//258 465//258 108//258 461//258
f 462//259 1339//259 461//259 123//259
f 195//260 529//260 1340//260 532//260
f 529//261 196//261 533//261 1340//261
f 1340//262 533//262 193//262 519//262
f 532//263 1340//263 519//263 194//263
f 124//264 478//264 1341//264 476//264
f 478//265 125//265 479//265 1341//265
f 1341//266 479//266 126//266 481//266
f 476//267 1341//267 481//267 123//267
f 120//268 454//268 1342//268 436//268
f 454//269 121//269 455//269 1342//269
f 1342//270 455//270 122//270 456//270
f 436//271 1342//271 456//271 119//271
f 191//272 497//272 1343//272 496//272
f 497//273 192//273 498//273 1343//273
f 1343//274 498//274 189//274 486//274
f 496//275 1343//275 486//275 190//275
f 65//476 540//476 1394//476 737//476
f 540//477 66//477 738//477 1394//477
f 1394//478 738//478 230//478 739//478
f 737//479 1394//479 739//479 229//479
f 66//480 539//480 1395//480 738//480
f 539//481 67//481 740//481 1395//481
f 1395//482 740//482 231//482 741//482
f 738//483 1395//483 741//483 230//483
f 67//484 538//484 1396//484 740//484
f 538//485 68//485 742//485 1396//485
f 1396//486 742//486 232//486 743//486
f 740//487 1396//487 743//487 231//487
f 68//488 537//488 1397//488 742//488
f 537//489 65//489 737//489 1397//489
f 1397//490 737//490 229//490 744//490
f 742//491 1397//491 744//491 232//491
f 229//492 739//492 1398//492 745//492
f 739//493 230//493 746//493 1398//493
f 1398//494 746//494 70//494 747//494
f 745//495 1398//495 747//495 69//495
f 230//496 741//496 1399//496 746//496
f 741//497 231//497 748//497 1399//497
f 1399//498 748//498 71//498 749//498
f 746//499 1399//499 749//499 70//499
f 231//500 743//500 1400//500 748//500
f 743//501 232//501 750//501 1400//501
f 1400//502 750//502 72//502 751//502
f 748//503 1400//503 751//503 71//503
f 232//504 744//504 1401//504 750//504
f 744//505 229//505 745//505 1401//505
f 1401//506 745//506 69//506 752//506
f 750//507 1401//507 752//507 72//507
f 69//508 747//508 1402//508 753//508
f 747//509 70//509 754//509 1402//509
f 1402//510 754//510 234//510 755//510
f 753//511 1402//511 755//511 233//511
f 70//512 749//512 1403//512 754//512
f 749//513 71//513 756//513 1403//513
f 1403//514 756//514 235//514 757//514
f 754//515 1403//515 757//515 234//515
f 71//516 751//516 1404//516 756//516
f 751//517 72//517 758//517 1404//517
f 1404//518 758//518 236//518 759//518
f 756//519 1404//519 759//519 235//519
f 72//520 752//520 1405//520 758//520
f 752//521 69//521 753//521 1405//521
f 1405//522 753//522 233//522 760//522
f 758//523 1405//523 760//523 236//523
f 233//524 755//524 1406//524 761//524
f 755//525 234//525 762//525 1406//525
f 1406//526 762//526 238//526 763//526
f 761//527 1406//527 763//527 237//527
f 234//528 757//528 1407//528 762//528
f 757//529 235//529 764//529 1407//529
f 1407//530 764//530 239//530 765//530
f 762//531 1407//531 765//531 238//531
f 235//532 759//532 1408//532 764//532
f 759//533 236//533 766//533 1408//533
f 1408//534 766//534 240//534 767//534
f 764//535 1408//535 767//535 239//535
f 236//536 760//536 1409//536 766//536
f 760//537 233//537 761//537 1409//537
f 1409//538 761//538 237//538 768//538
f 766//539 1409//539 768//539 240//539
f 237//540 763//540 1410//540 769//540
f 763//541 238//541 770//541 1410//541
f 1410//541 770//541 242//541 771//541
f 769//540 1410//540 771//540 241//540
f 238//542 765//542 1411//542 770//542
f 765//543 239//543 772//543 1411//543
f 1411//543 772//543 243//543 773//543
f 770//542 1411//542 773//542 242//542
f 239//544 767//544 1412//544 772//544
f 767//545 240//545 774//545 1412//545
f 1412//545 774//545 244//545 775//545
f 772//544 1412//544 775//544 243//544
f 240//546 768//546 1413//546 774//546
f 768//547 237//547 769//547 1413//547
f 1413//548 769//548 241//548 776//548
f 774//546 1413//546 776//546 244//546
f 241//549 771//549 1414//549 777//549
f 771//550 242//550 778//550 1414//550
f 1414//551 778//551 74//551 779//551
f 777//552 1414//552 779//552 73//552
f 242//553 773//553 1415//553 778//553
f 773//554 243//554 780//554 1415//554
f 1415//555 780//555 75//555 781//555
f 778//556 1415//556 781//556 74//556
f 243//557 775//557 1416//557 780//557
f 775//558 244//558 782//558 1416//558
f 1416//559 782//559 76//559 783//559
f 780//560 1416//560 783//560 75//560
f 244//561 776//561 1417//561 782//561
f 776//562 241//562 777//562 1417//562
f 1417//563 777//563 73//563 784//563
f 782//564 1417//564 784//564 76//564
f 93//476 552//476 1438//476 821//476
f 552//477 94//477 822//477 1438//477
f 1438//478 822//478 254//478 823//478
f 821//479 1438//479 823//479 253//479
f 94//480 551//480 1439//480 822//480
f 551//481 95//481 824//481 1439//481
f 1439//482 824//482 255//482 825//482
f 822//483 1439//483 825//483 254//483
f 95//484 550//484 1440//484 824//484
f 550//485 96//485 826//485 1440//485
f 1440//486 826//486 256//486 827//486
f 824//487 1440//487 827//487 255//487
f 96//488 549//488 1441//488 826//488
f 549//489 93//489 821//489 1441//489
f 1441//490 821//490 253//490 828//490
f 826//491 1441//491 828//491 256//491
f 253//492 823//492 1442//492 829//492
f 823//493 254//493 830//493 1442//493
f 1442//494 830//494 98//494 831//494
f 829//495 1442//495 831//495 97//495
f 254//496 825//496 1443//496 830//496
f 825//497 255//497 832//497 1443//497
f 1443//498 832//498 99//498 833//498
f 830//499 1443//499 833//499 98//499
f 255//500 827//500 1444//500 832//500
f 827//501 256//501 834//501 1444//501
f 1444//565 834//565 100//565 835//565
f 832//566 1444//566 835//566 99//566
f 256//504 828//504 1445//504 834//504
f 828//505 253//505 829//505 1445//505
f 1445//506 829//506 97//506 836//506
f 834//507 1445//507 836//507 100//507
f 97//508 831//508 1446//508 837//508
f 831//509 98//509 838//509 1446//509
f 1446//510 838//510 258//510 839//510
f 837//511 1446//511 839//511 257//511
f 98//512 833//512 1447//512 838//512
f 833//513 99//513 840//513 1447//513
f 1447//514 840//514 259//514 841//514
f 838//515 1447//515 841//515 258//515
f 99//567 835//567 1448//567 840//567
f 835//568 100//568 842//568 1448//568
f 1448//569 842//569 260//569 843//569
f 840//570 1448//570 843//570 259//570
f 100//520 836//520 1449//520 842//520
f 836//521 97//521 837//521 1449//521
f 1449//522 837//522 257//522 844//522
f 842//523 1449//523 844//523 260//523
f 257//524 839//524 1450//524 845//524
f 839//525 258//525 846//525 1450//525
f 1450//526 846//526 262//526 847//526
f 845//527 1450//527 847//527 261//527
f 258//528 841//528 1451//528 846//528
f 841//529 259//529 848//529 1451//529
f 1451//530 848//530 263//530 849//530
f 846//531 1451//531 849//531 262//531
f 259//571 843//571 1452//571 848//571
f 843//572 260//572 850//572 1452//572
f 1452//534 850//534 264//534 851//534
f 848//535 1452//535 851//535 263//535
f 260//536 844//536 1453//536 850//536
f 844//537 257//537 845//537 1453//537
f 1453//538 845//538 261//538 852//538
f 850//539 1453//539 852//539 264//539
f 261//540 847//540 1454//540 853//540
f 847//541 262//541 854//541 1454//541
f 1454//541 854//541 266//541 855//541
f 853//540 1454//540 855//540 265//540
f 262//573 849//573 1455//573 854//573
f 849//543 263//543 856//543 1455//543
f 1455//543 856//543 267//543 857//543
f 854//573 1455//573 857//573 266//573
f 263//544 851//544 1456//544 856//544
f 851//545 264//545 858//545 1456//545
f 1456//545 858//545 268//545 859//545
f 856//544 1456//544 859//544 267//544
f 264//546 852//546 1457//546 858//546
f 852//547 261//547 853//547 1457//547
f 1457//547 853//547 265//547 860//547
f 858//546 1457//546 860//546 268//546
f 265//574 855//574 1458//574 861//574
f 855//575 266//575 862//575 1458//575
f 1458//576 862//576 102//576 554//576
f 861//577 1458//577 554//577 101//577
f 266//578 857//578 1459//578 862//578
f 857//579 267//579 863//579 1459//579
f 1459//580 863//580 103//580 555//580
f 862//581 1459//581 555//581 102//581
f 267//582 859//582 1460//582 863//582
f 859//583 268//583 864//583 1460//583
f 1460//584 864//584 104//584 556//584
f 863//585 1460//585 556//585 103//585
f 268//586 860//586 1461//586 864//586
f 860//587 265//587 861//587 1461//587
f 1461//588 861//588 101//588 553//588
f 864//589 1461//589 553//589 104//589
f 73//590 779//590 1462//590 865//590
f 779//591 74//591 866//591 1462//591
f 1462//592 866//592 106//592 458//592
f 865//593 1462//593 458//593 105//593
f 74//594 781//594 1463//594 866//594
f 781//595 75//595 867//595 1463//595
f 1463//596 867//596 107//596 451//596
f 866//597 1463//597 451//597 106//597
f 75//598 783//598 1464//598 867//598
f 783//599 76//599 868//599 1464//599
f 1464//600 868//600 108//600 469//600
f 867//601 1464//601 469//601 107//601
f 76//602 784//602 1465//602 868//602
f 784//603 73//603 865//603 1465//603
f 1465//604 865//604 105//604 442//604
f 868//605 1465//605 442//605 108//605
f 429//606 470//606 1466//606 869//606
f 470//607 430//607 870//607 1466//607
f 1466//608 870//608 270//608 871//608
f 869//609 1466//609 871//609 269//609
f 430//610 472//610 1467//610 870//610
f 472//611 111//611 872//611 1467//611
f 1467//612 872//612 271//612 873//612
f 870//613 1467//613 873//613 270//613
f 111//614 480//614 1468//614 872//614
f 480//615 431//615 874//615 1468//615
f 1468//616 874//616 272//616 875//616
f 872//617 1468//617 875//617 271//617
f 431//618 499//618 1469//618 874//618
f 499//619 429//619 869//619 1469//619
f 1469//620 869//620 269//620 876//620
f 874//621 1469//621 876//621 272//621
f 269//622 871//622 1470//622 877//622
f 871//623 270//623 878//623 1470//623
f 1470//624 878//624 274//624 879//624
f 877//625 1470//625 879//625 273//625
f 270//626 873//626 1471//626 878//626
f 873//627 271//627 880//627 1471//627
f 1471//628 880//628 275//628 881//628
f 878//629 1471//629 881//629 274//629
f 271//630 875//630 1472//630 880//630
f 875//631 272//631 882//631 1472//631
f 1472//632 882//632 276//632 883//632
f 880//633 1472//633 883//633 275//633
f 272//634 876//634 1473//634 882//634
f 876//635 269//635 877//635 1473//635
f 1473//636 877//636 273//636 884//636
f 882//637 1473//637 884//637 276//637
f 273//638 879//638 1474//638 885//638
f 879//639 274//639 886//639 1474//639
f 1474//640 886//640 114//640 558//640
f 885//641 1474//641 558//641 113//641
f 274//642 881//642 1475//642 886//642
f 881//643 275//643 887//643 1475//643
f 1475//644 887//644 115//644 559//644
f 886//645 1475//645 559//645 114//645
f 275//646 883//646 1476//646 887//646
f 883//647 276//647 888//647 1476//647
f 1476//648 888//648 116//648 560//648
f 887//649 1476//649 560//649 115//649
f 276//650 884//650 1477//650 888//650
f 884//651 273//651 885//651 1477//651
f 1477//652 885//652 113//652 557//652
f 888//653 1477//653 557//653 116//653
f 277//654 890//654 1478//654 889//654
f 890//655 278//655 891//655 1478//655
f 1478//656 891//656 118//656 439//656
f 889//657 1478//657 439//657 117//657
f 278//658 892//658 1479//658 891//658
f 892//659 279//659 893//659 1479//659
f 1479//660 893//660 119//660 438//660
f 891//661 1479//661 438//661 118//661
f 279//662 894//662 1480//662 893//662
f 894//663 280//663 895//663 1480//663
f 1480//664 895//664 120//664 436//664
f 893//665 1480//665 436//665 119//665
f 280//666 896//666 1481//666 895//666
f 896//667 277//667 889//667 1481//667
f 1481//668 889//668 117//668 435//668
f 895//669 1481//669 435//669 120//669
f 281//670 898//670 1482//670 897//670
f 898//671 282//671 899//671 1482//671
f 1482//672 899//672 278//672 890//672
f 897//673 1482//673 890//673 277//673
f 282//674 900//674 1483//674 899//674
f 900//675 283//675 901//675 1483//675
f 1483//676 901//676 279//676 892//676
f 899//677 1483//677 892//677 278//677
f 283//678 902//678 1484//678 901//678
f 902//679 284//679 903//679 1484//679
f 1484//680 903//680 280//680 894//680
f 901//681 1484//681 894//681 279//681
f 284//682 904//682 1485//682 903//682
f 904//683 281//683 897//683 1485//683
f 1485//684 897//684 277//684 896//684
f 903//685 1485//685 896//685 280//685
f 285//686 906//686 1486//686 905//686
f 906//687 286//687 907//687 1486//687
f 1486//687 907//687 282//687 898//687
f 905//686 1486//686 898//686 281//686
f 286//688 908//688 1487//688 907//688
f 908//689 287//689 909//689 1487//689
f 1487//689 909//689 283//689 900//689
f 907//688 1487//688 900//688 282//688
f 287//690 910//690 1488//690 909//690
f 910//691 288//691 911//691 1488//691
f 1488//691 911//691 284//691 902//691
f 909//690 1488//690 902//690 283//690
f 288//692 912//692 1489//692 911//692
f 912//693 285//693 905//693 1489//693
f 1489//693 905//693 281//693 904//693
f 911//692 1489//692 904//692 284//692
f 129//694 564//694 1490//694 913//694
f 564//695 130//695 914//695 1490//695
f 1490//696 914//696 286//696 906//696
f 913//697 1490//697 906//697 285//697
f 130//698 563//698 1491//698 914//698
f 563//699 131//699 915//699 1491//699
f 1491//700 915//700 287//700 908//700
f 914//701 1491//701 908//701 286//701
f 131//702 562//702 1492//702 915//702
f 562//703 132//703 916//703 1492//703
f 1492//704 916//704 288//704 910//704
f 915//705 1492//705 910//705 287//705
f 132//706 561//706 1493//706 916//706
f 561//707 129//707 913//707 1493//707
f 1493//708 913//708 285//708 912//708
f 916//709 1493//709 912//709 288//709
f 289//710 918//710 1494//710 917//710
f 918//711 290//711 919//711 1494//711
f 1494//712 919//712 122//712 455//712
f 917//713 1494//713 455//713 121//713
f 290//714 920//714 1495//714 919//714
f 920//715 291//715 921//715 1495//715
f 1495//716 921//716 123//716 460//716
f 919//717 1495//717 460//717 122//717
f 291//718 922//718 1496//718 921//718
f 922//719 292//719 923//719 1496//719
f 1496//720 923//720 124//720 476//720
f 921//721 1496//721 476//721 123//721
f 292//722 924//722 1497//722 923//722
f 924//723 289//723 917//723 1497//723
f 1497//724 917//724 121//724 475//724
f 923//725 1497//725 475//725 124//725
f 293//726 926//726 1498//726 925//726
f 926//727 294//727 927//727 1498//727
f 1498//728 927//728 290//728 918//728
f 925//729 1498//729 918//729 289//729
f 294//730 928//730 1499//730 927//730
f 928//731 295//731 929//731 1499//731
f 1499//731 929//731 291//731 920//731
f 927//730 1499//730 920//730 290//730
f 295//732 930//732 1500//732 929//732
f 930//733 296//733 931//733 1500//733
f 1500//734 931//734 292//734 922//734
f 929//735 1500//735 922//735 291//735
f 296//736 932//736 1501//736 931//736
f 932//737 293//737 925//737 1501//737
f 1501//737 925//737 289//737 924//737
f 931//736 1501//736 924//736 292//736
f 297//726 934//726 1502//726 933//726
f 934//727 298//727 935//727 1502//727
f 1502//727 935//727 294//727 926//727
f 933//726 1502//726 926//726 293//726
f 298//730 936//730 1503//730 935//730
f 936//731 299//731 937//731 1503//731
f 1503//731 937//731 295//731 928//731
f 935//730 1503//730 928//730 294//730
f 299//732 938//732 1504//732 937//732
f 938//733 300//733 939//733 1504//733
f 1504//733 939//733 296//733 930//733
f 937//732 1504//732 930//732 295//732
f 300//736 940//736 1505//736 939//736
f 940//737 297//737 933//737 1505//737
f 1505//737 933//737 293//737 932//737
f 939//736 1505//736 932//736 296//736
f 133//738 568//738 1506//738 941//738
f 568//739 134//739 942//739 1506//739
f 1506//740 942//740 298//740 934//740
f 941//741 1506//741 934//741 297//741
f 134//742 567//742 1507//742 942//742
f 567//743 135//743 943//743 1507//743
f 1507//744 943//744 299//744 936//744
f 942//745 1507//745 936//745 298//745
f 135//746 566//746 1508//746 943//746
f 566//747 136//747 944//747 1508//747
f 1508//748 944//748 300//748 938//748
f 943//749 1508//749 938//749 299//749
f 136//750 565//750 1509//750 944//750
f 565//751 133//751 941//751 1509//751
f 1509//752 941//752 297//752 940//752
f 944//753 1509//753 940//753 300//753
f 301//754 946//754 1510//754 945//754
f 946//755 302//755 947//755 1510//755
f 1510//756 947//756 126//756 479//756
f 945//757 1510//757 479//757 125//757
f 302//758 948//758 1511//758 947//758
f 948//759 303//759 949//759 1511//759
f 1511//760 949//760 127//760 482//760
f 947//761 1511//761 482//761 126//761
f 303//762 950//762 1512//762 949//762
f 950//763 304//763 951//763 1512//763
f 1512//764 951//764 128//764 952//764
f 949//765 1512//765 952//765 127//765
f 304//766 953//766 1513//766 951//766
f 953//767 301//767 945//767 1513//767
f 1513//768 945//768 125//768 483//768
f 951//769 1513//769 483//769 128//769
f 305//770 955//770 1514//770 954//770
f 955//771 306//771 956//771 1514//771
f 1514//772 956//772 302//772 946//772
f 954//773 1514//773 946//773 301//773
f 306//774 957//774 1515//774 956//774
f 957//775 307//775 958//775 1515//775
f 1515//776 958//776 303//776 948//776
f 956//777 1515//777 948//777 302//777
f 307//778 959//778 1516//778 958//778
f 959//779 308//779 960//779 1516//779
f 1516//780 960//780 304//780 950//780
f 958//781 1516//781 950//781 303//781
f 308//782 961//782 1517//782 960//782
f 961//783 305//783 954//783 1517//783
f 1517//784 954//784 301//784 953//784
f 960//785 1517//785 953//785 304//785
f 309//786 963//786 1518//786 962//786
f 963//787 310//787 964//787 1518//787
f 1518//787 964//787 306//787 955//787
f 962//786 1518//786 955//786 305//786
f 310//788 965//788 1519//788 964//788
f 965//789 311//789 966//789 1519//789
f 1519//790 966//790 307//790 957//790
f 964//788 1519//788 957//788 306//788
f 311//791 967//791 1520//791 966//791
f 967//792 312//792 968//792 1520//792
f 1520//792 968//792 308//792 959//792
f 966//791 1520//791 959//791 307//791
f 312//793 969//793 1521//793 968//793
f 969//794 309//794 962//794 1521//794
f 1521//794 962//794 305//794 961//794
f 968//793 1521//793 961//793 308//793
f 313//786 971//786 1522//786 970//786
f 971//787 314//787 972//787 1522//787
f 1522//787 972//787 310//787 963//787
f 970//786 1522//786 963//786 309//786
f 314//795 973//795 1523//795 972//795
f 973//790 315//790 974//790 1523//790
f 1523//790 974//790 311//790 965//790
f 972//788 1523//788 965//788 310//788
f 315//791 975//791 1524//791 974//791
f 975//792 316//792 976//792 1524//792
f 1524//792 976//792 312//792 967//792
f 974//791 1524//791 967//791 311//791
f 316//793 977//793 1525//793 976//793
f 977//794 313//794 970//794 1525//794
f 1525//794 970//794 309//794 969//794
f 976//793 1525//793 969//793 312//793
f 137//796 572//796 1526//796 978//796
f 572//797 138//797 979//797 1526//797
f 1526//798 979//798 314//798 971//798
f 978//799 1526//799 971//799 313//799
f 138//800 571//800 1527//800 979//800
f 571//801 139//801 980//801 1527//801
f 1527//802 980//802 315//802 973//802
f 979//803 1527//803 973//803 314//803
f 139//804 570//804 1528//804 980//804
f 570//805 140//805 981//805 1528//805
f 1528//806 981//806 316//806 975//806
f 980//807 1528//807 975//807 315//807
f 140//808 569//808 1529//808 981//808
f 569//809 137//809 978//809 1529//809
f 1529//810 978//810 313//810 977//810
f 981//811 1529//811 977//811 316//811
f 317//812 983//812 1530//812 982//812
f 983//813 318//813 984//813 1530//813
f 1530//814 984//814 127//814 952//814
f 982//815 1530//815 952//815 128//815
f 318//816 985//816 1531//816 984//816
f 985//817 319//817 986//817 1531//817
f 1531//818 986//818 141//818 464//818
f 984//819 1531//819 464//819 127//819
f 319//820 987//820 1532//820 986//820
f 987//821 320//821 988//821 1532//821
f 1532//822 988//822 142//822 466//822
f 986//823 1532//823 466//823 141//823
f 320//824 989//824 1533//824 988//824
f 989//825 317//825 982//825 1533//825
f 1533//826 982//826 128//826 471//826
f 988//827 1533//827 471//827 142//827
f 321//828 991//828 1534//828 990//828
f 991//829 322//829 992//829 1534//829
f 1534//830 992//830 318//830 983//830
f 990//831 1534//831 983//831 317//831
f 322//832 993//832 1535//832 992//832
f 993//833 323//833 994//833 1535//833
f 1535//834 994//834 319//834 985//834
f 992//835 1535//835 985//835 318//835
f 323//836 995//836 1536//836 994//836
f 995//837 324//837 996//837 1536//837
f 1536//838 996//838 320//838 987//838
f 994//839 1536//839 987//839 319//839
f 324//840 997//840 1537//840 996//840
f 997//841 321//841 990//841 1537//841
f 1537//842 990//842 317//842 989//842
f 996//843 1537//843 989//843 320//843
f 325//844 999//844 1538//844 998//844
f 999//845 326//845 1000//845 1538//845
f 1538//845 1000//845 322//845 991//845
f 998//844 1538//844 991//844 321//844
f 326//846 1001//846 1539//846 1000//846
f 1001//847 327//847 1002//847 1539//847
f 1539//847 1002//847 323//847 993//847
f 1000//846 1539//846 993//846 322//846
f 327//848 1003//848 1540//848 1002//848
f 1003//849 328//849 1004//849 1540//849
f 1540//849 1004//849 324//849 995//849
f 1002//848 1540//848 995//848 323//848
f 328//850 1005//850 1541//850 1004//850
f 1005//851 325//851 998//851 1541//851
f 1541//851 998//851 321//851 997//851
f 1004//850 1541//850 997//850 324//850
f 329//844 1007//844 1542//844 1006//844
f 1007//845 330//845 1008//845 1542//845
f 1542//852 1008//852 326//852 999//852
f 1006//844 1542//844 999//844 325//844
f 330//846 1009//846 1543//846 1008//846
f 1009//847 331//847 1010//847 1543//847
f 1543//847 1010//847 327//847 1001//847
f 1008//846 1543//846 1001//846 326//846
f 331//853 1011//853 1544//853 1010//853
f 1011//854 332//854 1012//854 1544//854
f 1544//849 1012//849 328//849 1003//849
f 1010//848 1544//848 1003//848 327//848
f 332//850 1013//850 1545//850 1012//850
f 1013//851 329//851 1006//851 1545//851
f 1545//851 1006//851 325//851 1005//851
f 1012//850 1545//850 1005//850 328//850
f 333//855 1015//855 1546//855 1014//855
f 1015//856 334//856 1016//856 1546//856
f 1546//845 1016//845 330//845 1007//845
f 1014//844 1546//844 1007//844 329//844
f 334//846 1017//846 1547//846 1016//846
f 1017//847 335//847 1018//847 1547//847
f 1547//847 1018//847 331//847 1009//847
f 1016//846 1547//846 1009//846 330//846
f 335//853 1019//853 1548//853 1018//853
f 1019//854 336//854 1020//854 1548//854
f 1548//854 1020//854 332//854 1011//854
f 1018//848 1548//848 1011//848 331//848
f 336//850 1021//850 1549//850 1020//850
f 1021//851 333//851 1014//851 1549//851
f 1549//851 1014//851 329//851 1013//851
f 1020//850 1549//850 1013//850 332//850
f 143//857 576//857 1550//857 1022//857
f 576//858 144//858 1023//858 1550//858
f 1550//859 1023//859 334//859 1015//859
f 1022//860 1550//860 1015//860 333//860
f 144//861 575//861 1551//861 1023//861
f 575//862 145//862 1024//862 1551//862
f 1551//863 1024//863 335//863 1017//863
f 1023//864 1551//864 1017//864 334//864
f 145//865 574//865 1552//865 1024//865
f 574//866 146//866 1025//866 1552//866
f 1552//867 1025//867 336//867 1019//867
f 1024//868 1552//868 1019//868 335//868
f 146//869 573//869 1553//869 1025//869
f 573//870 143//870 1022//870 1553//870
f 1553//871 1022//871 333//871 1021//871
f 1025//872 1553//872 1021//872 336//872
f 163//953 588//953 1574//953 1062//953
f 588//954 164//954 1063//954 1574//954
f 1574//955 1063//955 346//955 1064//955
f 1062//956 1574//956 1064//956 345//956
f 164//957 587//957 1575//957 1063//957
f 587//958 165//958 1065//958 1575//958
f 1575//959 1065//959 347//959 1066//959
f 1063//960 1575//960 1066//960 346//960
f 165//961 586//961 1576//961 1065//961
f 586//962 166//962 1067//962 1576//962
f 1576//963 1067//963 348//963 1068//963
f 1065//964 1576//964 1068//964 347//964
f 166//965 585//965 1577//965 1067//965
f 585//966 163//966 1062//966 1577//966
f 1577//967 1062//967 345//967 1069//967
f 1067//968 1577//968 1069//968 348//968
f 345//969 1064//969 1578//969 1070//969
f 1064//970 346//970 1071//970 1578//970
f 1578//971 1071//971 168//971 1072//971
f 1070//972 1578//972 1072//972 167//972
f 346//973 1066//973 1579//973 1071//973
f 1066//974 347//974 1073//974 1579//974
f 1579//975 1073//975 169//975 1074//975
f 1071//976 1579//976 1074//976 168//976
f 347//977 1068//977 1580//977 1073//977
f 1068//978 348//978 1075//978 1580//978
f 1580//979 1075//979 170//979 1076//979
f 1073//980 1580//980 1076//980 169//980
f 348//981 1069//981 1581//981 1075//981
f 1069//982 345//982 1070//982 1581//982
f 1581//983 1070//983 167//983 1077//983
f 1075//984 1581//984 1077//984 170//984
f 167//985 1072//985 1582//985 1078//985
f 1072//986 168//986 1079//986 1582//986
f 1582//987 1079//987 350//987 1080//987
f 1078//988 1582//988 1080//988 349//988
f 168//989 1074//989 1583//989 1079//989
f 1074//990 169//990 1081//990 1583//990
f 1583//991 1081//991 351//991 1082//991
f 1079//992 1583//992 1082//992 350//992
f 169//993 1076//993 1584//993 1081//993
f 1076//994 170//994 1083//994 1584//994
f 1584//995 1083//995 352//995 1084//995
f 1081//996 1584//996 1084//996 351//996
f 170//997 1077//997 1585//997 1083//997
f 1077//998 167//998 1078//998 1585//998
f 1585//999 1078//999 349//999 1085//999
f 1083//1000 1585//1000 1085//1000 352//1000
f 349//1001 1080//1001 1586//1001 1086//1001
f 1080//1002 350//1002 1087//1002 1586//1002
f 1586//1003 1087//1003 354//1003 1088//1003
f 1086//1004 1586//1004 1088//1004 353//1004
f 350//1005 1082//1005 1587//1005 1087//1005
f 1082//1006 351//1006 1089//1006 1587//1006
f 1587//1007 1089//1007 355//1007 1090//1007
f 1087//1008 1587//1008 1090//1008 354//1008
f 351//1009 1084//1009 1588//1009 1089//1009
f 1084//1010 352//1010 1091//1010 1588//1010
f 1588//1011 1091//1011 356//1011 1092//1011
f 1089//1012 1588//1012 1092//1012 355//1012
f 352//1013 1085//1013 1589//1013 1091//1013
f 1085//1014 349//1014 1086//1014 1589//1014
f 1589//1015 1086//1015 353//1015 1093//1015
f 1091//1016 1589//1016 1093//1016 356//1016
f 353//1017 1088//1017 1590//1017 1094//1017
f 1088//1018 354//1018 1095//1018 1590//1018
f 1590//1018 1095//1018 358//1018 1096//1018
f 1094//1017 1590//1017 1096//1017 357//1017
f 354//1019 1090//1019 1591//1019 1095//1019
f 1090//1020 355//1020 1097//1020 1591//1020
f 1591//1020 1097//1020 359//1020 1098//1020
f 1095//1021 1591//1021 1098//1021 358//1021
f 355//1022 1092//1022 1592//1022 1097//1022
f 1092//1023 356//1023 1099//1023 1592//1023
f 1592//1023 1099//1023 360//1023 1100//1023
f 1097//1022 1592//1022 1100//1022 359//1022
f 356//1024 1093//1024 1593//1024 1099//1024
f 1093//1025 353//1025 1094//1025 1593//1025
f 1593//1025 1094//1025 357//1025 1101//1025
f 1099//1024 1593//1024 1101//1024 360//1024
f 357//1026 1096//1026 1594//1026 1102//1026
f 1096//1027 358//1027 1103//1027 1594//1027
f 1594//1028 1103//1028 172//1028 1104//1028
f 1102//1029 1594//1029 1104//1029 171//1029
f 358//1030 1098//1030 1595//1030 1103//1030
f 1098//1031 359//1031 1105//1031 1595//1031
f 1595//1032 1105//1032 173//1032 1106//1032
f 1103//1033 1595//1033 1106//1033 172//1033
f 359//1034 1100//1034 1596//1034 1105//1034
f 1100//1035 360//1035 1107//1035 1596//1035
f 1596//1036 1107//1036 174//1036 1108//1036
f 1105//1037 1596//1037 1108//1037 173//1037
f 360//1038 1101//1038 1597//1038 1107//1038
f 1101//1039 357//1039 1102//1039 1597//1039
f 1597//1040 1102//1040 171//1040 1109//1040
f 1107//1041 1597//1041 1109//1041 174//1041
f 171//1042 1104//1042 1598//1042 1110//1042
f 1104//1043 172//1043 1111//1043 1598//1043
f 1598//1044 1111//1044 176//1044 506//1044
f 1110//1045 1598//1045 506//1045 175//1045
f 172//1046 1106//1046 1599//1046 1111//1046
f 1106//1047 173//1047 1112//1047 1599//1047
f 1599//1048 1112//1048 177//1048 492//1048
f 1111//1049 1599//1049 492//1049 176//1049
f 173//1050 1108//1050 1600//1050 1112//1050
f 1108//1051 174//1051 1113//1051 1600//1051
f 1600//1052 1113//1052 178//1052 514//1052
f 1112//1053 1600//1053 514//1053 177//1053
f 174//1054 1109//1054 1601//1054 1113//1054
f 1109//1055 171//1055 1110//1055 1601//1055
f 1601//1056 1110//1056 175//1056 502//1056
f 1113//1057 1601//1057 502//1057 178//1057
f 434//1058 452//1058 1602//1058 1114//1058
f 452//1059 433//1059 1115//1059 1602//1059
f 1602//1060 1115//1060 362//1060 1116//1060
f 1114//1061 1602//1061 1116//1061 361//1061
f 432//1062 445//1062 1603//1062 1119//1062
f 445//1063 434//1063 1114//1063 1603//1063
f 1603//1064 1114//1064 361//1064 1121//1064
f 1119//1065 1603//1065 1121//1065 364//1065
f 361//1066 1116//1066 1604//1066 1122//1066
f 1116//1067 362//1067 1123//1067 1604//1067
f 1604//1068 1123//1068 366//1068 1124//1068
f 1122//1069 1604//1069 1124//1069 365//1069
f 362//1070 1118//1070 1605//1070 1123//1070
f 1118//1071 363//1071 1125//1071 1605//1071
f 1605//1072 1125//1072 367//1072 1126//1072
f 1123//1073 1605//1073 1126//1073 366//1073
f 363//1074 1120//1074 1606//1074 1125//1074
f 1120//1075 364//1075 1127//1075 1606//1075
f 1606//1076 1127//1076 368//1076 1128//1076
f 1125//1077 1606//1077 1128//1077 367//1077
f 364//1078 1121//1078 1607//1078 1127//1078
f 1121//1079 361//1079 1122//1079 1607//1079
f 1607//1080 1122//1080 365//1080 1129//1080
f 1127//1081 1607//1081 1129//1081 368//1081
f 365//1082 1124//1082 1608//1082 1130//1082
f 1124//1083 366//1083 1131//1083 1608//1083
f 1608//1084 1131//1084 184//1084 590//1084
f 1130//1085 1608//1085 590//1085 183//1085
f 366//1086 1126//1086 1609//1086 1131//1086
f 1126//1087 367//1087 1132//1087 1609//1087
f 1609//1088 1132//1088 185//1088 591//1088
f 1131//1089 1609//1089 591//1089 184//1089
f 367//1090 1128//1090 1610//1090 1132//1090
f 1128//1091 368//1091 1133//1091 1610//1091
f 1610//1092 1133//1092 186//1092 592//1092
f 1132//1093 1610//1093 592//1093 185//1093
f 368//1094 1129//1094 1611//1094 1133//1094
f 1129//1095 365//1095 1130//1095 1611//1095
f 1611//1096 1130//1096 183//1096 589//1096
f 1133//1097 1611//1097 589//1097 186//1097
f 369//1098 1135//1098 1612//1098 1134//1098
f 1135//1099 370//1099 1136//1099 1612//1099
f 1612//1100 1136//1100 188//1100 477//1100
f 1134//1101 1612//1101 477//1101 187//1101
f 370//1102 1137//1102 1613//1102 1136//1102
f 1137//1103 371//1103 1138//1103 1613//1103
f 1613//1104 1138//1104 189//1104 485//1104
f 1136//1105 1613//1105 485//1105 188//1105
f 371//1106 1139//1106 1614//1106 1138//1106
f 1139//1107 372//1107 1140//1107 1614//1107
f 1614//1108 1140//1108 190//1108 486//1108
f 1138//1109 1614//1109 486//1109 189//1109
f 372//1110 1141//1110 1615//1110 1140//1110
f 1141//1111 369//1111 1134//1111 1615//1111
f 1615//1112 1134//1112 187//1112 459//1112
f 1140//1113 1615//1113 459//1113 190//1113
f 373//1114 1143//1114 1616//1114 1142//1114
f 1143//1115 374//1115 1144//1115 1616//1115
f 1616//1116 1144//1116 370//1116 1135//1116
f 1142//1117 1616//1117 1135//1117 369//1117
f 374//1118 1145//1118 1617//1118 1144//1118
f 1145//1119 375//1119 1146//1119 1617//1119
f 1617//1120 1146//1120 371//1120 1137//1120
f 1144//1121 1617//1121 1137//1121 370//1121
f 375//1122 1147//1122 1618//1122 1146//1122
f 1147//1123 376//1123 1148//1123 1618//1123
f 1618//1124 1148//1124 372//1124 1139//1124
f 1146//1125 1618//1125 1139//1125 371//1125
f 376//1126 1149//1126 1619//1126 1148//1126
f 1149//1127 373//1127 1142//1127 1619//1127
f 1619//1128 1142//1128 369//1128 1141//1128
f 1148//1129 1619//1129 1141//1129 372//1129
f 377//1130 1151//1130 1620//1130 1150//1130
f 1151//1131 378//1131 1152//1131 1620//1131
f 1620//1131 1152//1131 374//1131 1143//1131
f 1150//1130 1620//1130 1143//1130 373//1130
f 378//1132 1153//1132 1621//1132 1152//1132
f 1153//1133 379//1133 1154//1133 1621//1133
f 1621//1133 1154//1133 375//1133 1145//1133
f 1152//1132 1621//1132 1145//1132 374//1132
f 379//1134 1155//1134 1622//1134 1154//1134
f 1155//1135 380//1135 1156//1135 1622//1135
f 1622//1135 1156//1135 376//1135 1147//1135
f 1154//1134 1622//1134 1147//1134 375//1134
f 380//1136 1157//1136 1623//1136 1156//1136
f 1157//1137 377//1137 1150//1137 1623//1137
f 1623//1137 1150//1137 373//1137 1149//1137
f 1156//1136 1623//1136 1149//1136 376//1136
f 199//1138 596//1138 1624//1138 1158//1138
f 596//1139 200//1139 1159//1139 1624//1139
f 1624//1140 1159//1140 378//1140 1151//1140
f 1158//1141 1624//1141 1151//1141 377//1141
f 200//1142 595//1142 1625//1142 1159//1142
f 595//1143 201//1143 1160//1143 1625//1143
f 1625//1144 1160//1144 379//1144 1153//1144
f 1159//1145 1625//1145 1153//1145 378//1145
f 201//1146 594//1146 1626//1146 1160//1146
f 594//1147 202//1147 1161//1147 1626//1147
f 1626//1148 1161//1148 380//1148 1155//1148
f 1160//1149 1626//1149 1155//1149 379//1149
f 202//1150 593//1150 1627//1150 1161//1150
f 593//1151 199//1151 1158//1151 1627//1151
f 1627//1152 1158//1152 377//1152 1157//1152
f 1161//1153 1627//1153 1157//1153 380//1153
f 381//1154 1163//1154 1628//1154 1162//1154
f 1163//1155 382//1155 1164//1155 1628//1155
f 1628//1156 1164//1156 192//1156 497//1156
f 1162//1157 1628//1157 497//1157 191//1157
f 382//1158 1165//1158 1629//1158 1164//1158
f 1165//1159 383//1159 1166//1159 1629//1159
f 1629//1160 1166//1160 193//1160 520//1160
f 1164//1161 1629//1161 520//1161 192//1161
f 383//1162 1167//1162 1630//1162 1166//1162
f 1167//1163 384//1163 1168//1163 1630//1163
f 1630//1164 1168//1164 194//1164 519//1164
f 1166//1165 1630//1165 519//1165 193//1165
f 384//1166 1169//1166 1631//1166 1168//1166
f 1169//1167 381//1167 1162//1167 1631//1167
f 1631//1168 1162//1168 191//1168 513//1168
f 1168//1169 1631//1169 513//1169 194//1169
f 385//1170 1171//1170 1632//1170 1170//1170
f 1171//1171 386//1171 1172//1171 1632//1171
f 1632//1172 1172//1172 382//1172 1163//1172
f 1170//1173 1632//1173 1163//1173 381//1173
f 386//1174 1173//1174 1633//1174 1172//1174
f 1173//1175 387//1175 1174//1175 1633//1175
f 1633//1175 1174//1175 383//1175 1165//1175
f 1172//1174 1633//1174 1165//1174 382//1174
f 387//1176 1175//1176 1634//1176 1174//1176
f 1175//1177 388//1177 1176//1177 1634//1177
f 1634//1178 1176//1178 384//1178 1167//1178
f 1174//1179 1634//1179 1167//1179 383//1179
f 388//1180 1177//1180 1635//1180 1176//1180
f 1177//1181 385//1181 1170//1181 1635//1181
f 1635//1181 1170//1181 381//1181 1169//1181
f 1176//1180 1635//1180 1169//1180 384//1180
f 389//1170 1179//1170 1636//1170 1178//1170
f 1179//1171 390//1171 1180//1171 1636//1171
f 1636//1171 1180//1171 386//1171 1171//1171
f 1178//1170 1636//1170 1171//1170 385//1170
f 390//1174 1181//1174 1637//1174 1180//1174
f 1181//1175 391//1175 1182//1175 1637//1175
f 1637//1175 1182//1175 387//1175 1173//1175
f 1180//1174 1637//1174 1173//1174 386//1174
f 391//1176 1183//1176 1638//1176 1182//1176
f 1183//1177 392//1177 1184//1177 1638//1177
f 1638//1177 1184//1177 388//1177 1175//1177
f 1182//1176 1638//1176 1175//1176 387//1176
f 392//1180 1185//1180 1639//1180 1184//1180
f 1185//1181 389//1181 1178//1181 1639//1181
f 1639//1181 1178//1181 385//1181 1177//1181
f 1184//1180 1639//1180 1177//1180 388//1180
f 203//1182 600//1182 1640//1182 1186//1182
f 600//1183 204//1183 1187//1183 1640//1183
f 1640//1184 1187//1184 390//1184 1179//1184
f 1186//1185 1640//1185 1179//1185 389//1185
f 204//1186 599//1186 1641//1186 1187//1186
f 599//1187 205//1187 1188//1187 1641//1187
f 1641//1188 1188//1188 391//1188 1181//1188
f 1187//1189 1641//1189 1181//1189 390//1189
f 205//1190 598//1190 1642//1190 1188//1190
f 598//1191 206//1191 1189//1191 1642//1191
f 1642//1192 1189//1192 392//1192 1183//1192
f 1188//1193 1642//1193 1183//1193 391//1193
f 206//1194 597//1194 1643//1194 1189//1194
f 597//1195 203//1195 1186//1195 1643//1195
f 1643//1196 1186//1196 389//1196 1185//1196
f 1189//1197 1643//1197 1185//1197 392//1197
f 393//1198 1191//1198 1644//1198 1190//1198
f 1191//1199 394//1199 1192//1199 1644//1199
f 1644//1200 1192//1200 196//1200 529//1200
f 1190//1201 1644//1201 529//1201 195//1201
f 394//1202 1193//1202 1645//1202 1192//1202
f 1193//1203 395//1203 1194//1203 1645//1203
f 1645//1204 1194//1204 197//1204 528//1204
f 1192//1205 1645//1205 528//1205 196//1205
f 395//1206 1195//1206 1646//1206 1194//1206
f 1195//1207 396//1207 1196//1207 1646//1207
f 1646//1208 1196//1208 198//1208 1197//1208
f 1194//1209 1646//1209 1197//1209 197//1209
f 396//1210 1198//1210 1647//1210 1196//1210
f 1198//1211 393//1211 1190//1211 1647//1211
f 1647//1212 1190//1212 195//1212 531//1212
f 1196//1213 1647//1213 531//1213 198//1213
f 397//1214 1200//1214 1648//1214 1199//1214
f 1200//1215 398//1215 1201//1215 1648//1215
f 1648//1216 1201//1216 394//1216 1191//1216
f 1199//1217 1648//1217 1191//1217 393//1217
f 398//1218 1202//1218 1649//1218 1201//1218
f 1202//1219 399//1219 1203//1219 1649//1219
f 1649//1220 1203//1220 395//1220 1193//1220
f 1201//1221 1649//1221 1193//1221 394//1221
f 399//1222 1204//1222 1650//1222 1203//1222
f 1204//1223 400//1223 1205//1223 1650//1223
f 1650//1224 1205//1224 396//1224 1195//1224
f 1203//1225 1650//1225 1195//1225 395//1225
f 400//1226 1206//1226 1651//1226 1205//1226
f 1206//1227 397//1227 1199//1227 1651//1227
f 1651//1228 1199//1228 393//1228 1198//1228
f 1205//1229 1651//1229 1198//1229 396//1229
f 401//1230 1208//1230 1652//1230 1207//1230
f 1208//1231 402//1231 1209//1231 1652//1231
f 1652//1231 1209//1231 398//1231 1200//1231
f 1207//1230 1652//1230 1200//1230 397//1230
f 402//1232 1210//1232 1653//1232 1209//1232
f 1210//1233 403//1233 1211//1233 1653//1233
f 1653//1234 1211//1234 399//1234 1202//1234
f 1209//1232 1653//1232 1202//1232 398//1232
f 403//1235 1212//1235 1654//1235 1211//1235
f 1212//1236 404//1236 1213//1236 1654//1236
f 1654//1236 1213//1236 400//1236 1204//1236
f 1211//1235 1654//1235 1204//1235 399//1235
f 404//1237 1214//1237 1655//1237 1213//1237
f 1214//1238 401//1238 1207//1238 1655//1238
f 1655//1238 1207//1238 397//1238 1206//1238
f 1213//1237 1655//1237 1206//1237 400//1237
f 405//1230 1216//1230 1656//1230 1215//1230
f 1216//1231 406//1231 1217//1231 1656//1231
f 1656//1231 1217//1231 402//1231 1208//1231
f 1215//1230 1656//1230 1208//1230 401//1230
f 406//1239 1218//1239 1657//1239 1217//1239
f 1218//1234 407//1234 1219//1234 1657//1234
f 1657//1234 1219//1234 403//1234 1210//1234
f 1217//1232 1657//1232 1210//1232 402//1232
f 407//1235 1220//1235 1658//1235 1219//1235
f 1220//1236 408//1236 1221//1236 1658//1236
f 1658//1236 1221//1236 404//1236 1212//1236
f 1219//1235 1658//1235 1212//1235 403//1235
f 408//1237 1222//1237 1659//1237 1221//1237
f 1222//1238 405//1238 1215//1238 1659//1238
f 1659//1238 1215//1238 401//1238 1214//1238
f 1221//1237 1659//1237 1214//1237 404//1237
f 207//1240 604//1240 1660//1240 1223//1240
f 604//1241 208//1241 1224//1241 1660//1241
f 1660//1242 1224//1242 406//1242 1216//1242
f 1223//1243 1660//1243 1216//1243 405//1243
f 208//1244 603//1244 1661//1244 1224//1244
f 603//1245 209//1245 1225//1245 1661//1245
f 1661//1246 1225//1246 407//1246 1218//1246
f 1224//1247 1661//1247 1218//1247 406//1247
f 209//1248 602//1248 1662//1248 1225//1248
f 602//1249 210//1249 1226//1249 1662//1249
f 1662//1250 1226//1250 408//1250 1220//1250
f 1225//1251 1662//1251 1220//1251 407//1251
f 210//1252 601//1252 1663//1252 1226//1252
f 601//1253 207//1253 1223//1253 1663//1253
f 1663//1254 1223//1254 405//1254 1222//1254
f 1226//1255 1663//1255 1222//1255 408//1255
f 409//1256 1228//1256 1664//1256 1227//1256
f 1228//1257 410//1257 1229//1257 1664//1257
f 1664//1258 1229//1258 197//1258 1197//1258
f 1227//1259 1664//1259 1197//1259 198//1259
f 410//1260 1230//1260 1665//1260 1229//1260
f 1230//1261 411//1261 1231//1261 1665//1261
f 1665//1262 1231//1262 211//1262 525//1262
f 1229//1263 1665//1263 525//1263 197//1263
f 411//1264 1232//1264 1666//1264 1231//1264
f 1232//1265 412//1265 1233//1265 1666//1265
f 1666//1266 1233//1266 212//1266 516//1266
f 1231//1267 1666//1267 516//1267 211//1267
f 412//1268 1234//1268 1667//1268 1233//1268
f 1234//1269 409//1269 1227//1269 1667//1269
f 1667//1270 1227//1270 198//1270 508//1270
f 1233//1271 1667//1271 508//1271 212//1271
f 413//1272 1236//1272 1668//1272 1235//1272
f 1236//1273 414//1273 1237//1273 1668//1273
f 1668//1274 1237//1274 410//1274 1228//1274
f 1235//1275 1668//1275 1228//1275 409//1275
f 414//1276 1238//1276 1669//1276 1237//1276
f 1238//1277 415//1277 1239//1277 1669//1277
f 1669//1278 1239//1278 411//1278 1230//1278
f 1237//1279 1669//1279 1230//1279 410//1279
f 415//1280 1240//1280 1670//1280 1239//1280
f 1240//1281 416//1281 1241//1281 1670//1281
f 1670//1282 1241//1282 412//1282 1232//1282
f 1239//1283 1670//1283 1232//1283 411//1283
f 416//1284 1242//1284 1671//1284 1241//1284
f 1242//1285 413//1285 1235//1285 1671//1285
f 1671//1286 1235//1286 409//1286 1234//1286
f 1241//1287 1671//1287 1234//1287 412//1287
f 417//1288 1244//1288 1672//1288 1243//1288
f 1244//1289 418//1289 1245//1289 1672//1289
f 1672//1289 1245//1289 414//1289 1236//1289
f 1243//1288 1672//1288 1236//1288 413//1288
f 418//1290 1246//1290 1673//1290 1245//1290
f 1246//1291 419//1291 1247//1291 1673//1291
f 1673//1291 1247//1291 415//1291 1238//1291
f 1245//1290 1673//1290 1238//1290 414//1290
f 419//1292 1248//1292 1674//1292 1247//1292
f 1248//1293 420//1293 1249//1293 1674//1293
f 1674//1293 1249//1293 416//1293 1240//1293
f 1247//1292 1674//1292 1240//1292 415//1292
f 420//1294 1250//1294 1675//1294 1249//1294
f 1250//1295 417//1295 1243//1295 1675//1295
f 1675//1295 1243//1295 413//1295 1242//1295
f 1249//1294 1675//1294 1242//1294 416//1294
f 421//1288 1252//1288 1676//1288 1251//1288
f 1252//1289 422//1289 1253//1289 1676//1289
f 1676//1296 1253//1296 418//1296 1244//1296
f 1251//1288 1676//1288 1244//1288 417//1288
f 422//1290 1254//1290 1677//1290 1253//1290
f 1254//1291 423//1291 1255//1291 1677//1291
f 1677//1291 1255//1291 419//1291 1246//1291
f 1253//1290 1677//1290 1246//1290 418//1290
f 423//1297 1256//1297 1678//1297 1255//1297
f 1256//1298 424//1298 1257//1298 1678//1298
f 1678//1293 1257//1293 420//1293 1248//1293
f 1255//1292 1678//1292 1248//1292 419//1292
f 424//1294 1258//1294 1679//1294 1257//1294
f 1258//1295 421//1295 1251//1295 1679//1295
f 1679//1295 1251//1295 417//1295 1250//1295
f 1257//1294 1679//1294 1250//1294 420//1294
f 425//1299 1260//1299 1680//1299 1259//1299
f 1260//1300 426//1300 1261//1300 1680//1300
f 1680//1289 1261//1289 422//1289 1252//1289
f 1259//1288 1680//1288 1252//1288 421//1288
f 426//1301 1262//1301 1681//1301 1261//1301
f 1262//1302 427//1302 1263//1302 1681//1302
f 1681//1291 1263//1291 423//1291 1254//1291
f 1261//1290 1681//1290 1254//1290 422//1290
f 427//1297 1264//1297 1682//1297 1263//1297
f 1264//1298 428//1298 1265//1298 1682//1298
f 1682//1298 1265//1298 424//1298 1256//1298
f 1263//1292 1682//1292 1256//1292 423//1292
f 428//1294 1266//1294 1683//1294 1265//1294
f 1266//1295 425//1295 1259//1295 1683//1295
f 1683//1295 1259//1295 421//1295 1258//1295
f 1265//1294 1683//1294 1258//1294 424//1294
f 213//1303 608//1303 1684//1303 1267//1303
f 608//1304 214//1304 1268//1304 1684//1304
f 1684//1305 1268//1305 426//1305 1260//1305
f 1267//1306 1684//1306 1260//1306 425//1306
f 214//1307 607//1307 1685//1307 1268//1307
f 607//1308 215//1308 1269//1308 1685//1308
f 1685//1309 1269//1309 427//1309 1262//1309
f 1268//1310 1685//1310 1262//1310 426//1310
f 215//1311 606//1311 1686//1311 1269//1311
f 606//1312 216//1312 1270//1312 1686//1312
f 1686//1313 1270//1313 428//1313 1264//1313
f 1269//1314 1686//1314 1264//1314 427//1314
f 216//1315 605//1315 1687//1315 1270//1315
f 605//1316 213//1316 1267//1316 1687//1316
f 1687//1317 1267//1317 425//1317 1266//1317
f 1270//1318 1687//1318 1266//1318 428//1318
usemtl Material.003
f 1725//1351 1723//1351 1722//1351 1724//1351
f 1729//350 1728//350 1727//350 1726//350
f 1725//1352 1724//1352 1728//1352 1729//1352
f 1722//1353 1723//1353 1726//1353 1727//1353
f 1723//1354 1725//1354 1729//1354 1726//1354
f 1724//1355 1722//1355 1727//1355 1728//1355
f 1740//351 1741//351 1739//351 1738//351
f 1760//1369 1765//1369 1772//1369 1766//1369
f 1765//1370 1761//1370 1767//1370 1772//1370
f 1774//1371 1762//1371 1758//1371 1768//1371
f 1775//1372 1763//1372 1759//1372 1769//1372
f 1768//1373 1758//1373 1763//1373 1775//1373
f 1769//1374 1759//1374 1764//1374 1776//1374
f 1770//1375 1760//1375 1766//1375 1777//1375
f 1778//1376 1767//1376 1761//1376 1771//1376
f 1779//1377 1765//1377 1760//1377 1770//1377
f 1771//1378 1761//1378 1765//1378 1779//1378
f 1782//104 1788//104 1794//104 1787//104
f 1787//107 1794//107 1789//107 1783//107
f 1796//462 1790//462 1780//462 1784//462
f 1797//1379 1791//1379 1781//1379 1785//1379
f 1790//1380 1797//1380 1785//1380 1780//1380
f 1791//471 1798//471 1786//471 1781//471
f 1792//940 1799//940 1788//940 1782//940
f 1800//947 1793//947 1783//947 1789//947
f 1801//1381 1792//1381 1782//1381 1787//1381
f 1793//1382 1801//1382 1787//1382 1783//1382
f 1766//1383 1772//1383 1794//1383 1788//1383
f 1776//1384 1764//1384 1786//1384 1798//1384
f 1772//1385 1767//1385 1789//1385 1794//1385
f 1771//1386 1779//1386 1801//1386 1793//1386
f 1769//1387 1776//1387 1798//1387 1791//1387
f 1777//1388 1766//1388 1788//1388 1799//1388
f 1758//1389 1762//1389 1784//1389 1780//1389
f 1774//1390 1768//1390 1790//1390 1796//1390
f 1770//1391 1777//1391 1799//1391 1792//1391
f 1763//1392 1758//1392 1780//1392 1785//1392
f 1762//1393 1774//1393 1796//1393 1784//1393
f 1778//1394 1771//1394 1793//1394 1800//1394
f 1759//1395 1763//1395 1785//1395 1781//1395
f 1775//1396 1769//1396 1791//1396 1797//1396
f 1767//1397 1778//1397 1800//1397 1789//1397
f 1764//1398 1759//1398 1781//1398 1786//1398
f 1779//1399 1770//1399 1792//1399 1801//1399
f 1768//1400 1775//1400 1797//1400 1790//1400
usemtl Material.004
f 1744//1356 1742//1356 1743//1356 1745//1356
f 1748//351 1749//351 1747//351 1746//351
f 1745//1361 1743//1361 1747//1361 1749//1361
f 1743//1362 1742//1362 1746//1362 1747//1362
f 1744//1363 1745//1363 1749//1363 1748//1363
f 1742//1364 1744//1364 1748//1364 1746//1364
f 1753//1351 1750//1351 1751//1351 1752//1351
f 1757//350 1756//350 1755//350 1754//350
f 1750//1365 1753//1365 1757//1365 1754//1365
f 1752//1366 1751//1366 1755//1366 1756//1366
f 1753//1367 1752//1367 1756//1367 1757//1367
f 1751//1368 1750//1368 1754//1368 1755//1368
l 181 1117
l 1117 363
l 1773 1795
